Season,Name,Tm,PA,BB%,K%,BB/K,AVG,OBP,SLG,OPS,ISO,BABIP,wRC,wRAA,wOBA,wRC+,playerId
2023,"Miguel Cabrera","DET",275,0.09090909,0.19636364,0.46296296,0.24696356,0.31636364,0.33198381,0.64834745,0.08502025,0.30569948,26.868518630994902,-6.538756747709169,0.28964690923690795,83.13909659710934,1744
2023,"David Peralta","LAD",327,0.04587156,0.16513761,0.27777778,0.27124183,0.30275229,0.39869281,0.7014451,0.12745098,0.304,34.99926980598087,-4.725017644332696,0.3009005609465523,88.92141125736875,2136
2023,"Carlos Santana","2 Tms",489,0.10224949,0.17382413,0.58823529,0.22706422,0.30470348,0.41055046,0.71525394,0.18348624,0.24107143,56.23766181490103,-3.1665478585036575,0.31052104814896064,93.19317735985037,2396
2023,"Tommy Pham","2 Tms",337,0.09792285,0.22551929,0.43421053,0.26421405,0.33531157,0.47491639,0.81022796,0.21070234,0.30841121,48.434138900514824,7.4950414364301965,0.34514896766770453,121.1578460560632,2967
2023,"Anthony Rizzo","NYY",421,0.08313539,0.2304038,0.36082474,0.24396783,0.32779097,0.37801609,0.70580706,0.13404826,0.29811321,49.124487129438585,-2.019014450322921,0.3125476861283893,98.58594093444566,3473
2023,"Mike Moustakas","2 Tms",313,0.07028754,0.23642173,0.2972973,0.26501767,0.31948882,0.44522968,0.7647185,0.18021201,0.31188119,40.204391617834716,2.1808381868006257,0.3266887968549362,98.63877999717774,4892
2023,"Jason Heyward","LAD",274,0.11313869,0.18613139,0.60784314,0.24786325,0.33948339,0.45726496,0.79674835,0.20940171,0.26857143,38.72669452654469,5.440900149217725,0.3422910178149188,116.66621575323923,4940
2023,"Giancarlo Stanton","NYY",307,0.09771987,0.26384365,0.37037037,0.19343066,0.27687296,0.42335766,0.70023062,0.229927,0.19886364,32.068071387878604,-5.22659603489285,0.29779370638884994,88.33673966889745,4949
2023,"Justin Turner","BOS",493,0.0872211,0.168357,0.51807229,0.28767123,0.35699797,0.48401826,0.84101623,0.19634703,0.31176471,77.46452338997635,17.574389711063226,0.3613419420337097,126.04204659267762,5235
2023,"Robbie Grossman","TEX",329,0.10638298,0.24620061,0.43209877,0.23076923,0.31306991,0.38811189,0.7011818,0.15734266,0.28571429,36.57095746826877,-3.396291984799004,0.3058791088115843,93.11787578680418,5254
2023,"Aaron Hicks","2 Tms",231,0.11688312,0.23809524,0.49090909,0.2364532,0.32467532,0.37931034,0.70398566,0.14285714,0.28873239,26.70252322516449,-1.3595880929469275,0.311232742809114,97.3094959587178,5297
2023,"Brandon Crawford","SFG",270,0.08148148,0.26666667,0.30555556,0.19421488,0.26394052,0.31818182,0.58212234,0.12396694,0.24550898,18.853539301450105,-13.946331070368437,0.25601543953169636,58.84888376491031,5343
2023,"Freddie Freeman","LAD",566,0.10070671,0.16784452,0.6,0.3326572,0.40989399,0.57200811,0.9819021,0.23935091,0.37105263,112.88095514733865,44.12270836789682,0.4123848981660401,163.65146679513126,5361
2023,"Jose Altuve","HOU",258,0.13178295,0.17054264,0.77272727,0.31674208,0.41085271,0.51131222,0.92216493,0.19457014,0.36094675,48.46178875681562,17.11969040152235,0.39838986202727916,158.0146858767509,5417
2023,"Wilmer Flores","SFG",337,0.08011869,0.14243323,0.5625,0.30363036,0.36607143,0.54455446,0.91062589,0.2409241,0.30962343,59.86123132718929,18.922133863104662,0.3860758117775419,146.030806208946,5827
2023,"Jean Segura","MIA",326,0.06441718,0.14417178,0.44680851,0.2192691,0.27469136,0.27906977,0.55376113,0.05980067,0.25099602,20.67371514547417,-18.92909130346229,0.2482799727112147,54.28892861744911,5933
2023,"Eduardo Escobar","2 Tms",235,0.06382979,0.22978723,0.27777778,0.23041475,0.27777778,0.359447,0.63722478,0.12903225,0.28125,20.468480260099344,-8.079555063520496,0.2767626816390926,73.89698877180582,6153
2023,"J.D. Martinez","LAD",390,0.07179487,0.31282051,0.2295082,0.25641026,0.30927835,0.54700855,0.8562869,0.29059829,0.30805687,59.33350542113365,11.95591488406243,0.3553196256474931,125.39953750220518,6184
2023,"Martin Maldonado","HOU",326,0.07361963,0.33742331,0.21818182,0.1799308,0.25,0.3183391,0.5683391,0.1384083,0.24852071,21.69460151924524,-17.90820492969122,0.2520581176386604,56.3618758380856,6887
2023,"Salvador Perez","KCR",474,0.03797468,0.2278481,0.16666667,0.25284738,0.29746835,0.42596811,0.72343646,0.17312073,0.29022082,52.81368898371537,-4.768305669032731,0.3061968456221442,90.09367886672976,7304
2023,"Miguel Rojas","LAD",325,0.06461538,0.11384615,0.56756757,0.21621622,0.27076923,0.29054054,0.56130977,0.07432432,0.23371648,21.173720541079472,-18.30760490647988,0.2503715263880216,55.050845642448806,7802
2023,"Charlie Blackmon","COL",277,0.09386282,0.12635379,0.74285714,0.27615063,0.36462094,0.46025105,0.82487199,0.18410042,0.295,42.573755513729736,8.923518132271452,0.35720013001335227,110.09681437792864,7859
2023,"Donovan Solano","MIN",344,0.09883721,0.22674419,0.43589744,0.28,0.36918605,0.39666667,0.76585272,0.11666667,0.3652968,47.848551022540086,6.059086548815717,0.33958407567471877,117.9869706715314,8623
2023,"Elvis Andrus","CHW",327,0.06727829,0.17431193,0.38596491,0.23825503,0.29754601,0.33557047,0.63311648,0.09731544,0.28033473,29.17825574863193,-10.546031701681638,0.2794237545820383,74.22141649061768,8709
2023,"Paul Goldschmidt","STL",559,0.11985689,0.21824687,0.54918033,0.27777778,0.36738351,0.4526749,0.82005841,0.17489712,0.33236994,85.237716838511,17.329837068708912,0.3557362284746256,127.45282892100379,9218
2023,"Starling Marte","NYM",341,0.04692082,0.20234604,0.23188406,0.24761905,0.30088496,0.32380952,0.62469448,0.07619047,0.30290456,30.01383425893138,-11.41118721066167,0.2779602618259791,77.77394014381318,9241
2023,"Yan Gomes","CHC",312,0.04807692,0.20512821,0.234375,0.27272727,0.31410256,0.43356643,0.74766899,0.16083916,0.31506849,38.03220280751824,0.13013037786125273,0.31883685822655533,99.61904701612131,9627
2023,"Christian Vazquez","MIN",278,0.07194245,0.21582734,0.33333333,0.23137255,0.28880866,0.32156863,0.61037729,0.09019608,0.28645833,22.629195027249203,-11.142523355586183,0.2699768545402997,69.63266684730387,9774
2023,"Nolan Arenado","STL",519,0.06743738,0.17148362,0.39325843,0.28270042,0.33140655,0.50632911,0.83773566,0.22362869,0.29508197,77.5889868901815,14.540347175463642,0.3521343968446972,125.03845319383508,9777
2023,"Andrew McCutchen","PIT",437,0.15789474,0.2173913,0.72631579,0.25761773,0.37757437,0.40443213,0.7820065,0.1468144,0.31395349,63.432124990642684,10.344927388847493,0.3468940904654494,117.56772907610772,9847
2023,"DJ LeMahieu","NYY",418,0.09569378,0.22966507,0.41666667,0.2386059,0.31578947,0.36997319,0.68576266,0.13136729,0.2962963,44.76292524350826,-6.0161333321219255,0.30096924777787465,90.54270466259811,9874
2023,"Christian Bethancourt","TBR",281,0.04626335,0.25622776,0.18055556,0.23106061,0.26428571,0.37878788,0.64307359,0.14772727,0.28342246,24.313130142905315,-9.823031244061387,0.2761583719934736,77.58901194332228,10028
2023,"Mike Trout","LAA",362,0.12430939,0.28729282,0.43269231,0.26298701,0.36740331,0.49025974,0.85766305,0.22727273,0.33510638,58.90278847401826,14.926665975505996,0.36808136055866875,134.54014974942427,10155
2023,"Randal Grichuk","2 Tms",347,0.06051873,0.2074928,0.29166667,0.26875,0.31988473,0.45,0.76988473,0.18125,0.31380753,45.19432146259859,3.040413984742905,0.3286808252334595,94.33721508214703,10243
2023,"Brandon Belt","TOR",356,0.15449438,0.34831461,0.44354839,0.25503356,0.37078652,0.46979866,0.84058518,0.2147651,0.38271605,56.624850059057536,13.377613568807899,0.3636700997889881,133.96181557617078,10264
2023,"Marcell Ozuna","ATL",443,0.09706546,0.23250564,0.41747573,0.26196474,0.33408578,0.51889169,0.85297747,0.25692695,0.28358209,69.6540171655644,15.837933555506558,0.3614670460310457,125.40826499359841,10324
2023,"Enrique Hernandez","2 Tms",403,0.06451613,0.19354839,0.33333333,0.23450135,0.28784119,0.34231806,0.63015925,0.10781671,0.27681661,35.31093976137602,-13.645903793597586,0.2774813976832122,68.63168961327777,10472
2023,"Jurickson Profar","COL",470,0.09574468,0.1787234,0.53571429,0.23728814,0.31769723,0.36561743,0.68331466,0.12832929,0.27607362,50.70692761381358,-6.389143033426102,0.3019329112475869,73.0501544542837,10815
2023,"Adam Duvall","BOS",245,0.06938776,0.29387755,0.23611111,0.25909091,0.32244898,0.54090909,0.86335807,0.28181818,0.31386861,38.38333565195168,8.62049031456078,0.3607843393673662,125.65469470156417,10950
2023,"Kevin Kiermaier","TOR",314,0.07006369,0.2133758,0.32835821,0.27017544,0.32907348,0.41754386,0.74661734,0.14736842,0.3317757,39.64597019166107,1.5009357592498753,0.3241006730082698,106.47397662034622,11038
2023,"Whit Merrifield","TOR",484,0.05785124,0.16735537,0.34567901,0.29175947,0.33471074,0.4142539,0.74896464,0.12249443,0.33240997,61.75746448336702,2.9606598168478606,0.32571375062150404,107.59453916732338,11281
2023,"Yasmani Grandal","CHW",366,0.08743169,0.2295082,0.38095238,0.2347561,0.30874317,0.3445122,0.65325537,0.1097561,0.28991597,35.819106533182996,-8.642939970837695,0.2898432115985923,81.45953894473763,11368
2023,"Gary Sanchez","2 Tms",235,0.08510638,0.24680851,0.34482759,0.20952381,0.28510638,0.47142857,0.75653495,0.26190476,0.20289855,29.093038306133725,0.5450029825138818,0.3211316692068222,104.62212616659922,11442
2023,"Mark Canha","2 Tms",376,0.1037234,0.15425532,0.67241379,0.24137931,0.33866667,0.37617555,0.71484222,0.13479624,0.26923077,44.95641267974939,-0.720443838042353,0.3160540037614139,102.04907752913397,11445
2023,"Christian Yelich","MIL",541,0.11460259,0.2051756,0.55855856,0.28571429,0.3715342,0.45378151,0.82531571,0.16806722,0.34383954,82.85348659925214,17.132264854237942,0.3565400734126011,124.06919387109028,11477
2023,"Michael A. Taylor","MIN",334,0.05688623,0.34131737,0.16666667,0.22330097,0.27409639,0.43042071,0.7045171,0.20711974,0.29050279,35.94711381446893,-4.627540645484381,0.3016180320676551,91.61295979075426,11489
2023,"Manny Machado","SDP",484,0.09090909,0.17975207,0.50574713,0.25,0.31818182,0.45833333,0.77651515,0.20833333,0.25688073,64.47090497443395,5.674100307914797,0.33247759716569886,112.16333617496154,11493
2023,"Bryce Harper","PHI",406,0.12561576,0.22906404,0.5483871,0.29885057,0.39162562,0.4683908,0.86001642,0.16954023,0.37398374,67.1283045126328,17.807017953527875,0.3712492853551362,132.96002938238794,11579
2023,"Willson Contreras","STL",423,0.10165485,0.22931442,0.44329897,0.25753425,0.35308057,0.43287671,0.78595728,0.17534246,0.3151751,60.4841030678299,9.09763948531418,0.34428185111538495,119.77474357237496,11609
2023,"Brandon Drury","LAA",376,0.04255319,0.2606383,0.16326531,0.26495726,0.30319149,0.48717949,0.79037098,0.22222223,0.31380753,50.67471031325187,4.997853795460123,0.3343703372681395,111.12198945154348,11615
2023,"Elias Diaz","COL",423,0.06619385,0.21276596,0.31111111,0.27061856,0.31990521,0.42525773,0.74516294,0.15463917,0.3183391,52.61605981329767,1.2295962307819512,0.3218406975551804,86.39471938156494,11680
2023,"Nick Castellanos","PHI",533,0.04690432,0.27954972,0.16778523,0.2754491,0.31015038,0.46506986,0.77522024,0.18962076,0.34925373,70.13646645458412,5.387092720586773,0.33052765157886016,105.66354962937756,11737
2023,"J.T. Realmuto","PHI",434,0.06682028,0.26497696,0.25217391,0.25,0.31018519,0.45408163,0.76426682,0.20408163,0.31203008,54.80367290949097,2.0809183118270917,0.32411839911987733,101.3673067296027,11739
2023,"Joc Pederson","SFG",322,0.13664596,0.20807453,0.65671642,0.24074074,0.35403727,0.42592593,0.7799632,0.18518519,0.27319588,44.83996921906918,5.723086775641144,0.3397770367562771,114.99586340924397,11899
2023,"Jon Berti","MIA",343,0.04956268,0.18658892,0.265625,0.28125,0.31671554,0.365625,0.68234054,0.084375,0.33984375,35.394688631615054,-6.27329484073221,0.29626781961559195,86.45608818212823,12037
2023,"Max Kepler","MIN",359,0.07520891,0.22005571,0.34177215,0.24307692,0.30640669,0.47384615,0.78025284,0.23076923,0.25764192,47.81728524211058,4.205605747729623,0.33246725947079886,113.04310583427578,12144
2023,"Eddie Rosario","ATL",401,0.06733167,0.24688279,0.27272727,0.26344086,0.3125,0.48924731,0.80174731,0.22580645,0.30708661,55.96091198451342,7.247030432294031,0.3401375725155785,111.11071629611673,12155
2023,"Xander Bogaerts","SDP",519,0.09248555,0.16763006,0.55172414,0.26293103,0.33526012,0.39655172,0.73181184,0.13362069,0.29508197,64.52168323847329,1.4730435237554291,0.3217579179186812,104.97773283859799,12161
2023,"Jace Peterson","2 Tms",366,0.1147541,0.24043716,0.47727273,0.21202532,0.30958904,0.30379747,0.61338651,0.09177215,0.27111111,31.875397505595426,-12.586648998425266,0.27697917186852655,77.38923176631214,12325
2023,"Marcus Semien","TEX",588,0.09693878,0.13945578,0.69512195,0.2791587,0.34923339,0.46271511,0.8119485,0.18355641,0.29742389,86.48978893402052,15.058960124282367,0.3492320891940146,123.23404981204821,12533
2023,"C.J. Cron","2 Tms",274,0.0620438,0.23357664,0.265625,0.2519685,0.29927007,0.44094488,0.74021495,0.18897638,0.28888889,33.013244284976246,-0.2725500923507189,0.3171335634959005,85.86510631719236,12546
2023,"Eugenio Suarez","SEA",549,0.10018215,0.30236794,0.3313253,0.23404255,0.32664234,0.3893617,0.71600404,0.15531915,0.31186441,65.21381419480142,-1.479255561229618,0.3150828599277204,104.36989289661831,12552
2023,"George Springer","TOR",526,0.08365019,0.18250951,0.45833333,0.25738397,0.32571429,0.39662447,0.72233876,0.1392405,0.29315068,63.28462858938268,-0.6143781349749268,0.31692446799505325,101.48885594092816,12856
2023,"Francisco Lindor","NYM",542,0.09594096,0.20848708,0.46017699,0.25527426,0.33826248,0.47046414,0.80872662,0.21518988,0.28571429,78.94982730866197,13.107124562270663,0.34750973594387,124.39426541174362,12916
2023,"Brandon Nimmo","NYM",546,0.11355311,0.21794872,0.5210084,0.26495726,0.36029412,0.44017094,0.80046506,0.17521368,0.31641791,80.41375481415079,14.085128062251066,0.3494570505093126,125.69958712109293,12927
2023,"Javier Baez","DET",460,0.04130435,0.22826087,0.18095238,0.22325581,0.26579521,0.32790698,0.59370219,0.10465117,0.275,33.77906513185876,-22.102195501609867,0.260364577920868,62.79743201028176,12979
2023,"Teoscar Hernandez","SEA",531,0.05461394,0.30696798,0.17791411,0.2586558,0.30508475,0.43380855,0.7388933,0.17515275,0.34394904,63.387800721463,-1.1186110097801334,0.31579207799385084,104.86256801406162,13066
2023,"Josh Bell","2 Tms",478,0.10878661,0.21548117,0.50485437,0.24586288,0.32845188,0.42553191,0.75398379,0.17966903,0.28289474,61.69621470244152,3.6282960441849865,0.3275325224584503,107.5171407437033,13145
2023,"Orlando Arcia","ATL",402,0.07711443,0.18905473,0.40789474,0.27717391,0.3358209,0.4375,0.7733209,0.16032609,0.31541219,54.63624099459098,5.800878440994489,0.3357431643934392,108.16506158610548,13185
2023,"Max Muncy","LAD",429,0.15850816,0.26806527,0.59130435,0.19546742,0.33100233,0.47025496,0.80125729,0.27478754,0.18867925,60.49760287944969,8.382253288671343,0.34190705930485443,116.40884111661369,13301
2023,"Christian Walker","ARI",521,0.09980806,0.19577735,0.50980392,0.27173913,0.34740883,0.52826087,0.8756697,0.25652174,0.28955224,85.17601201269044,21.88441029521837,0.36901124299262944,131.1182318356306,13419
2023,"Jose Ramirez","CLE",530,0.10188679,0.1,1.01886792,0.28144989,0.35283019,0.48400853,0.83683872,0.20255864,0.28039702,77.54797890887009,13.163048179004061,0.3482976293100894,122.4754660199686,13510
2023,"Patrick Wisdom","CHC",265,0.10566038,0.38490566,0.2745098,0.19742489,0.28787879,0.49356223,0.78144102,0.29613734,0.23214286,34.869950359611515,2.6774849946784984,0.33052355096195685,107.45285774641155,13602
2023,"Mookie Betts","LAD",544,0.13051471,0.15992647,0.81609195,0.3030303,0.39889706,0.5995671,0.99846416,0.2965368,0.30635838,111.02373809487918,44.93807334573367,0.417996747216103,167.41319513868402,13611
2023,"Ketel Marte","ARI",519,0.10211946,0.16763006,0.6091954,0.27292576,0.35260116,0.47598253,0.82858369,0.20305677,0.29661017,78.92042441762757,15.871784702909714,0.35522947943187544,121.88005558603069,13613
2023,"Jeimer Candelario","2 Tms",493,0.09127789,0.21298174,0.42857143,0.27020785,0.35365854,0.49422633,0.84788487,0.22401848,0.31730769,78.19509002853631,18.304956349623193,0.36317143821424963,127.74685792318456,13621
2023,"Corey Seager","TEX",377,0.1061008,0.16976127,0.625,0.34337349,0.41114058,0.65060241,1.06174299,0.30722892,0.36546185,83.69257529468278,37.89423777551392,0.43960288888023746,186.01226496917158,13624
2023,"Chris Taylor","LAD",285,0.09473684,0.32631579,0.29032258,0.21825397,0.30035336,0.42063492,0.72098828,0.20238095,0.28571429,32.60814549202523,-2.0139399004499006,0.3098081439415331,94.8923322721441,13757
2023,"Travis Jankowski","TEX",252,0.12301587,0.13888889,0.88571429,0.27777778,0.37051793,0.35648148,0.72699941,0.0787037,0.32417582,32.48273819978571,1.869525852755068,0.32728420595723795,107.98743319621849,13768
2023,"Joey Wendle","MIA",266,0.04135338,0.22556391,0.18333333,0.23076923,0.2661597,0.32793522,0.59409492,0.09716599,0.2962963,19.171426559745502,-13.142519806564614,0.25872411020808345,61.289831117756535,13853
2023,"Eric Haase","2 Tms",283,0.0565371,0.27915194,0.20253165,0.2,0.24468085,0.28301887,0.52769972,0.08301887,0.26775956,14.227237636934031,-20.151885752786885,0.23241693014776155,43.45086707181578,14111
2023,"Joey Gallo","MIN",313,0.14376997,0.42811502,0.3358209,0.18045113,0.30351438,0.44736842,0.7508828,0.26691729,0.25,39.321513010330484,1.2979595792963934,0.32333671473539793,106.7003568059287,14128
2023,"Daniel Vogelbach","NYM",280,0.13571429,0.25357143,0.53521127,0.22406639,0.33214286,0.39004149,0.72218435,0.1659751,0.27044025,34.20890423990585,0.194223854316245,0.3191705358925686,105.39796470664943,14130
2023,"Byron Buxton","MIN",347,0.10086455,0.31412104,0.32110092,0.20723684,0.29394813,0.4375,0.73144813,0.23026316,0.25274725,40.16824244721301,-1.9856650306426706,0.3114297424537548,98.42889666214013,14161
2023,"Carlos Correa","MIN",487,0.10061602,0.22997947,0.4375,0.22916667,0.3100616,0.40046296,0.71052456,0.17129629,0.27272727,54.829213467634645,-4.332034203015835,0.3076016294562127,95.76960735364774,14162
2023,"Jorge Soler","MIA",513,0.10721248,0.24756335,0.43307087,0.23830735,0.32617188,0.50334076,0.82951264,0.26503341,0.25342466,76.46957490761196,14.14982120115672,0.3516112859342612,123.55385827967953,14221
2023,"Matt Olson","ATL",563,0.14742451,0.25044405,0.58865248,0.26793249,0.37833037,0.592827,0.97115737,0.32489451,0.28668942,108.03159827706459,39.637794501754065,0.4032751491477898,153.43302565295178,14344
2023,"Joey Meneses","WSN",516,0.06395349,0.1879845,0.34020619,0.28183716,0.32945736,0.41544885,0.74490621,0.13361169,0.33243968,65.08049420392122,2.3962974933346803,0.3239365164623704,101.19889488425042,14366
2023,"Harold Ramirez","TBR",342,0.05555556,0.17836257,0.31147541,0.3047619,0.34795322,0.44444444,0.79239766,0.13968254,0.34939759,48.35014866706197,6.8036461960918215,0.3423349365853427,123.56012899365618,14387
2023,"Anthony Santander","BAL",503,0.09145129,0.2306163,0.39655172,0.25,0.32270916,0.47321429,0.79592345,0.22321429,0.28434505,69.97390265772326,8.86895896503908,0.3396063972851949,116.84194522460265,14551
2023,"Harold Castro","COL",241,0.02489627,0.2406639,0.10344828,0.26724138,0.28333333,0.33189655,0.61522988,0.06465517,0.34857143,19.271259095107734,-10.005662236774745,0.2682440511882305,50.46787566938966,14691
2023,"Manuel Margot","TBR",280,0.06071429,0.18214286,0.33333333,0.24902724,0.3,0.3540856,0.6540856,0.10505836,0.2961165,26.743524026867036,-7.271156358722566,0.28700337686708993,85.12275128943688,14712
2023,"Kyle Farmer","MIN",278,0.05755396,0.24100719,0.23880597,0.24901186,0.30935252,0.38339921,0.69275173,0.13438735,0.30939227,30.325194456572493,-3.4465239262628953,0.3033762831482098,92.8343705231873,14813
2023,"Mike Yastrzemski","SFG",285,0.10175439,0.25964912,0.39189189,0.23320158,0.31448763,0.43873518,0.75322281,0.2055336,0.28571429,35.45082594244281,0.828740549967682,0.3218419217637607,102.9736172992082,14854
2023,"Tony Kemp","OAK",343,0.09912536,0.09037901,1.09677419,0.21355932,0.30267062,0.30508475,0.60775537,0.09152543,0.22727273,29.358241320293615,-12.309742152053648,0.27503507674978467,76.96673997447886,14894
2023,"Ryan McMahon","COL",509,0.11198428,0.3064833,0.36538462,0.25167038,0.33595285,0.4610245,0.79697735,0.20935412,0.33576642,71.89367828485247,10.059848583905675,0.34217838881283824,100.02745771145621,15112
2023,"Trey Mancini","CHC",263,0.07984791,0.29657795,0.26923077,0.23404255,0.29885057,0.33617021,0.63502078,0.10212766,0.32692308,23.564670691008573,-8.38483267117023,0.2798693888462507,73.49841676809761,15149
2023,"Tim Anderson","CHW",402,0.05472637,0.2238806,0.24444444,0.24,0.28606965,0.28533333,0.57140298,0.04533333,0.31118881,28.21891729712747,-20.616445256469028,0.25645989135130126,58.26902532285711,15172
2023,"Jake Bauers","NYY",236,0.1059322,0.34322034,0.30864198,0.20673077,0.28813559,0.43269231,0.7208279,0.22596154,0.26890756,26.736870351519137,-1.9326459734778134,0.3084536063469062,95.7418915038246,15194
2023,"Adam Frazier","BAL",373,0.06970509,0.12064343,0.57777778,0.23809524,0.29891304,0.41071429,0.70962733,0.17261905,0.23928571,41.89780319679005,-3.414610316870384,0.30728902683957765,94.39191886440969,15223
2023,"Mike Tauchman","CHC",287,0.13240418,0.20209059,0.65517241,0.26748971,0.36713287,0.40740741,0.77454028,0.1399177,0.32044199,40.5306030963103,5.665555701080962,0.3421502369683939,115.24644483363234,15274
2023,"Garrett Cooper","2 Tms",362,0.06077348,0.29005525,0.20952381,0.25519288,0.3038674,0.43026706,0.73413446,0.17507418,0.32876712,43.40251660513992,-0.5736058933723409,0.31642193754733594,100.1164250178515,15279
2023,"Jeff McNeil","NYM",525,0.0647619,0.10285714,0.62962963,0.26595745,0.33460803,0.35319149,0.68779952,0.08723404,0.28813559,58.901457698331726,-4.876068024648771,0.3071282067216833,97.3257641609124,15362
2023,"Kris Bryant","COL",275,0.09090909,0.17454545,0.52083333,0.25102881,0.33576642,0.37860082,0.71436724,0.12757201,0.28342246,33.33348261505246,-0.07379276365160878,0.3180099129676819,83.82687216538281,15429
2023,"Hunter Renfroe","LAA",483,0.07246377,0.22774327,0.31818182,0.24208145,0.30020704,0.42986425,0.73007129,0.1877828,0.2807571,56.999916500370055,-1.6754071647720088,0.31414868853847433,97.07454249754444,15464
2023,"J.P. Crawford","SEA",477,0.15303983,0.19077568,0.8021978,0.26010101,0.37763713,0.40151515,0.77915228,0.14141414,0.31313131,69.0585014458922,11.11206378901278,0.3464394039129858,126.15245841253343,15491
2023,"Amed Rosario","2 Tms",473,0.04862579,0.17547569,0.27710843,0.26067416,0.29809725,0.37977528,0.67787253,0.11910112,0.30640669,47.92136438961854,-9.539149261752463,0.2940022437567439,84.70143967330536,15518
2023,"Aaron Judge","NYY",310,0.18064516,0.27741935,0.65116279,0.27888446,0.40645161,0.64541833,1.05186994,0.36653387,0.30496454,66.97799645389757,29.318886026994804,0.43243862990460363,181.87102295105632,15640
2023,"Dominic Smith","WSN",472,0.07415254,0.15466102,0.47945205,0.26525822,0.33474576,0.34976526,0.68451102,0.08450704,0.30747126,52.65341688413996,-4.685615765853941,0.3063567816200903,89.4148667968225,15653
2023,"Jose Abreu","HOU",469,0.06609808,0.22601279,0.29245283,0.23364486,0.28997868,0.34345794,0.63343662,0.10981308,0.28391167,41.36438458277603,-15.61020506308655,0.2781772740885743,74.5061661290704,15676
2023,"Rowdy Tellez","MIL",295,0.10169492,0.23728814,0.42857143,0.20992366,0.28813559,0.38167939,0.66981498,0.17175573,0.23497268,28.72967996924746,-7.107215436998726,0.2892669193166922,78.97472888010195,15679
2023,"Aledmys Diaz","OAK",292,0.05479452,0.19863014,0.27586207,0.22348485,0.28178694,0.32575758,0.60754452,0.10227273,0.26699029,22.776294631201278,-12.69615777091359,0.2658760739445274,70.60422187427889,15937
2023,"Willy Adames","MIL",495,0.0969697,0.26666667,0.36363636,0.2137931,0.29614604,0.4,0.69614604,0.1862069,0.25087108,53.74641386576582,-6.386681815901509,0.30276723045848203,88.02424226077328,15986
2023,"Cody Bellinger","CHC",400,0.0725,0.155,0.46774194,0.32033426,0.3675,0.55153203,0.91903203,0.23119777,0.33216783,70.7294881780854,22.137087627243112,0.38510333623119336,144.0387180218245,15998
2023,"J.D. Davis","SFG",451,0.09312639,0.29490022,0.31578947,0.24303797,0.32071269,0.40253165,0.72324434,0.15949368,0.3201581,53.74587012519382,-1.0420614958808643,0.315546022491625,98.7533571801516,16219
2023,"Trea Turner","PHI",558,0.06630824,0.23297491,0.28461538,0.2504817,0.30286738,0.40462428,0.70749166,0.15414258,0.30748663,61.94077792866892,-5.845620839756065,0.30569458179336656,89.01747422069069,16252
2023,"Michael Conforto","SFG",426,0.11032864,0.22769953,0.48453608,0.25135135,0.342723,0.40540541,0.74812841,0.15405406,0.29885057,54.47460820931491,2.7237016226678668,0.3260474620272198,105.79267031860988,16376
2023,"Thairo Estrada","SFG",386,0.04404145,0.24093264,0.1827957,0.28011204,0.32901554,0.43417367,0.76318921,0.15406163,0.3515625,50.528339906428876,3.636673374866072,0.329700392252439,108.24129839870294,16426
2023,"Ryan O'Hearn","BAL",254,0.0511811,0.23228346,0.22033898,0.30084746,0.33858268,0.50423729,0.84281997,0.20338983,0.35882353,38.90225770153195,8.0460833517471,0.3565518017342911,128.61347153756512,16442
2023,"Kyle Schwarber","PHI",566,0.17137809,0.29151943,0.58787879,0.18438178,0.33038869,0.44034707,0.77073576,0.25596529,0.19245283,75.52533257367558,6.767085794233752,0.3327582648518676,107.15877180975373,16478
2023,"Matt Chapman","TOR",507,0.11045365,0.2800789,0.3943662,0.25,0.33925049,0.43468468,0.77393517,0.18468468,0.33217993,69.10069765142391,7.5098299532313275,0.33620433032277075,114.88206867791455,16505
2023,"Isiah Kiner-Falefa","NYY",309,0.08414239,0.17799353,0.47272727,0.25270758,0.31818182,0.36101083,0.67919265,0.10830325,0.29223744,32.83912057810905,-4.698508847416614,0.29998854325189217,89.861435049499,16512
2023,"Mauricio Dubon","HOU",409,0.0391198,0.1393643,0.28070175,0.26614987,0.29828851,0.374677,0.67296551,0.10852713,0.29663609,40.90506796685963,-8.780661596376603,0.29243228546273153,84.40874720859259,16530
2023,"Danny Jansen","TOR",277,0.06859206,0.21299639,0.3220339,0.22,0.29602888,0.452,0.74802888,0.232,0.22727273,34.151367508188194,0.5011301267299149,0.32051633298397064,103.98402997803441,16535
2023,"Ozzie Albies","ATL",510,0.07058824,0.1627451,0.43373494,0.26695842,0.32677165,0.51422319,0.84099484,0.24726477,0.26628895,76.93802471062541,14.982714008301505,0.35377736112817004,120.25372405814454,16556
2023,"Connor Joe","PIT",362,0.10220994,0.25966851,0.39361702,0.25,0.3434903,0.43987342,0.78336372,0.18987342,0.3286385,50.9044112634591,6.9282887649468385,0.34142430865533463,113.90123108505297,16572
2023,"Yandy Diaz","TBR",483,0.10351967,0.16149068,0.64102564,0.32941176,0.4057971,0.50588235,0.91167945,0.17647059,0.37237237,89.13973766020186,30.464413995059804,0.39443012436477787,159.74928432284938,16578
2023,"Jonah Heim","TEX",381,0.07874016,0.18372703,0.42857143,0.27011494,0.32808399,0.45689655,0.78498054,0.18678161,0.30075188,51.79677017315386,5.512508648476586,0.3357895905235512,113.89589991502622,16930
2023,"Lane Thomas","WSN",542,0.05535055,0.2601476,0.21276596,0.286,0.33210332,0.476,0.80810332,0.19,0.35755814,78.0702275009601,12.227524754568798,0.3455517722011932,115.68800880027061,16939
2023,"Gleyber Torres","NYY",528,0.08901515,0.14204545,0.62666667,0.26483051,0.33017078,0.43432203,0.76449281,0.16949152,0.27604167,69.42973553845107,5.287766811339253,0.33041616601328694,110.99870344888258,16997
2023,"Edmundo Sosa","PHI",235,0.0212766,0.24255319,0.0877193,0.25570776,0.29613734,0.43378995,0.72992729,0.17808219,0.30967742,27.6345982757508,-0.9134370478690416,0.3136441229239042,94.34620169040882,17022
2023,"Alex Verdugo","BOS",489,0.08384458,0.14928425,0.56164384,0.2739726,0.34151329,0.42922374,0.77073703,0.15525114,0.30833333,65.7151269174914,6.310917244086713,0.3339041510566336,106.98173561417849,17027
2023,"Ramon Laureano","2 Tms",284,0.06690141,0.29225352,0.22891566,0.20769231,0.27464789,0.34615385,0.62080174,0.13846154,0.28070175,23.9498815477095,-10.550722843388522,0.27351253805026204,75.18856562920648,17128
2023,"Yoan Moncada","CHW",244,0.04918033,0.28278689,0.17391304,0.23144105,0.27459016,0.34934498,0.62393514,0.11790393,0.31210191,20.366382336327415,-9.27498199968638,0.2724728103055329,69.39277851407275,17232
2023,"Jorge Mateo","BAL",303,0.05610561,0.23432343,0.23943662,0.20938628,0.25503356,0.3465704,0.60160396,0.13718412,0.25247525,22.354155821395665,-14.454587595867364,0.2607788113539651,62.08249674025106,17273
2023,"Willi Castro","MIN",315,0.07619048,0.24761905,0.30769231,0.24100719,0.32165605,0.3705036,0.69215965,0.12949641,0.31472081,34.838560981222784,-3.4279544525655137,0.30520430350075134,94.10424813190507,17338
2023,"Rafael Devers","BOS",514,0.08754864,0.19066148,0.45918367,0.27015251,0.34241245,0.52069717,0.86310962,0.25054466,0.28358209,81.498774258389,19.057539550556665,0.3630660882615668,127.23976558189287,17350
2023,"Jose Siri","TBR",313,0.05111821,0.36421725,0.14035088,0.22680412,0.26688103,0.51546392,0.78234495,0.2886598,0.26923077,40.04335414225191,2.01980071121782,0.3261190924997115,112.2954090565002,17452
2023,"Eloy Jimenez","CHW",356,0.06179775,0.21067416,0.29333333,0.27409639,0.31741573,0.44578313,0.76319886,0.17168674,0.31428571,45.83637327577594,2.58913678552631,0.3271081843846281,107.34653438473427,17484
2023,"Taylor Ward","LAA",409,0.09535452,0.19559902,0.4875,0.25280899,0.33496333,0.42134831,0.75631164,0.16853932,0.28358209,53.38312191138122,3.6973923481449855,0.3292402970470251,107.5582855794518,17548
2023,"Myles Straw","CLE",429,0.08391608,0.19347319,0.43373494,0.24093264,0.30516432,0.30310881,0.60827313,0.06217617,0.30163934,36.16102651947666,-15.954323071301694,0.2734653265543387,70.49143556527623,17620
2023,"Alex Bregman","HOU",566,0.12897527,0.13074205,0.98648649,0.25614754,0.35689046,0.43032787,0.78721833,0.17418033,0.26582278,81.1556953115027,12.397448532060869,0.34475985385675345,120.75933123235887,17678
2023,"Kevin Newman","CIN",253,0.06719368,0.13438735,0.5,0.25333333,0.31075697,0.36444444,0.67520141,0.11111111,0.27979275,25.9873004829389,-4.747392865468846,0.2956948527301925,76.7377029032979,17696
2023,"Andrew Benintendi","CHW",495,0.08282828,0.14747475,0.56164384,0.27578475,0.33874239,0.3632287,0.70197109,0.08744395,0.32171582,55.648049241540946,-4.485046440126377,0.3074021356516197,93.6572611731113,17901
2023,"Ian Happ","CHC",534,0.15168539,0.23220974,0.65322581,0.23820225,0.3576779,0.40224719,0.75992509,0.16404494,0.29581994,72.29278171637571,7.421926981001263,0.3351021560287117,110.5219831451699,17919
2023,"Cedric Mullins","BAL",334,0.10479042,0.21257485,0.49295775,0.24914676,0.32628399,0.4334471,0.75973109,0.18430034,0.29302326,43.298061560346206,2.7234071003928917,0.3281711592054799,108.89818641054048,17929
2023,"Ty France","SEA",532,0.06390977,0.17481203,0.3655914,0.25477707,0.33834586,0.38216561,0.72051147,0.12738854,0.29810298,65.64287664127362,1.0149839086533727,0.3206354489451961,108.22713029219832,17982
2023,"Tyler Stephenson","CIN",429,0.1002331,0.27039627,0.37068966,0.24146982,0.32400932,0.36220472,0.68621404,0.1207349,0.3203125,46.8905781862498,-5.224771404528557,0.3036400354718157,82.0635088626608,17988
2023,"Paul DeJong","3 Tms",355,0.05915493,0.29859155,0.19811321,0.21646341,0.27323944,0.37804878,0.65128822,0.16158537,0.27272727,32.881432096626355,-10.244323392246173,0.2835180677158732,78.25036030067663,18015
2023,"Harrison Bader","NYY",289,0.0449827,0.16955017,0.26530612,0.25373134,0.29166667,0.3880597,0.67972637,0.13432836,0.28240741,29.12374643540969,-5.984262962573864,0.29335140085054767,85.2507869734967,18030
2023,"Jake Cronenworth","SDP",518,0.08880309,0.18725869,0.4742268,0.22857143,0.31007752,0.37802198,0.6880995,0.14945055,0.26628895,55.25385335773872,-7.673305355602039,0.300461722603104,90.70249114663837,18036
2023,"LaMonte Wade Jr.","SFG",426,0.15492958,0.20187793,0.76744186,0.25641026,0.37825059,0.41310541,0.791356,0.15669515,0.30314961,62.86201714396238,11.111110557315351,0.3498014769474854,121.71543488365758,18126
2023,"Seth Brown","OAK",281,0.08185053,0.28113879,0.29113924,0.21653543,0.28214286,0.4015748,0.68371766,0.18503937,0.26506024,28.774059347614347,-5.362102039352358,0.2953114164727075,91.05217932152748,18171
2023,"Brian Anderson","MIL",355,0.10140845,0.30140845,0.3364486,0.22435897,0.30985915,0.36538462,0.67524377,0.14102565,0.30653266,37.24858721313707,-5.877168275735455,0.29835995301394397,85.06996100104591,18289
2023,"Dansby Swanson","CHC",484,0.10743802,0.24586777,0.43697479,0.25,0.33471074,0.43691589,0.77162663,0.18691589,0.3024055,65.73433085676551,6.937526190246346,0.3356269637415232,110.87377166096684,18314
2023,"Kyle Tucker","HOU",529,0.11342155,0.13232514,0.85714286,0.29295154,0.3721374,0.52202643,0.89416383,0.22907489,0.29427793,89.79053440854051,25.52708468005159,0.37655260353475006,142.84491735809624,18345
2023,"Austin Riley","ATL",559,0.07871199,0.23792487,0.33082707,0.27689243,0.33631485,0.50199203,0.83830688,0.2250996,0.31609195,84.46299776835828,16.55511799855618,0.35406417083397185,120.44597801756078,18360
2023,"Ryan Mountcastle","BAL",392,0.06632653,0.23979592,0.27659574,0.27247191,0.31969309,0.4747191,0.79441219,0.20224719,0.31746032,53.464616578406414,5.844064038580981,0.33632019880490427,114.55910966310488,18373
2023,"Ronald Acuna Jr.","ATL",582,0.11683849,0.12371134,0.94444444,0.33465347,0.41924399,0.56831683,0.98756082,0.23366336,0.34643735,120.01759153101334,49.315648729537806,0.4205641760908324,165.02218674832406,18401
2023,"Trent Grisham","SDP",459,0.13071895,0.291939,0.44776119,0.20769231,0.31868132,0.37179487,0.69047619,0.16410256,0.28163265,51.50758090424909,-4.252198727842433,0.3071567991277674,95.19032731265189,18564
2023,"Luis Arraez","MIA",516,0.0620155,0.05813953,1.06666667,0.35504202,0.39805825,0.45588235,0.8539406,0.10084033,0.36936937,83.66053462792875,20.9763379173422,0.367379111416006,134.1233293224204,18568
2023,"Ke'Bryan Hayes","PIT",385,0.05194805,0.2,0.25974026,0.25895317,0.2961039,0.42424242,0.72034632,0.16528925,0.3046595,43.61437901979808,-3.155806510387617,0.3084442897276445,91.79410189029895,18577
2023,"Ramon Urias","BAL",320,0.065625,0.253125,0.25925926,0.25684932,0.31875,0.38356164,0.70231164,0.12671232,0.34134615,36.21213593399605,-2.661784506677775,0.30829809308052064,95.09289061415248,18795
2023,"Andy Ibanez","DET",278,0.03956835,0.1942446,0.2037037,0.2481203,0.28057554,0.42481203,0.70538757,0.17669173,0.28078818,30.02044423136478,-3.7512741514706067,0.30205371504207307,91.75777792950484,18819
2023,"Josh Naylor","CLE",390,0.06153846,0.14615385,0.42105263,0.30555556,0.34615385,0.5,0.84615385,0.19444444,0.32423208,58.90854893599875,11.530958398927524,0.35400501041437255,126.44023340271214,18839
2023,"Brandon Lowe","TBR",334,0.11676647,0.27844311,0.41935484,0.21993127,0.31736527,0.42611684,0.74348211,0.20618557,0.26229508,42.0611952546863,1.486540794732984,0.32370334506748677,110.6172529198716,18882
2023,"Leody Taveras","TEX",427,0.05386417,0.22248244,0.24210526,0.25879397,0.29882353,0.41708543,0.71590896,0.15829146,0.31186441,48.11674097181313,-3.7556466162110103,0.3077221831153421,94.39821097907439,18900
2023,"Will Smith","LAD",427,0.12177986,0.16159251,0.75362319,0.27374302,0.37002342,0.46368715,0.83371057,0.18994413,0.29078014,66.32724667339626,14.454859085372119,0.3591754479867192,127.9841679959652,19197
2023,"Yuli Gurriel","MIA",289,0.07958478,0.13148789,0.60526316,0.25670498,0.31487889,0.36781609,0.68269498,0.11111111,0.28571429,29.791813563957113,-5.316195834026439,0.2961403530233828,86.37064491940113,19198
2023,"Lourdes Gurriel Jr.","ARI",458,0.05458515,0.16593886,0.32894737,0.25821596,0.30567686,0.46244131,0.76811817,0.20422535,0.27327327,59.05719424299749,3.418895612283081,0.32733980545068986,103.18508069067147,19238
2023,"Pete Alonso","NYM",509,0.09626719,0.21611002,0.44545455,0.22222222,0.32086614,0.5260771,0.84694324,0.30385488,0.20068027,78.5405224958082,16.706692794861407,0.35793332047246146,131.38139086947146,19251
2023,"Jake Fraley","CIN",327,0.10091743,0.18042813,0.55932203,0.26297578,0.34556575,0.46712803,0.81269378,0.20415225,0.28240741,48.103383755029746,8.379096304716185,0.349248583316803,112.63577935786373,19260
2023,"Stone Garrett","WSN",271,0.09594096,0.30258303,0.31707317,0.26923077,0.34328358,0.45726496,0.80054854,0.18803419,0.36486486,38.66160495598949,5.740253582793845,0.34388893264443127,114.57337605878908,19273
2023,"Adolis Garcia","TEX",528,0.10037879,0.26893939,0.37323944,0.25215517,0.33143939,0.50431034,0.83574973,0.25215517,0.28956229,80.11291167083573,15.970942943723916,0.3548271492349379,127.120790709392,19287
2023,"Randy Arozarena","TBR",526,0.11977186,0.23764259,0.504,0.26126126,0.36882129,0.43468468,0.80350597,0.17342342,0.31683168,79.03763838631394,15.138631661956335,0.353056850995401,131.00836063560232,19290
2023,"Nick Senzel","CIN",269,0.08921933,0.21933086,0.40677966,0.21900826,0.28996283,0.3677686,0.65773143,0.14876034,0.25,26.01680166422829,-6.661587706213146,0.2884561541355232,71.88546660273352,19293
2023,"Alex Call","WSN",394,0.11675127,0.18020305,0.64788732,0.19822485,0.30357143,0.29289941,0.59647084,0.09467456,0.23193916,33.289153443940556,-14.574361098639093,0.27370517412010503,67.52787798092098,19296
2023,"Matt Thaiss","LAA",291,0.12027491,0.25773196,0.46666667,0.22267206,0.32989691,0.34412955,0.67402646,0.12145749,0.28143713,31.542934006150322,-3.8080373945874433,0.30254565908991055,89.01422343734447,19318
2023,"Bryan Reynolds","PIT",494,0.08097166,0.20445344,0.3960396,0.26741573,0.32995951,0.46516854,0.79512805,0.19775281,0.30513595,69.08023799199815,9.06862331170793,0.3404815895596014,113.26930868108379,19326
2023,"Sean Murphy","ATL",366,0.10928962,0.23224044,0.47058824,0.27096774,0.37978142,0.52258065,0.90236207,0.25161291,0.31067961,65.49630386498058,21.034257360959874,0.3876706327571244,142.9730237764684,19352
2023,"Luke Raley","TBR",342,0.07017544,0.31578947,0.22222222,0.25165563,0.33431085,0.5,0.83431085,0.24834437,0.33146067,52.46907748301392,10.92257501204376,0.356865317066394,133.6540017415076,19354
2023,"Austin Hays","BAL",447,0.06487696,0.23713647,0.27358491,0.28087167,0.32662192,0.4527845,0.77940642,0.17191283,0.34782609,59.89406066106789,5.592053045501633,0.33342689863769465,112.54921021503222,19363
2023,"Zach McKinstry","DET",412,0.08737864,0.20873786,0.41860465,0.23913043,0.3097561,0.35326087,0.66301697,0.11413044,0.29136691,41.55525735463036,-8.49491521273719,0.29345765041141975,85.78631815752763,19392
2023,"Jake Rogers","DET",285,0.08421053,0.31929825,0.26373626,0.20703125,0.27561837,0.42578125,0.70139962,0.21875,0.25,30.429770706694548,-4.192314685780582,0.30058653826427123,90.73856885145992,19452
2023,"Tommy Edman","STL",395,0.06582278,0.16202532,0.40625,0.24089636,0.30102041,0.40896359,0.709984,0.16806723,0.26315789,43.96985940398616,-4.015136139970593,0.3060699423865589,94.1605798904661,19470
2023,"TJ Friedl","CIN",422,0.07109005,0.16587678,0.42857143,0.28042328,0.34375,0.44444444,0.78819444,0.16402116,0.31879195,59.20333364985365,7.938351068715029,0.3410289936755077,107.12603327413997,19522
2023,"Yordan Alvarez","HOU",342,0.12865497,0.21052632,0.61111111,0.27777778,0.38304094,0.55555556,0.9385965,0.27777778,0.2979798,63.33383967478862,21.787337203818463,0.3951930317555205,155.7939320567328,19556
2023,"Nathaniel Lowe","TEX",564,0.12056738,0.21808511,0.55284553,0.27959184,0.36879433,0.45102041,0.81981474,0.17142857,0.34366197,86.03269875717203,17.517413980484413,0.35580589911267424,127.80070247981877,19566
2023,"Chas McCormick","HOU",339,0.09734513,0.27728614,0.35106383,0.28378378,0.36982249,0.53378378,0.90360627,0.25,0.35326087,60.11853934211073,18.93647987527189,0.3857272094523413,149.21827452961818,19599
2023,"Bryan De La Cruz","MIA",504,0.06944444,0.24206349,0.28688525,0.25485961,0.30417495,0.41900648,0.72318143,0.16414687,0.30909091,58.34797550500234,-2.8784491890589408,0.3114432174690201,96.62844380336331,19600
2023,"Keibert Ruiz","WSN",439,0.06378132,0.09111617,0.7,0.25806452,0.3143508,0.41687345,0.73122425,0.15880893,0.25428571,52.72651748942336,-0.6036421151260489,0.31667470360455446,96.33116465681034,19610
2023,"Vladimir Guerrero Jr.","TOR",536,0.09328358,0.15298507,0.6097561,0.26793249,0.34514925,0.43459916,0.77974841,0.16666667,0.28835979,73.65812608028364,8.544309342154971,0.3375659447449904,115.82794636690197,19611
2023,"Bo Bichette","TOR",490,0.04081633,0.18571429,0.21978022,0.31837607,0.34897959,0.4957265,0.84470609,0.17735043,0.36490251,77.42369596238319,17.898005287601382,0.36240206324324314,133.08094397414587,19612
2023,"Brent Rooker","OAK",405,0.09135802,0.31604938,0.2890625,0.24507042,0.32839506,0.47042254,0.7988176,0.22535212,0.31428571,57.10702028454792,7.907214726820105,0.341888883768922,123.40831950782936,19627
2023,"Edward Olivares","KCR",308,0.05194805,0.16883117,0.30769231,0.24647887,0.2987013,0.40140845,0.70010975,0.15492958,0.28070175,33.15564569344478,-4.260502730703776,0.30164470851227204,86.93142907032954,19698
2023,"Fernando Tatis Jr.","SDP",491,0.07739308,0.21181263,0.36538462,0.26067416,0.32172131,0.46067416,0.78239547,0.2,0.29721362,66.8466493046135,7.1994776284545905,0.3360240819757102,114.5406118840524,19709
2023,"Josh Rojas","2 Tms",270,0.07407407,0.23333333,0.31746032,0.24166667,0.29811321,0.32916667,0.62727988,0.0875,0.31284916,23.58604968607598,-9.213820685742558,0.27745376173055397,71.54658052175259,19734
2023,"Shohei Ohtani","LAA",556,0.13848921,0.24460432,0.56617647,0.30406852,0.40363636,0.66381156,1.06744792,0.35974304,0.33793103,121.26859864292967,53.72516187725889,0.43491303719831315,180.96635589081478,19755
2023,"Luis Rengifo","LAA",392,0.10204082,0.19132653,0.53333333,0.24127907,0.32908163,0.39825581,0.72733744,0.15697674,0.27692308,48.03817211728963,0.41761957746419404,0.31961898247198184,100.87461166505005,19858
2023,"Emmanuel Rivera","ARI",238,0.06302521,0.21428571,0.29411765,0.26696833,0.31092437,0.37556561,0.68648998,0.10859728,0.32738095,25.267841324441985,-3.6446370033091746,0.29985815862647625,84.7636141002627,19890
2023,"Connor Wong","BOS",316,0.05379747,0.33860759,0.1588785,0.23972603,0.28980892,0.39383562,0.68364454,0.15410959,0.35195531,32.630013639646265,-5.75798279551914,0.29634988991318234,80.89377916899724,19896
2023,"Gavin Sheets","CHW",259,0.08494208,0.1969112,0.43137255,0.21367521,0.28185328,0.35897436,0.64082764,0.14529915,0.23295455,22.799112080476966,-8.664467276193415,0.27797274946702594,73.21344144092674,19901
2023,"Jesus Sanchez","MIA",293,0.08191126,0.24914676,0.32876712,0.2659176,0.32876712,0.46067416,0.78944128,0.19475656,0.33152174,40.55823040466662,4.964297001174647,0.33877497583730115,114.94943733257195,19913
2023,"Daulton Varsho","TOR",467,0.07494647,0.23340471,0.32110092,0.22222222,0.28448276,0.38534279,0.66982555,0.16312057,0.25913621,46.19484662675275,-10.536781016355624,0.29111229178720505,83.55781674158253,19918
2023,"Andres Gimenez","CLE",480,0.05833333,0.17916667,0.3255814,0.24475524,0.31512605,0.38927739,0.70440344,0.14452215,0.28143713,54.08278866453666,-4.228091996474086,0.30770637868325923,94.27779294198714,19950
2023,"Josh Lowe","TBR",381,0.06036745,0.25459318,0.2371134,0.28169014,0.32545932,0.49295775,0.81841707,0.21126761,0.3442623,55.46228460527789,9.178023080600616,0.34739682517553633,127.07648972212064,19953
2023,"Mickey Moniak","LAA",278,0.0323741,0.34892086,0.09278351,0.28195489,0.31294964,0.4962406,0.80919024,0.21428571,0.40127389,39.46005115366748,5.688332770832097,0.34302012627735895,117.13077013479425,19956
2023,"Isaac Paredes","TBR",439,0.10022779,0.17767654,0.56410256,0.25661376,0.35763098,0.50793651,0.86556749,0.25132275,0.26086957,72.78503810206196,19.45487849751256,0.3718002852654946,144.02893092464356,20036
2023,"Luis Robert Jr.","CHW",503,0.05367793,0.28429423,0.18881119,0.26579521,0.32128514,0.55119826,0.8724834,0.28540305,0.31338028,80.31702744778715,19.212083755102984,0.3644150160630866,133.2626080951886,20043
2023,"Juan Soto","SDP",559,0.18962433,0.19499106,0.97247706,0.25892857,0.39892665,0.48214286,0.88106951,0.22321429,0.28840125,95.66753255348048,27.759652783678394,0.3782466502890613,142.8431963878435,20123
2023,"Dylan Carlson","STL",255,0.10196078,0.19215686,0.53061224,0.21917808,0.31764706,0.33333333,0.65098039,0.11415525,0.25595238,25.656829119228597,-5.320826231933357,0.29315933830597823,85.50635828381691,20126
2023,"Miguel Vargas","LAD",304,0.125,0.20065789,0.62295082,0.1953125,0.30463576,0.3671875,0.67182326,0.171875,0.22395833,31.091165182246765,-5.839059236393369,0.2951603438767088,85.07363540717303,20178
2023,"Brandon Marsh","PHI",373,0.1152815,0.29758713,0.38738739,0.2834891,0.37196765,0.45794393,0.82991158,0.17445483,0.40487805,57.601357326854554,12.288943813194127,0.35808250235348216,124.13408620949107,20202
2023,"Jake Meyers","HOU",317,0.08201893,0.25867508,0.31707317,0.23426573,0.30599369,0.39160839,0.69760208,0.15734266,0.29591837,35.05606687732684,-3.4534105592156683,0.3051902546491533,93.27137249611935,20308
2023,"Corey Julks","HOU",316,0.06962025,0.23101266,0.30136986,0.24398625,0.29746835,0.35395189,0.65142024,0.10996564,0.30373832,30.04687747421257,-8.341118960952834,0.2864875714235668,80.27911088475744,20311
2023,"Stuart Fairchild","CIN",235,0.09787234,0.26382979,0.37096774,0.22885572,0.32327586,0.3880597,0.71133556,0.15920398,0.30147059,27.557735022293148,-0.9903003013266948,0.3132495114515568,88.5049219935568,20321
2023,"Alex Kirilloff","MIN",258,0.09689922,0.26744186,0.36231884,0.2699115,0.35658915,0.44247788,0.79906703,0.17256638,0.35333333,37.5714919479869,6.22939359269362,0.3474639498770005,123.46091180959266,20325
2023,"Luis Garcia","WSN",407,0.05159705,0.12530713,0.41176471,0.25925926,0.29310345,0.36243386,0.65553731,0.1031746,0.2804878,37.54205842466502,-11.900709135817001,0.28305620131669224,73.79604801417238,20391
2023,"Jazz Chisholm Jr.","MIA",255,0.06666667,0.30980392,0.21518987,0.24786325,0.30314961,0.44444444,0.74759405,0.19658119,0.31944444,31.535644962561243,0.557989611399286,0.3209736605328838,103.01687967897723,20454
2023,"William Contreras","MIL",452,0.09513274,0.19911504,0.47777778,0.27543424,0.35176991,0.44913151,0.80090142,0.17369727,0.3255814,65.7785364845579,10.869123862106127,0.34734547124998005,117.90587849067474,20503
2023,"Drew Waters","KCR",244,0.07786885,0.33196721,0.2345679,0.2283105,0.29918033,0.39269406,0.69187439,0.16438356,0.32330827,26.08818191910153,-3.5531824169122648,0.3007646781987831,86.32009518198485,20505
2023,"Nolan Jones","COL",268,0.10447761,0.3358209,0.31111111,0.2742616,0.35205993,0.49367089,0.84573082,0.21940929,0.38970588,42.13587994911453,9.578971580050196,0.36145605292535365,112.94963983763549,20529
2023,"Lars Nootbaar","STL",388,0.13917526,0.19587629,0.71052632,0.28267477,0.38242894,0.45288754,0.83531648,0.17021277,0.33196721,61.46179104673381,14.327162512416795,0.3628836103848049,132.24385392432532,21454
2023,"Nico Hoerner","CHC",539,0.06679035,0.13358071,0.5,0.27698574,0.33580705,0.39307536,0.72888241,0.11608962,0.30750605,66.22590203959305,0.7476422973330706,0.3200071486117446,100.40351475088771,21479
2023,"Jonathan India","CIN",453,0.08609272,0.200883,0.42857143,0.25126904,0.33554084,0.40862944,0.74417028,0.1573604,0.28813559,57.91489584325002,2.884002219421134,0.3260146278156087,97.06162043769349,21523
2023,"Cal Raleigh","SEA",432,0.09259259,0.28472222,0.32520325,0.2242268,0.29767442,0.46391753,0.76159195,0.23969073,0.26033058,54.69913988346305,2.2193472885533745,0.3245317805341352,110.93380925999776,21534
2023,"Nick Fortes","MIA",265,0.0490566,0.18490566,0.26530612,0.2122449,0.26235741,0.29795918,0.56031659,0.08571428,0.24479167,17.100958109932225,-15.091507255000787,0.24962593371423933,55.19115168318493,21538
2023,"Matt Vierling","DET",400,0.0725,0.1975,0.36708861,0.26358696,0.3225,0.37228261,0.69478261,0.10869565,0.31914894,44.69575446353787,-3.8966460873044166,0.3065806274116039,94.9025047629355,21558
2023,"Kyle Isbel","KCR",246,0.03658537,0.18292683,0.2,0.24034335,0.26938776,0.3776824,0.64707016,0.13733905,0.27956989,21.675374809520164,-8.208951529247841,0.2780738762446812,70.55739249363576,21614
2023,"Alec Bohm","PHI",473,0.06976744,0.1564482,0.44594595,0.28240741,0.33615222,0.42361111,0.75976333,0.1412037,0.31232092,62.087547079141565,4.6270334277705585,0.33013578310577363,105.40087279523537,21618
2023,"Jake McCarthy","ARI",291,0.08591065,0.19243986,0.44642857,0.24513619,0.32291667,0.3307393,0.65365597,0.08560311,0.305,29.34062453510196,-6.010346865635803,0.29341495720048744,80.44461456710707,21622
2023,"Nick Maton","DET",293,0.12627986,0.24914676,0.50684932,0.17269076,0.28522337,0.30522088,0.59044425,0.13253012,0.20588235,23.138759011157568,-12.455174392334404,0.26704739928245547,67.4398120572774,21635
2023,"Jeremy Pena","HOU",490,0.06734694,0.21632653,0.31132075,0.24887892,0.31147541,0.36995516,0.68143057,0.12107624,0.30513595,51.96719994944761,-7.558490725334192,0.29972316548075273,89.47352959455486,21636
2023,"Esteury Ruiz","OAK",420,0.03571429,0.2047619,0.1744186,0.24338624,0.29828851,0.32010582,0.61839433,0.07671958,0.30927835,36.09865287519837,-14.923367703186027,0.27546534628844727,77.2656368943634,21780
2023,"Will Benson","CIN",236,0.13983051,0.30508475,0.45833333,0.28078818,0.38135593,0.49753695,0.87889288,0.21674877,0.40322581,40.38684579283683,11.717329467839884,0.37823484484422004,132.06581758387327,21853
2023,"Christopher Morel","CHC",330,0.08484848,0.33030303,0.25688073,0.24915825,0.31610942,0.49158249,0.80769191,0.24242424,0.32163743,46.98326669067665,6.894536236231763,0.3435400034156614,116.17803151548476,21897
2023,"Rodolfo Castro","2 Tms",243,0.09053498,0.28395062,0.31884058,0.21962617,0.30578512,0.3364486,0.64223372,0.11682243,0.29285714,23.10023172305947,-6.41965161157722,0.2863759081888001,76.98501980991524,21987
2023,"Nick Pratto","KCR",299,0.09698997,0.37458194,0.25892857,0.23754789,0.32441472,0.37547893,0.69989365,0.13793104,0.37931034,34.15956531174904,-2.163254100005565,0.3096048433246421,92.46112514102681,22117
2023,"Akil Baddoo","DET",280,0.11428571,0.23571429,0.48484848,0.2244898,0.31294964,0.36734694,0.68029658,0.14285714,0.27325581,29.43074235738119,-4.583938028208407,0.2985821815504544,89.34619501534789,22168
2023,"Brice Turang","MIL",343,0.09037901,0.20991254,0.43055556,0.22508039,0.29446064,0.32797428,0.62243492,0.10289389,0.27350427,29.622014932502324,-12.045968539844937,0.2759628803060766,70.05678041365073,22186
2023,"MJ Melendez","KCR",494,0.08704453,0.28744939,0.3028169,0.23370787,0.30364372,0.39101124,0.69465496,0.15730337,0.31292517,53.313442191989004,-6.698172488301217,0.30197497833573067,87.16085882096782,22197
2023,"Jack Suwinski","PIT",406,0.14778325,0.33990148,0.43478261,0.20238095,0.33004926,0.44047619,0.77052545,0.23809524,0.25966851,54.844761616109615,5.523475057004694,0.3347473056445568,109.42550993653984,22244
2023,"Nolan Gorman","STL",406,0.10837438,0.31034483,0.34920635,0.24089636,0.32758621,0.48739496,0.81498117,0.2464986,0.29665072,59.19075696106367,9.869470401958747,0.3476619374604873,122.04047924961748,22263
2023,"Jake Burger","2 Tms",406,0.06650246,0.29064039,0.22881356,0.24119241,0.30541872,0.52303523,0.82845395,0.28184282,0.27433628,59.744951791510275,10.423665232405359,0.34930879200620607,122.37141186862073,22275
2023,"Taylor Walls","TBR",279,0.12903226,0.25448029,0.50704225,0.2107438,0.31541219,0.35950413,0.67491632,0.14876033,0.26829268,29.92631356345995,-3.9668858207525446,0.30117969914576487,94.97066912614328,22458
2023,"Triston Casas","BOS",419,0.13365155,0.25298329,0.52830189,0.25069638,0.35167464,0.4735376,0.82521224,0.22284122,0.29787234,63.4121515864513,12.511612009444004,0.3543598220611994,121.1917516809472,22514
2023,"Jarred Kelenic","SEA",362,0.09116022,0.32596685,0.27966102,0.25153374,0.32044199,0.43865031,0.7590923,0.18711657,0.35678392,45.76784064027736,1.7917181417650903,0.3243051073345301,110.77634535634118,22558
2023,"Gabriel Arias","CLE",239,0.10878661,0.33472803,0.325,0.1971831,0.28451883,0.3286385,0.61315733,0.1314554,0.27777778,20.326318140418874,-8.707641188709392,0.27437732508990553,71.12497693580286,22563
2023,"Alejandro Kirk","TOR",319,0.09090909,0.10658307,0.85294118,0.24381625,0.32601881,0.33215548,0.65817429,0.08833923,0.25819672,32.77057300752395,-5.981866431772771,0.29570989301369627,86.75164926276715,22581
2023,"Gabriel Moreno","ARI",273,0.05860806,0.2014652,0.29090909,0.2749004,0.31501832,0.38645418,0.7014725,0.11155378,0.32653061,30.012843145311674,-3.151470230638183,0.3044062774259966,87.81230397865653,22664
2023,"Maikel Garcia","KCR",385,0.06753247,0.21038961,0.32098765,0.28323699,0.328125,0.37572254,0.70384754,0.09248555,0.34686347,43.01889836927683,-3.751287160908872,0.3065782291814685,90.3586159838935,22715
2023,"Geraldo Perdomo","ARI",390,0.12564103,0.16410256,0.765625,0.26934985,0.36939314,0.40247678,0.77186992,0.13312693,0.31640625,54.61889362262236,7.2413030855511344,0.3407348370741284,112.16402322301013,22799
2023,"Yainer Diaz","HOU",298,0.02013423,0.18456376,0.10909091,0.28621908,0.30201342,0.54063604,0.84264946,0.25441696,0.29166667,44.28790714796044,8.086568737582944,0.35107276223649914,125.14474247035744,23003
2023,"Ryan Noda","OAK",350,0.17714286,0.33142857,0.53448276,0.23214286,0.38285714,0.41785714,0.80071428,0.18571428,0.35064935,53.34461019407569,10.826259712088694,0.3556525872908212,132.96960195809822,23312
2023,"Jose Caballero","SEA",248,0.10887097,0.21774194,0.5,0.24,0.36842105,0.34,0.70842105,0.1,0.30612245,31.350468876913673,1.2231805353914549,0.324284213515911,110.76183097066266,23401
2023,"Wander Franco","TBR",491,0.08553971,0.14052953,0.60869565,0.28054299,0.34419552,0.47511312,0.81930864,0.19457013,0.29722222,72.16352295811505,12.516351281956151,0.3490886078750501,128.25172662029942,23667
2023,"Julio Rodriguez","SEA",566,0.06537102,0.24911661,0.26241135,0.27745665,0.33510638,0.46050096,0.79560734,0.18304431,0.34453782,79.7724264471725,11.014179667730668,0.34181130059900133,122.93743689426083,23697
2023,"Ezequiel Duran","TEX",378,0.05555556,0.27513228,0.20192308,0.28735632,0.33687003,0.47413793,0.81100796,0.18678161,0.37068966,54.96806380817686,9.048245287630904,0.34721326875559827,121.83162840727428,23733
2023,"Alek Thomas","ARI",282,0.04964539,0.23049645,0.21538462,0.24714829,0.29078014,0.41444867,0.70522881,0.16730038,0.30051813,30.2716926202894,-3.985949768054409,0.30128062704703984,85.71712153207484,23792
2023,"Ji Hwan Bae","PIT",260,0.08846154,0.23846154,0.37096774,0.23913043,0.31128405,0.31304348,0.62432753,0.07391305,0.31547619,23.56086857068613,-8.024191787361355,0.2810990499615205,73.4640715256509,23818
2023,"Ezequiel Tovar","COL",474,0.0443038,0.27004219,0.1640625,0.26067416,0.29809725,0.43146067,0.72955792,0.17078651,0.33333333,55.33497073926557,-2.2470239134825367,0.31261428604670355,80.2100815962115,24064
2023,"Steven Kwan","CLE",559,0.09302326,0.10554562,0.88135593,0.27054108,0.34050179,0.38076152,0.72126331,0.11022044,0.29612756,67.10950710004941,-0.7983726697526734,0.316610546956817,100.46328420258797,24610
2023,"Jarren Duran","BOS",362,0.06353591,0.24861878,0.25555556,0.29518072,0.34444444,0.48192771,0.82637215,0.18674699,0.38135593,54.34001457543406,10.363892076921795,0.3528745132900546,120.15994678452658,24617
2023,"Ryan Jeffers","MIN",245,0.10204082,0.28979592,0.35211268,0.27884615,0.37759336,0.47596154,0.8535549,0.19711539,0.3828125,40.58353119990898,10.82068586251808,0.37161896733327526,140.24076645577506,24618
2023,"Owen Miller","MIL",310,0.0516129,0.19354839,0.26666667,0.26388889,0.30322581,0.375,0.67822581,0.11111111,0.31277533,31.3357176046683,-6.323392822234468,0.29372390149866495,81.96232816352327,24655
2023,"Brendan Donovan","STL",371,0.08894879,0.14285714,0.62264151,0.28440367,0.36486486,0.42201835,0.78688321,0.13761468,0.31060606,53.207356238669405,8.137904727763193,0.34479777806479,120.12057914483356,24679
2023,"James Outman","LAD",426,0.11737089,0.32159624,0.3649635,0.24931507,0.35211268,0.42739726,0.77950994,0.17808219,0.35348837,59.788560327087474,8.037653740440431,0.3410971274095423,115.86592847948407,24770
2023,"Brenton Doyle","COL",311,0.06109325,0.36334405,0.16814159,0.19014085,0.2483871,0.31338028,0.56176738,0.12323943,0.27710843,19.53346150620007,-18.247129922079807,0.2475467412702499,36.59407816357638,25479
2023,"Will Brennan","CLE",356,0.03089888,0.12921348,0.23913043,0.25663717,0.28932584,0.35988201,0.64920785,0.10324484,0.28373702,32.64789487260286,-10.599341617646772,0.2824127151932515,76.70695087573445,25660
2023,"Bobby Witt Jr.","KCR",551,0.04900181,0.18330309,0.26732673,0.28015564,0.31876138,0.50583658,0.82459796,0.22568094,0.30179028,80.90620631899485,13.970174560209598,0.3489229204659036,119.77435812013906,25764
2023,"CJ Abrams","WSN",464,0.04310345,0.19827586,0.2173913,0.25,0.30151844,0.41121495,0.71273339,0.16121495,0.29012346,52.757209616128684,-3.6099750228483702,0.3089471266740315,91.15122398000139,25768
2023,"Blake Sabol","SFG",294,0.06462585,0.34353741,0.18811881,0.24626866,0.30375427,0.39925373,0.703008,0.15298507,0.34810127,32.709526006274274,-3.0058883985948084,0.3059985086372688,92.35347843145438,25805
2023,"Shea Langeliers","OAK",391,0.07161125,0.29411765,0.24347826,0.20448179,0.26923077,0.37254902,0.64177979,0.16806723,0.26086957,34.16865237310564,-13.330419165342697,0.27720108474652794,78.47140870070159,25816
2023,"Corbin Carroll","ARI",498,0.09236948,0.19678715,0.46938776,0.27522936,0.35425101,0.50229358,0.85654459,0.22706422,0.309375,79.98621446968309,19.488675783884453,0.3655477641320374,128.79659658119715,25878
2023,"Michael Harris II","ATL",393,0.0610687,0.19083969,0.32,0.28176796,0.32908163,0.44475138,0.77383301,0.16298342,0.32616487,52.26980301079866,4.527769469596114,0.3322335199626815,105.81248067860133,25931
2023,"Kerry Carpenter","DET",315,0.07301587,0.22857143,0.31944444,0.2877193,0.35031847,0.54736842,0.89768689,0.25964912,0.31958763,54.029896637886324,15.763381204098017,0.3787087232638628,145.00799388119805,25961
2023,"Riley Greene","DET",383,0.08355091,0.28198433,0.2962963,0.29512894,0.35509138,0.46418338,0.81927476,0.16905444,0.3982684,57.8317499776412,11.304526450209712,0.3539436910855864,127.80437806880043,25976
2023,"Francisco Alvarez","NYM",340,0.07647059,0.25,0.30588235,0.21612903,0.28529412,0.44516129,0.73045541,0.22903226,0.2254902,39.996785185431435,-1.3067552827845053,0.31369668701115777,101.72874048093776,26121
2023,"Brett Baty","NYM",311,0.08681672,0.27652733,0.31395349,0.21582734,0.28896104,0.33093525,0.61989629,0.11510791,0.28494624,26.913860201143244,-10.866731227136635,0.27617785489404356,76.57915913388355,26123
2023,"Andrew Vaughn","CHW",481,0.06444906,0.20790021,0.31,0.25342466,0.31600832,0.42694064,0.74294896,0.17351598,0.29320988,59.89266688269122,1.460305220303376,0.32199649069760294,103.79557536682601,26197
2023,"Adley Rutschman","BAL",541,0.13123845,0.14972274,0.87654321,0.27253219,0.36783734,0.42703863,0.79487597,0.15450644,0.2983871,78.09221453206364,12.370992787049456,0.3459220289516805,121.22924825819761,26288
2023,"Gunnar Henderson","BAL",463,0.09935205,0.26781857,0.37096774,0.24817518,0.32683983,0.47931873,0.80615856,0.23114355,0.30223881,66.04245771251144,9.796754074911494,0.3438618454653891,119.7980930331181,26289
2023,"Bryson Stott","PHI",509,0.06090373,0.15127701,0.4025974,0.29677419,0.34251969,0.44086022,0.78337991,0.14408603,0.32898172,69.80849382838088,7.974664127434068,0.3372359021880923,110.1602166329422,26294
2023,"Josh Jung","TEX",461,0.06073753,0.29284165,0.20740741,0.27400468,0.32321041,0.48946136,0.81267177,0.21545668,0.34926471,66.81253913613443,10.809797501288708,0.34662381790723823,121.4221524226489,26299
2023,"Spencer Steer","CIN",521,0.10172745,0.19961612,0.50961538,0.27252747,0.35700576,0.46373626,0.82074202,0.19120879,0.31454006,79.16132062504892,15.869718907576837,0.3550830610425367,116.5467399049001,26323
2023,"JJ Bleday","OAK",284,0.13380282,0.23239437,0.57575758,0.2033195,0.31338028,0.37344398,0.68682426,0.17012448,0.23214286,31.162518928859754,-3.3380854622382707,0.30415294749636046,97.19415813380404,26368
2023,"Elly De La Cruz","CIN",292,0.06849315,0.34246575,0.2,0.25555556,0.30821918,0.46296296,0.77118214,0.2074074,0.3625,37.10549035402241,1.6330379519075382,0.325080989966343,96.43578536464264,26668
2023,"Spencer Torkelson","DET",535,0.09906542,0.2411215,0.41085271,0.23516949,0.3164794,0.44491525,0.76139465,0.20974576,0.27160494,69.0049224577542,4.0125867210026405,0.3273824236406394,109.35296490996586,27465
2023,"Jordan Walker","STL",334,0.07784431,0.22754491,0.34210526,0.25742574,0.32634731,0.41584158,0.74218889,0.15841584,0.31018519,42.25089143745387,1.67623697750057,0.3243885664882774,106.43989939524691,27475
2023,"Patrick Bailey","SFG",272,0.05882353,0.25735294,0.22857143,0.256,0.30740741,0.396,0.70340741,0.14,0.33142857,30.309698595697412,-2.7331337788753385,0.3062106364303165,92.4956716951085,27478
2023,"Ha-Seong Kim","SDP",489,0.11656442,0.19631902,0.59375,0.27962085,0.36701031,0.4478673,0.81487761,0.16824645,0.32371795,74.42950509402543,15.025295420620731,0.3554045416645168,127.53169982531627,27506
2023,"Edouard Julien","MIN",277,0.12635379,0.29602888,0.42682927,0.28813559,0.38043478,0.47457627,0.85501105,0.18644068,0.39455782,45.50872781606636,11.858490434608079,0.3699834318696589,139.10460303143316,27534
2023,"Alec Burleson","STL",293,0.06484642,0.12286689,0.52777778,0.2481203,0.30103806,0.40977444,0.7108125,0.16165414,0.25892857,32.88691336634792,-2.7070200371440594,0.30718704944663394,94.9093978385576,27615
2023,"Anthony Volpe","NYY",466,0.09012876,0.27467811,0.328125,0.21582734,0.29247312,0.39328537,0.68575849,0.17745803,0.26642336,49.014992697875954,-7.595153943855314,0.29866976404702794,88.94531385819424,27647
2023,"Vinnie Pasquantino","KCR",260,0.09615385,0.11923077,0.80645161,0.24675325,0.32432432,0.43722944,0.76155376,0.19047619,0.25,33.463377660535066,1.8783173024875817,0.32704959931540584,104.5795378224921,27676
2023,"Michael Massey","KCR",360,0.05277778,0.21944444,0.24050633,0.22590361,0.27094972,0.36144578,0.6323955,0.13554217,0.26315789,30.636080509171208,-13.097079986586849,0.27444110835730695,68.0338042899094,27684
2023,"Joey Wiemer","MIL",384,0.08854167,0.2734375,0.32380952,0.2122093,0.2890625,0.375,0.6640625,0.1627907,0.26315789,37.97994789571649,-8.668756633092107,0.2910975886819263,80.20186111003922,27690
2023,"Matt McLain","CIN",385,0.08051948,0.28051948,0.28703704,0.29682997,0.36623377,0.51585014,0.88208391,0.21902017,0.39285714,65.80916627521046,19.038980745024755,0.377996200090879,131.9058495012191,29695
2023,"Seiya Suzuki","CHC",431,0.09976798,0.23897912,0.41747573,0.26315789,0.33642691,0.42894737,0.76537428,0.16578948,0.32222222,56.74004793422712,4.381736340694556,0.3305992267852606,107.50358467917542,30116
2023,"Zach Neto","LAA",252,0.04761905,0.21428571,0.22222222,0.24107143,0.31474104,0.41071429,0.72545533,0.16964286,0.2804878,30.299389956162894,-0.31382239086774677,0.31683119810909866,98.93801126810318,31347
2023,"Masataka Yoshida","BOS",474,0.06329114,0.12658228,0.5,0.29425287,0.34810127,0.45747126,0.80557253,0.16321839,0.31593407,69.32064916895195,11.738654516203834,0.3482121552344616,116.92112939915616,31837