player_id,name,year,pa,bip,est_ba,est_ba_minus_ba_diff,slg,est_slg,est_slg_minus_slg_diff,woba,est_woba,est_woba_minus_woba_diff,avg_ba,ba_2023,z_scores_avg_ba,zscore_difference
408234, Miguel Cabrera,2020.6666666666667,502.6666666666667,351.3333333333333,0.246,0.0179999999999999,0.367,0.39566666666666667,-0.0286666666666666,0.29933333333333334,0.307,-0.007666666666666666,0.264,0.247,0.25307054010812713,-0.5241629468652523
444482, David Peralta,2020.0,516.25,365.5,0.254,0.015499999999999976,0.4485,0.39875,0.049749999999999975,0.33375,0.315,0.018750000000000003,0.2695,0.271,0.46871822945226516,0.09328204769742221
453568, Charlie Blackmon,2020.0,622.25,457.5,0.27949999999999997,0.00525,0.477,0.449,0.027999999999999924,0.35125,0.34325,0.008000000000000024,0.28475,0.276,1.066650458997374,-0.33108920603376735
455117, Martin Maldonado,2020.0,395.75,252.5,0.1945,0.004499999999999975,0.34525,0.33425,0.010999999999999949,0.27125,0.268,0.0032499999999999994,0.199,0.18,-2.2954930612316837,-0.30131642143195814
456781, Donovan Solano,2020.6666666666667,292.0,213.66666666666666,0.28600000000000003,0.011999999999999967,0.41500000000000004,0.425,-0.009999999999999967,0.32966666666666666,0.331,-0.0013333333333333662,0.298,0.28,1.5861653469627965,-0.7117553133480545
457705, Andrew McCutchen,2020.0,524.5,336.75,0.2515,-0.008999999999999975,0.42725,0.431,-0.00375,0.33725,0.3465,-0.009249999999999975,0.2425,0.258,-0.5899158818735034,0.7006576219070006
457759, Justin Turner,2020.0,529.75,384.25,0.27875,0.01075,0.484,0.47475,0.00925,0.36675,0.364,0.00275,0.2895,0.288,1.2528916452491285,-0.10078405033211757
462101, Elvis Andrus,2020.0,548.5,427.75,0.257,-0.0012499999999999994,0.371,0.371,2.2551405187698492e-17,0.294,0.29925,-0.005249999999999975,0.25575000000000003,0.238,-0.07040099390807883,-0.5131011693141011
467793, Carlos Santana,2020.0,632.5,438.75,0.252,-0.02049999999999995,0.41175,0.43925,-0.027499999999999976,0.32875,0.35025,-0.02149999999999995,0.2315,0.227,-1.0212112605617782,0.05587495054897684
474832, Brandon Belt,2020.0,437.75,273.5,0.2385,0.005000000000000025,0.44099999999999995,0.46799999999999997,-0.027000000000000003,0.33875,0.34925,-0.010499999999999949,0.2435,0.255,-0.55070721108366,0.5573123656288057
493329, Yuli Gurriel,2020.0,593.5,483.75,0.26225,0.025249999999999925,0.44775,0.37,0.07774999999999997,0.33375,0.302,0.031749999999999924,0.2875,0.257,1.174474303669442,-1.0984447587987287
500743, Miguel Rojas,2020.0,525.0,422.5,0.262,-0.002750000000000025,0.36,0.35324999999999995,0.006750000000000024,0.29125,0.29525,-0.00399999999999995,0.25925,0.217,0.06682935385637047,-1.3792876154970104
500871, Eduardo Escobar,2020.0,617.75,440.5,0.24825,0.01025,0.4755,0.4435,0.03199999999999995,0.333,0.32275,0.010249999999999974,0.2585,0.23,0.037422850763989095,-0.8986225752884389
502054, Tommy Pham,2020.0,601.75,386.25,0.261,-0.00774999999999995,0.41775,0.4435,-0.02574999999999995,0.3325,0.34775,-0.015249999999999975,0.25325000000000003,0.264,-0.16842267088268703,0.4874375818928874
502110, J.D. Martinez,2020.0,634.0,422.5,0.289,0.0095,0.538,0.5475,-0.009499999999999925,0.38,0.38425,-0.004249999999999975,0.2985,0.256,1.605769682357718,-1.5644523326497886
502671, Paul Goldschmidt,2020.0,675.5,437.5,0.2705,0.019749999999999948,0.52525,0.52475,0.0005000000000000004,0.382,0.37675000000000003,0.005249999999999975,0.29025,0.278,1.2822981483415121,-0.4773125050523378
514888, Jose Altuve,2020.0,607.25,459.75,0.27175,0.02624999999999995,0.50575,0.4485,0.05725,0.37275,0.3455,0.027249999999999976,0.298,0.317,1.5861653469627965,0.5725959076749465
516416, Jean Segura,2020.0,551.0,443.0,0.26575000000000004,0.02199999999999995,0.4145,0.38825,0.026249999999999926,0.325,0.3105,0.0145,0.28775,0.219,1.1842764713669038,-2.427310342681976
516782, Starling Marte,2020.0,555.75,411.25,0.279,0.01449999999999995,0.47225,0.45725,0.015,0.35225,0.345,0.007249999999999975,0.2935,0.248,1.4097263284085018,-1.6461065400028432
518595, Travis d'Arnaud,2020.6666666666667,348.6666666666667,245.0,0.252,-0.005666666666666633,0.431,0.424,0.006999999999999999,0.316,0.32,-0.004000000000000001,0.24633333333333332,0.25,-0.4396159771791045,0.2726601559103309
518692, Freddie Freeman,2020.0,700.5,494.0,0.30625,0.001,0.517,0.55575,-0.03874999999999995,0.38425,0.401,-0.016749999999999977,0.30725,0.332,1.9488455517688479,0.7305986303106526
518735, Yasmani Grandal,2020.0,475.25,287.75,0.2345,-0.00225,0.43075,0.4345,-0.0037499999999999496,0.34450000000000003,0.35125,-0.006749999999999975,0.23225,0.235,-0.9918047574693959,0.30416600875886435
518792, Jason Heyward,2019.3333333333333,476.6666666666667,348.3333333333333,0.25166666666666665,-0.006666666666666667,0.39033333333333337,0.3833333333333333,0.0069999999999999655,0.30733333333333335,0.312,-0.004666666666666632,0.245,0.248,-0.4918942048988952,0.2555139933045538
518934, DJ LeMahieu,2020.0,614.0,471.0,0.28675,-0.003749999999999975,0.42125,0.43525,-0.014000000000000002,0.33525,0.34650000000000003,-0.011249999999999975,0.28300000000000003,0.239,0.9980352851151494,-1.5468252531745454
519058, Mike Moustakas,2019.6666666666667,501.3333333333333,361.0,0.2373333333333333,0.0023333333333332997,0.44,0.4236666666666667,0.0163333333333333,0.321,0.31866666666666665,0.0023333333333332997,0.23966666666666667,0.265,-0.701007115778059,1.0547342219510432
519203, Anthony Rizzo,2020.0,600.5,426.0,0.272,-0.009999999999999974,0.4775,0.46125,0.016249999999999976,0.36,0.36275,-0.0027499999999999747,0.262,0.244,0.17465319852844058,-0.5498821907739173
519317, Giancarlo Stanton,2020.3333333333333,578.6666666666666,345.3333333333333,0.24766666666666667,0.0023333333333333665,0.4956666666666667,0.48299999999999993,0.012666666666666701,0.35233333333333333,0.35266666666666663,-0.0003333333333333001,0.25,0.193,-0.2958508509496788,-1.8497000945977726
521692, Salvador Perez,2020.3333333333333,560.6666666666666,400.0,0.26,-0.006000000000000001,0.48266666666666674,0.5066666666666667,-0.0239999999999999,0.329,0.3453333333333333,-0.016333333333333335,0.254,0.253,-0.13901616779030565,0.07619693200988358
527038, Wilmer Flores,2020.0,438.0,338.25,0.25175,0.017,0.43625,0.3925,0.04374999999999993,0.33075,0.3125,0.018249999999999975,0.26875,0.304,0.43931172635988164,1.268190991161671
542194, Christian Bethancourt,2022.0,333.0,239.0,0.255,-0.003,0.409,0.449,-0.04,0.301,0.318,-0.017,0.252,0.231,-0.21743350936999223,-0.6090540199916736
542303, Marcell Ozuna,2019.6666666666667,561.3333333333334,400.0,0.27499999999999997,-0.02599999999999993,0.43933333333333335,0.5026666666666667,-0.06333333333333334,0.32033333333333336,0.35766666666666663,-0.03733333333333327,0.249,0.262,-0.3350595217395221,0.5846500424241547
542932, Jon Berti,2020.6666666666667,320.6666666666667,209.66666666666666,0.24233333333333332,-0.0013333333333333333,0.35233333333333333,0.35366666666666663,-0.0013333333333333,0.302,0.308,-0.006000000000000001,0.241,0.281,-0.6487288880582683,1.5578511168357942
543063, Brandon Crawford,2020.0,540.25,374.25,0.24125,0.0115,0.40249999999999997,0.4005,0.001999999999999975,0.31325000000000003,0.3135,-0.00024999999999997463,0.25275000000000003,0.194,-0.18802700627760868,-1.922811744107059
543068, C.J. Cron,2020.0,559.5,371.75,0.25625,0.00475,0.49,0.48675,0.0032499999999999994,0.34750000000000003,0.34875,-0.0012499999999999742,0.261,0.252,0.1354445277385973,-0.23297595868180324
543228, Yan Gomes,2020.0,365.25,256.25,0.249,-0.005000000000000001,0.406,0.42225,-0.016249999999999976,0.30075,0.313,-0.012249999999999976,0.244,0.273,-0.5311028756887385,1.1625275431639936
543257, Robbie Grossman,2020.0,523.75,338.0,0.237,0.003249999999999975,0.3645,0.359,0.005499999999999975,0.313,0.31425000000000003,-0.0012500000000000245,0.24025,0.231,-0.6781353911506508,-0.14835213821101512
543760, Marcus Semien,2020.0,724.5,530.5,0.25225,0.010999999999999975,0.46925,0.432,0.03724999999999998,0.34125,0.3275,0.013749999999999974,0.26325,0.279,0.22366403701574358,0.6160338014362147
543807, George Springer,2020.0,524.5,358.5,0.262,0.01,0.513,0.49525,0.017749999999999974,0.36825,0.36225,0.006,0.272,0.257,0.5667399064268733,-0.49071036155616
543877, Christian Vazquez,2020.0,428.5,327.25,0.24825,0.0055,0.37775,0.373,0.0047499999999999504,0.293,0.29275,0.0002499999999999742,0.25375000000000003,0.231,-0.1488183354877654,-0.6776691938739006
543939, Kolten Wong,2020.0,486.25,355.5,0.2395,0.02474999999999995,0.422,0.35525,0.06674999999999998,0.33025000000000004,0.30125,0.029,0.26425,0.165,0.26287270780558686,-3.3803651179109853
545121, Ildemaro Vargas,2020.5,216.5,183.0,0.244,0.022,0.40249999999999997,0.33799999999999997,0.06449999999999995,0.301,0.272,0.02899999999999995,0.266,0.239,0.3314878816878137,-0.8802778497472097
545341, Randal Grichuk,2020.0,543.25,378.0,0.23525000000000001,0.009,0.45175,0.421,0.03074999999999995,0.3155,0.30475,0.010749999999999975,0.24425,0.269,-0.5213007079912776,1.0138765948153972
545361, Mike Trout,2019.6666666666667,569.0,335.0,0.2896666666666667,0.005666666666666633,0.6343333333333333,0.621,0.01333333333333333,0.43366666666666664,0.4296666666666667,0.003999999999999966,0.2953333333333333,0.263,1.4816088915232128,-1.1973061756757963
547180, Bryce Harper,2020.0,600.5,359.75,0.28125,-0.0052499999999999995,0.53375,0.5505,-0.01675,0.38525,0.397,-0.01175,0.276,0.299,0.7235745895862464,0.8103671521213869
547989, Jose Abreu,2020.0,646.0,454.0,0.276,0.002499999999999975,0.47575,0.48825,-0.012499999999999999,0.349,0.359,-0.009999999999999974,0.27849999999999997,0.234,0.8215962665608525,-1.543947210434167
553869, Elias Diaz,2020.0,340.25,254.25,0.24725,0.003,0.39775,0.38075000000000003,0.016999999999999973,0.30475,0.3025,0.0022499999999999747,0.25025,0.271,-0.28604868325221905,0.8480489604019064
553993, Eugenio Suarez,2020.0,617.75,368.5,0.23925000000000002,0.007749999999999975,0.49624999999999997,0.481,0.015249999999999974,0.35175,0.34825,0.0034999999999999745,0.247,0.234,-0.41347686331920863,-0.3088740805541058
570482, Gio Urshela,2020.6666666666667,489.6666666666667,361.0,0.2683333333333333,0.0203333333333333,0.4606666666666667,0.4426666666666666,0.018,0.33666666666666667,0.325,0.011666666666666667,0.2886666666666667,0.299,1.2202177529242606,0.3137239887833727
571448, Nolan Arenado,2020.0,652.0,492.75,0.26275000000000004,0.027249999999999927,0.5427500000000001,0.4555,0.08724999999999997,0.375,0.3365,0.03849999999999995,0.29,0.283,1.2724959806440501,-0.2939493615409584
571657, Kyle Farmer,2021.5,556.0,413.5,0.255,0.004,0.401,0.3815,0.019499999999999948,0.3125,0.3065,0.006,0.259,0.249,0.05702718615891073,-0.25869520259046824
571771, Enrique Hernandez,2020.0,477.25,338.25,0.24525,-0.003999999999999975,0.417,0.41025,0.006749999999999976,0.31525000000000003,0.32,-0.0047499999999999504,0.24125,0.232,-0.6389267203608074,-0.1528486138380747
571970, Max Muncy,2020.0,556.75,328.75,0.24925,-0.009499999999999974,0.502,0.51225,-0.010249999999999976,0.369,0.38075000000000003,-0.01175,0.23975000000000002,0.193,-0.6977397265455713,-1.4478112190018804
572191, Michael A. Taylor,2020.3333333333333,456.3333333333333,298.3333333333333,0.22633333333333336,0.015333333333333332,0.35666666666666663,0.361,-0.004333333333333367,0.2876666666666667,0.286,0.0016666666666666663,0.24166666666666667,0.223,-0.6225897741983724,-0.4815953164655644
572233, Christian Walker,2020.6666666666667,571.6666666666666,377.0,0.256,-0.007666666666666666,0.445,0.462,-0.017,0.332,0.3446666666666667,-0.012666666666666666,0.24833333333333332,0.272,-0.36119863559941795,0.9579111079118892
573262, Mike Yastrzemski,2020.6666666666667,500.3333333333333,320.0,0.231,0.005666666666666667,0.45566666666666666,0.4423333333333333,0.01333333333333333,0.32866666666666666,0.32466666666666666,0.003999999999999966,0.23666666666666666,0.233,-0.8186331281475888,0.061569989111490586
575929, Willson Contreras,2020.0,480.75,302.75,0.24025,0.01,0.45675,0.4385,0.01825,0.34575,0.33999999999999997,0.005750000000000025,0.25025,0.258,-0.28604868325221905,0.39679042328571623
592178, Kris Bryant,2019.3333333333333,559.0,355.0,0.25166666666666665,0.0213333333333333,0.48733333333333334,0.44966666666666666,0.0376666666666666,0.36466666666666664,0.34733333333333327,0.017333333333333333,0.27299999999999996,0.251,0.6059485772167145,-0.7381922033227043
592192, Mark Canha,2020.0,518.75,336.5,0.24275,0.012,0.43900000000000006,0.41325,0.025749999999999974,0.34900000000000003,0.33875,0.01025,0.25475000000000003,0.241,-0.10960966469792212,-0.36975591303590627
592206, Nick Castellanos,2020.0,621.25,439.75,0.27949999999999997,0.010249999999999974,0.4975,0.499,-0.001500000000000026,0.35375,0.3535,0.00025000000000000066,0.28975,0.275,1.2626938129465906,-0.5618447551457678
592273, Brandon Drury,2020.5,507.5,352.0,0.244,-0.0034999999999999493,0.436,0.4215,0.014500000000000048,0.3105,0.311,-0.0005000000000000004,0.2405,0.265,-0.6683332234531899,1.022060329626174
592450, Aaron Judge,2020.0,568.5,325.25,0.29000000000000004,-0.0030000000000000005,0.5745,0.5994999999999999,-0.024999999999999925,0.4045,0.41775,-0.013249999999999974,0.28700000000000003,0.279,1.1548699682745225,-0.31517212982256426
592518, Manny Machado,2020.0,663.5,478.75,0.275,0.0072499999999999995,0.505,0.48700000000000004,0.018000000000000002,0.361,0.35650000000000004,0.004499999999999975,0.28225,0.25,0.9686287820227659,-1.1355846032915395
592626, Joc Pederson,2020.0,467.75,314.0,0.2495,0.00275,0.50075,0.46625,0.0345,0.351,0.344,0.006999999999999975,0.25225,0.241,-0.2076313416725325,-0.2717342360612959
592663, J.T. Realmuto,2020.0,555.25,384.75,0.268,0.00475,0.4735,0.45499999999999996,0.018499999999999975,0.34575,0.34299999999999997,0.00275,0.27275000000000005,0.25,0.5961464095192569,-0.7631022307880305
592669, Hunter Renfroe,2020.0,507.25,336.5,0.24,0.0045,0.4965,0.4655,0.030999999999999923,0.33725,0.329,0.008249999999999974,0.2445,0.242,-0.5114985402938168,0.06684515772277233
592696, Eddie Rosario,2020.0,466.0,362.25,0.23925000000000002,0.01949999999999995,0.4355,0.41575,0.019749999999999976,0.31075,0.2995,0.01125,0.25875,0.263,0.047225018461448824,0.23707769738596768
592885, Christian Yelich,2020.0,594.25,380.0,0.28075,0.008,0.50625,0.493,0.013250000000000001,0.37925,0.37625,0.0030000000000000005,0.28875,0.286,1.2234851421567472,-0.14080193756530401
593160, Whit Merrifield,2020.0,678.0,521.25,0.266,0.01724999999999995,0.41775,0.39949999999999997,0.018250000000000002,0.32225,0.314,0.008249999999999976,0.28325,0.292,1.007837452812609,0.2831189227555373
593428, Xander Bogaerts,2020.0,628.0,446.0,0.272,0.0277499999999999,0.5065000000000001,0.4545,0.05199999999999998,0.3735,0.35,0.023499999999999976,0.29974999999999996,0.263,1.654780520845021,-1.3704778049976045
594807, Adam Duvall,2020.3333333333333,432.3333333333333,266.0,0.221,-0.009,0.41900000000000004,0.4403333333333333,-0.021333333333333333,0.2986666666666667,0.3136666666666667,-0.014999999999999966,0.212,0.259,-1.7857803409637223,1.9312342761600034
595281, Kevin Kiermaier,2019.3333333333333,412.3333333333333,281.0,0.2293333333333333,0.005333333333333333,0.38533333333333336,0.3426666666666667,0.04266666666666663,0.292,0.2826666666666667,0.0093333333333333,0.23466666666666666,0.27,-0.8970504697272753,1.424338551714179
595777, Jurickson Profar,2020.0,545.5,399.0,0.2475,-0.011999999999999976,0.39475,0.37675000000000003,0.018000000000000002,0.31375,0.317,-0.0032500000000000003,0.2355,0.237,-0.8643765774024064,0.24616221901744262
595879, Javier Baez,2020.0,585.75,388.25,0.2505,0.01799999999999995,0.493,0.46075,0.03224999999999997,0.33699999999999997,0.3225,0.014499999999999949,0.2685,0.223,0.4295095586624219,-1.5336946493263586
596019, Francisco Lindor,2020.0,657.25,484.0,0.2675,-0.002249999999999975,0.47450000000000003,0.46325,0.011249999999999975,0.344,0.34575,-0.0017499999999999998,0.26525,0.255,0.30208137859543016,-0.2954762240502845
596129, Daniel Vogelbach,2020.6666666666667,425.6666666666667,248.66666666666666,0.23266666666666666,-0.010999999999999966,0.4176666666666667,0.41933333333333334,-0.0016666666666666668,0.3356666666666667,0.34400000000000003,-0.0083333333333333,0.22166666666666668,0.224,-1.4067631899952369,0.3372902944940839
596142, Gary Sanchez,2020.0,432.75,263.25,0.22999999999999998,-0.023249999999999976,0.43275,0.48175,-0.048999999999999974,0.3135,0.34375,-0.03025,0.20675,0.21,-1.9916258626103995,0.43618223483027263
596146, Max Kepler,2020.0,535.75,382.0,0.25325,-0.02475,0.422,0.4315,-0.009500000000000026,0.3195,0.338,-0.018500000000000003,0.22849999999999998,0.243,-1.1388372729313092,0.7288960855230486
600869, Jeimer Candelario,2020.0,524.5,341.75,0.23575000000000002,-0.006999999999999975,0.3835,0.39,-0.0064999999999999745,0.30374999999999996,0.312,-0.008249999999999976,0.22875,0.272,-1.1290351052338474,1.7257475775463185
602104, Ramon Urias,2021.5,370.5,249.0,0.26,0.0034999999999999996,0.413,0.4235,-0.010499999999999999,0.327,0.33199999999999996,-0.00499999999999995,0.2635,0.257,0.23346620471320548,-0.1574366598424921
605119, Brian Anderson,2020.0,459.25,304.25,0.2395,0.011750000000000002,0.398,0.40349999999999997,-0.005499999999999975,0.3205,0.3205,0.0,0.25125000000000003,0.224,-0.24684001246237358,-0.8226328830387795
605137, Josh Bell,2020.0,602.75,418.5,0.273,-0.006749999999999975,0.4695,0.47250000000000003,-0.00300000000000005,0.3525,0.3605,-0.008,0.26625,0.246,0.3412900493852734,-0.6470946513051825
605141, Mookie Betts,2020.0,627.25,449.0,0.28425,0.009249999999999975,0.546,0.52325,0.02275,0.39175,0.38575,0.006000000000000025,0.2935,0.3,1.4097263284085018,0.15892760846191556
605204, J.D. Davis,2020.5,409.0,256.5,0.275,0.0025,0.47250000000000003,0.505,-0.03249999999999995,0.353,0.367,-0.01399999999999995,0.27749999999999997,0.243,0.7823875957710092,-1.19232878317927
605612, Harold Castro,2020.6666666666667,383.6666666666667,290.6666666666667,0.2733333333333334,0.008333333333333299,0.3746666666666667,0.40233333333333327,-0.0276666666666666,0.2933333333333333,0.30333333333333334,-0.010000000000000033,0.2816666666666667,0.267,0.9457570573953576,-0.5226055608968057
606115, Orlando Arcia,2019.6666666666667,382.0,272.0,0.22866666666666666,0.005666666666666633,0.35766666666666663,0.35233333333333333,0.005333333333333333,0.28099999999999997,0.2813333333333334,-0.00033333333333333365,0.2343333333333333,0.277,-0.9101200266572238,1.6803934747836142
606192, Teoscar Hernandez,2020.0,529.25,333.0,0.24975,0.00825,0.48875,0.496,-0.0072499999999999995,0.3425,0.34375,-0.0012500000000000002,0.258,0.259,0.017818515369067454,0.1276354198272136
606466, Ketel Marte,2020.0,535.0,401.5,0.27875,0.008,0.492,0.44775,0.04424999999999993,0.35925,0.34550000000000003,0.01375,0.28675,0.273,1.1450678005770607,-0.5136431331018056
606992, Eric Haase,2021.5,366.0,231.5,0.2365,0.006,0.451,0.43000000000000005,0.02099999999999995,0.319,0.312,0.007,0.2425,0.201,-0.5899158818735034,-1.2779375023716772
607043, Brandon Nimmo,2020.3333333333333,531.3333333333334,337.0,0.25833333333333336,0.017999999999999964,0.451,0.39966666666666667,0.051333333333333266,0.369,0.34833333333333333,0.020666666666666635,0.2763333333333333,0.265,0.7366441465161928,-0.3829170403432086
607054, Jace Peterson,2020.3333333333333,292.0,185.0,0.2233333333333333,0.004333333333333334,0.35766666666666663,0.349,0.008666666666666668,0.3033333333333333,0.30266666666666664,0.0006666666666666666,0.22766666666666668,0.212,-1.1715111652561772,-0.31450807219838217
607208, Trea Turner,2020.0,665.75,490.0,0.28300000000000003,0.01574999999999995,0.47875,0.44675,0.03199999999999997,0.35575,0.34325,0.01249999999999995,0.29875,0.25,1.61557185005518,-1.7825276713239535
608070, Jose Ramirez,2020.0,640.25,479.0,0.2665,0.0012500000000000245,0.52075,0.46199999999999997,0.058749999999999976,0.365,0.35075,0.014249999999999974,0.26775000000000004,0.28,0.4001030555700405,0.4743069780447015
608324, Alex Bregman,2020.0,612.75,442.75,0.26125,0.01649999999999995,0.5,0.4375,0.06249999999999997,0.377,0.356,0.020999999999999974,0.27775,0.256,0.7921897634684711,-0.7508724137605416
608369, Corey Seager,2020.6666666666667,537.6666666666666,393.3333333333333,0.2783333333333333,-0.003999999999999968,0.48633333333333334,0.4996666666666667,-0.013333333333333334,0.35333333333333333,0.365,-0.011666666666666633,0.2743333333333333,0.343,0.6582268049365062,2.403051523933617
608671, Travis Jankowski,2018.0,387.0,276.0,0.235,0.024,0.346,0.286,0.06,0.303,0.276,0.0269999999999999,0.259,0.278,0.05702718615891073,0.7479584571302635
608841, Joey Meneses,2022.0,240.0,172.0,0.267,0.0569999999999999,0.563,0.457,0.1059999999999999,0.395,0.332,0.063,0.324,0.282,2.6055907874987216,-1.6617563635584138
621020, Dansby Swanson,2020.0,606.75,405.25,0.2525,0.0009999999999999749,0.42825,0.439,-0.010749999999999975,0.31725000000000003,0.325,-0.00775,0.2535,0.25,-0.1586205031852273,-0.008335318083546345
621028, Kevin Newman,2020.6666666666667,464.6666666666667,387.3333333333333,0.26266666666666666,0.006666666666666665,0.37566666666666665,0.3453333333333333,0.030333333333333296,0.297,0.2876666666666667,0.009333333333333332,0.26933333333333337,0.253,0.462183450987292,-0.5250026867677141
621035, Chris Taylor,2020.0,513.5,302.25,0.226,0.02174999999999995,0.42925,0.38775000000000004,0.04149999999999995,0.3255,0.3065,0.018999999999999975,0.24775,0.219,-0.38407036022682617,-0.858963511088246
621043, Carlos Correa,2020.0,504.75,340.25,0.27075,0.0012499999999999998,0.48125,0.47250000000000003,0.00875,0.35475,0.3585,-0.00375,0.272,0.229,0.5667399064268733,-1.462651826114107
621439, Byron Buxton,2020.6666666666667,310.3333333333333,201.33333333333334,0.262,0.0020000000000000317,0.5619999999999999,0.513,0.048999999999999995,0.37166666666666665,0.35666666666666663,0.015000000000000001,0.264,0.207,0.25307054010812713,-1.9126507533766057
621493, Taylor Ward,2021.5,400.5,268.0,0.2635,0.002,0.4555,0.4635,-0.008,0.34750000000000003,0.3525,-0.004999999999999951,0.2655,0.253,0.31188354629289206,-0.37470278207331414
621563, Joey Wendle,2020.0,420.0,312.0,0.25125,0.012499999999999999,0.38925,0.349,0.04024999999999998,0.30475,0.29,0.014750000000000001,0.26375000000000004,0.231,0.2432683724106674,-1.0697559017723333
621566, Matt Olson,2020.0,644.75,419.5,0.26,-0.00375,0.50375,0.5115,-0.007749999999999974,0.35775,0.3675,-0.009749999999999976,0.25625,0.268,-0.05079665851315937,0.5086603501744952
622534, Manuel Margot,2020.0,446.75,333.75,0.251,0.0007499999999999998,0.382,0.3625,0.019499999999999976,0.29825,0.2965,0.0017499999999999742,0.25175000000000003,0.249,-0.22723567706745196,0.025567660635894468
622761, Jorge Mateo,2022.0,533.0,352.0,0.222,-0.001,0.379,0.344,0.035,0.281,0.272,0.009,0.221,0.209,-1.4329023038551327,-0.15725351908777818
623912, Harold Ramirez,2020.6666666666667,414.0,317.3333333333333,0.26666666666666666,0.014666666666666633,0.40599999999999997,0.39266666666666666,0.0133333333333333,0.31233333333333335,0.30433333333333334,0.008,0.2813333333333334,0.305,0.9326875004654114,0.8095274122189251
623993, Anthony Santander,2020.6666666666667,496.6666666666667,355.0,0.262,-0.014666666666666666,0.4546666666666666,0.459,-0.004333333333333333,0.3213333333333333,0.333,-0.011666666666666633,0.24733333333333332,0.25,-0.4004073063892612,0.23345148512048755
624413, Pete Alonso,2020.6666666666667,671.6666666666666,444.3333333333333,0.26333333333333336,0.001,0.54,0.5263333333333334,0.013666666666666633,0.371,0.36999999999999994,0.0009999999999999998,0.26433333333333336,0.222,0.2661400970380756,-1.4050373828647962
624414, Christian Arroyo,2022.0,300.0,235.0,0.292,-0.006,0.414,0.43,-0.016,0.319,0.33,-0.011,0.286,0.241,1.1156612974846771,-1.5950268752185055
624424, Michael Conforto,2019.3333333333333,588.3333333333334,365.6666666666667,0.252,-0.007999999999999967,0.442,0.4563333333333333,-0.0143333333333333,0.3406666666666667,0.35333333333333333,-0.012666666666666632,0.244,0.251,-0.5311028756887385,0.39885924958274865
624428, Adam Frazier,2020.0,550.25,435.25,0.273,0.0015000000000000005,0.39875,0.37775000000000003,0.02099999999999995,0.3195,0.3145,0.005000000000000026,0.2745,0.238,0.6647615834014815,-1.2482637466236615
624585, Jorge Soler,2020.0,461.0,282.75,0.2485,-0.008499999999999975,0.46675,0.49124999999999996,-0.024499999999999973,0.33999999999999997,0.3565,-0.016499999999999973,0.24,0.238,-0.6879375588481116,0.10443539562593163
624641, Edmundo Sosa,2021.0,326.0,228.0,0.266,0.005,0.389,0.394,-0.005,0.322,0.326,-0.004,0.271,0.256,0.5275312356370301,-0.4862138859291006
628451, Andy Ibanez,2021.0,272.0,220.0,0.264,0.013,0.435,0.415,0.02,0.325,0.32,0.005,0.277,0.248,0.7627832603760898,-0.9991634719704312
630105, Jake Cronenworth,2021.5,663.5,473.5,0.2485,0.003999999999999951,0.42500000000000004,0.39949999999999997,0.025500000000000002,0.3295,0.3235,0.0060000000000000496,0.2525,0.229,-0.19782917397507058,-0.6980827457121631
641313, Tim Anderson,2020.0,506.5,375.0,0.27475,0.021499999999999977,0.4445,0.426,0.018499999999999975,0.33125,0.3175,0.013749999999999925,0.29625,0.24,1.5175501730805718,-2.031627945977184
641355, Cody Bellinger,2020.0,548.25,362.0,0.2445,-0.009499999999999975,0.4475,0.44475,0.0027500000000000024,0.31999999999999995,0.329,-0.009000000000000048,0.235,0.32,-0.8839809127973279,3.1468787529234223
641487, J.P. Crawford,2020.6666666666667,562.0,407.6666666666667,0.24833333333333332,-0.0009999999999999998,0.361,0.33666666666666667,0.024333333333333266,0.3053333333333333,0.3016666666666667,0.003666666666666667,0.24733333333333332,0.26,-0.4004073063892612,0.5805734367483262
641584, Jake Fraley,2022.0,247.0,164.0,0.248,0.011,0.468,0.417,0.051,0.352,0.333,0.0189999999999999,0.259,0.263,0.05702718615891073,0.22727552968850578
641680, Jonah Heim,2021.5,367.5,266.0,0.227,-0.015500000000000002,0.3785,0.3665,0.012,0.281,0.288,-0.006999999999999951,0.21150000000000002,0.27,-1.8053846763586427,2.332672758345546
641820, Trey Mancini,2020.0,629.5,425.25,0.25975000000000004,-0.0030000000000000248,0.4435,0.44975,-0.006249999999999974,0.32975,0.3395,-0.00975,0.25675,0.234,-0.031192323118237733,-0.6911586207550767
641857, Ryan McMahon,2020.6666666666667,577.3333333333334,360.6666666666667,0.24466666666666667,0.005333333333333333,0.43766666666666665,0.426,0.011666666666666667,0.33,0.32666666666666666,0.0033333333333333335,0.25,0.252,-0.2958508509496788,0.19831942000647285
642086, Dominic Smith,2021.0,493.0,340.0,0.262,-0.018,0.363,0.42,-0.0569999999999999,0.291,0.325,-0.034,0.244,0.265,-0.5311028756887385,0.8848299818617227
642133, Rowdy Tellez,2020.6666666666667,444.3333333333333,300.3333333333333,0.25566666666666665,-0.026333333333333302,0.44133333333333336,0.4756666666666667,-0.03433333333333324,0.3136666666666667,0.3413333333333333,-0.027666666666666635,0.2293333333333333,0.21,-1.1061633806064401,-0.44928024717368675
642350, Jose Siri,2022.0,325.0,194.0,0.207,0.006,0.339,0.323,0.016,0.268,0.261,0.007,0.213,0.227,-1.746571670173879,0.7812353601610775
642708, Amed Rosario,2020.0,626.25,475.5,0.27025,0.0067499999999999505,0.40625,0.38675,0.019499999999999976,0.3085,0.30425,0.00425,0.27699999999999997,0.261,0.7627832603760876,-0.5479049348542389
642715, Willy Adames,2020.0,519.75,330.25,0.2345,0.0235,0.44075,0.4195,0.021249999999999977,0.32875,0.31325000000000003,0.015499999999999974,0.258,0.214,0.017818515369067454,-1.434413362498059
642731, Thairo Estrada,2022.0,541.0,405.0,0.246,0.014,0.4,0.352,0.048,0.317,0.299,0.018,0.26,0.28,0.09623585694875401,0.778174176665988
643217, Andrew Benintendi,2020.0,583.75,421.0,0.2695,0.014499999999999975,0.43425,0.442,-0.007749999999999976,0.33925,0.33925,0.0,0.28400000000000003,0.276,1.0372439559049926,-0.301682702941386
643265, Garrett Cooper,2020.5,445.0,286.5,0.265,0.006,0.4305,0.4515,-0.021,0.3335,0.34299999999999997,-0.00949999999999995,0.271,0.255,0.5275312356370301,-0.5209260810918844
643289, Mauricio Dubon,2022.0,265.0,221.0,0.24,-0.0259999999999999,0.313,0.331,-0.018,0.248,0.272,-0.024,0.214,0.266,-1.7073629993840358,2.0958023007198037
643376, Danny Jansen,2020.5,316.0,223.0,0.252,-0.0185,0.438,0.46299999999999997,-0.024999999999999953,0.3195,0.33899999999999997,-0.01949999999999995,0.23349999999999999,0.22,-0.9427939189820929,-0.2655277571701955
643393, Tony Kemp,2020.0,382.0,285.5,0.22225,0.02499999999999995,0.381,0.307,0.074,0.3125,0.28225,0.030249999999999923,0.24725,0.214,-0.4036746956217478,-1.0129201515072437
643396, Isiah Kiner-Falefa,2020.0,456.5,355.5,0.2515,0.006249999999999975,0.34075,0.325,0.015749999999999976,0.28775,0.28325,0.0045,0.25775000000000003,0.253,0.008016347671607723,-0.0708355834520298
643446, Jeff McNeil,2020.0,457.5,361.75,0.2735,0.03249999999999995,0.454,0.41200000000000003,0.042,0.3545,0.32825,0.02624999999999995,0.306,0.266,1.8998347132815427,-1.5113954119457746
643565, Mike Tauchman,2019.0,296.0,190.0,0.246,0.031,0.504,0.407,0.097,0.364,0.322,0.0419999999999999,0.277,0.267,0.7627832603760898,-0.33963176387753785
645277, Ozzie Albies,2020.0,585.25,442.75,0.25525,0.010249999999999999,0.46225,0.431,0.031249999999999924,0.32975,0.3175,0.01225,0.2655,0.267,0.31188354629289206,0.11126795020565988
646240, Rafael Devers,2020.0,617.5,439.5,0.27599999999999997,0.0052499999999999995,0.51175,0.49975,0.012000000000000025,0.35825,0.3565,0.001749999999999999,0.28125,0.27,0.9294201112329226,-0.4021320292460191
647304, Josh Naylor,2020.6666666666667,342.3333333333333,250.66666666666666,0.24966666666666668,0.0029999999999999996,0.418,0.409,0.009000000000000032,0.313,0.312,0.0010000000000000002,0.25266666666666665,0.306,-0.19129439551009741,1.968221503357218
649557, Aledmys Diaz,2020.0,336.25,259.5,0.2655,-0.0065,0.43200000000000005,0.42125,0.010750000000000023,0.3195,0.32525000000000004,-0.005750000000000025,0.259,0.223,0.05702718615891073,-1.1612122768228474
650333, Luis Arraez,2020.6666666666667,482.6666666666667,397.6666666666667,0.29,0.024666666666666667,0.4116666666666666,0.4083333333333334,0.0033333333333333327,0.3436666666666666,0.33466666666666667,0.008999999999999933,0.31466666666666665,0.355,2.2396431934601835,1.238181477363344
650391, Eloy Jimenez,2020.6666666666667,354.0,239.0,0.25833333333333336,0.011999999999999967,0.48333333333333334,0.49066666666666664,-0.007333333333333333,0.3433333333333333,0.3456666666666666,-0.0023333333333332997,0.2703333333333333,0.274,0.5013921217771331,0.16474474086090585
650402, Gleyber Torres,2020.0,544.0,375.25,0.255,0.01125,0.458,0.45425,0.0037499999999999994,0.3355,0.332,0.0034999999999999498,0.26625,0.265,0.3412900493852734,0.012437056787710787
650489, Willi Castro,2021.5,421.0,298.5,0.2525,-0.02199999999999995,0.359,0.35150000000000003,0.00749999999999995,0.278,0.2905,-0.01249999999999995,0.23049999999999998,0.241,-1.0604199313516227,0.5810543536177943
650490, Yandy Diaz,2020.6666666666667,482.0,349.3333333333333,0.27366666666666667,-0.0006666666666666666,0.4286666666666667,0.4363333333333333,-0.007666666666666666,0.34400000000000003,0.3506666666666667,-0.006666666666666633,0.27299999999999996,0.329,0.6059485772167145,1.9693590193744344
650559, Bryan De La Cruz,2022.0,355.0,243.0,0.287,-0.0349999999999999,0.432,0.498,-0.066,0.313,0.355,-0.0419999999999999,0.252,0.255,-0.21743350936999223,0.22403866391513785
650859, Luis Rengifo,2020.5,458.5,339.5,0.2445,0.006500000000000001,0.39649999999999996,0.3795,0.01699999999999995,0.306,0.301,0.004999999999999999,0.251,0.241,-0.2566421801598355,-0.2227233975739929
656305, Matt Chapman,2020.0,632.25,387.75,0.23775000000000002,0.0037500000000000003,0.4625,0.44925,0.013250000000000024,0.34125,0.33975,0.0014999999999999749,0.2415,0.25,-0.6291245526633467,0.46216873139457304
656582, Connor Joe,2022.0,467.0,308.0,0.241,-0.003,0.359,0.34,0.0189999999999999,0.314,0.311,0.003,0.238,0.25,-0.7663549004277981,0.5993990791590245
656775, Cedric Mullins,2021.5,673.5,485.0,0.252,0.022499999999999902,0.4605,0.398,0.0625,0.3435,0.31599999999999995,0.0275,0.27449999999999997,0.249,0.6647615834014794,-0.8664295998330369
656811, Ryan O'Hearn,2020.0,312.0,199.5,0.23249999999999998,-0.02249999999999995,0.369,0.406,-0.03699999999999995,0.276,0.3035,-0.0274999999999999,0.21000000000000002,0.301,-1.8641976825434077,3.467563814576609
656896, Emmanuel Rivera,2022.0,359.0,248.0,0.238,-0.0049999999999999,0.409,0.41,-0.001,0.306,0.31,-0.004,0.233,0.267,-0.9623982543770134,1.3855497508755654
656941, Kyle Schwarber,2020.0,565.0,330.75,0.25275000000000003,-0.009749999999999974,0.514,0.53175,-0.017749999999999926,0.36175,0.375,-0.013249999999999975,0.243,0.184,-0.5703115464785817,-1.8876491555339245
657041, Lane Thomas,2021.5,406.0,267.5,0.228,0.0099999999999999,0.40800000000000003,0.3695,0.03849999999999995,0.318,0.304,0.013999999999999999,0.238,0.286,-0.7663549004277981,1.8490381050192413
657077, Alex Verdugo,2020.6666666666667,541.6666666666666,422.0,0.2836666666666667,0.004,0.43533333333333335,0.4423333333333333,-0.006999999999999999,0.3313333333333333,0.336,-0.004666666666666667,0.2876666666666667,0.274,1.1810090821344172,-0.5148722194963783
657557, Paul DeJong,2019.3333333333333,518.6666666666666,337.6666666666667,0.2273333333333333,-0.0036666666666666328,0.4223333333333333,0.43533333333333335,-0.012999999999999968,0.312,0.323,-0.011000000000000001,0.22366666666666668,0.216,-1.3283458484155504,-0.018824608387873365
657656, Ramon Laureano,2020.6666666666667,414.0,268.6666666666667,0.244,0.0043333333333333,0.4466666666666667,0.4483333333333333,-0.001666666666666667,0.32566666666666666,0.328,-0.0023333333333333665,0.24833333333333332,0.208,-0.36119863559941795,-1.2636693825062768
657757, Gavin Sheets,2022.0,410.0,294.0,0.224,0.0169999999999999,0.411,0.359,0.0519999999999999,0.308,0.283,0.025,0.241,0.214,-0.6487288880582683,-0.7678659590707232
660162, Yoan Moncada,2020.0,564.5,344.0,0.2435,0.012749999999999975,0.42825,0.42525,0.002999999999999999,0.328,0.3245,0.003500000000000025,0.25625,0.231,-0.05079665851315937,-0.7756908708485065
660271, Shohei Ohtani,2020.0,524.0,320.25,0.27325,0.00199999999999995,0.5449999999999999,0.5475,-0.0025000000000000248,0.37625,0.3805,-0.004249999999999975,0.27525,0.304,0.694168086493863,1.0133346310276896
660670, Ronald Acuna Jr.,2020.0,523.75,328.25,0.27925,0.0012499999999999755,0.51975,0.5489999999999999,-0.02924999999999997,0.376,0.38975,-0.013749999999999974,0.28049999999999997,0.335,0.9000136081405391,1.883567159427313
660688, Keibert Ruiz,2022.0,433.0,347.0,0.277,-0.026,0.36,0.403,-0.043,0.299,0.328,-0.029,0.251,0.258,-0.2566421801598355,0.36738392019333266
660821, Jesus Sanchez,2021.5,297.0,186.0,0.235,-0.0025,0.446,0.431,0.015,0.3185,0.3175,0.001,0.23249999999999998,0.266,-0.9820025897719362,1.3704418911077043
661388, William Contreras,2022.0,376.0,232.0,0.243,0.035,0.506,0.479,0.027,0.37,0.347,0.023,0.278,0.275,0.801991931165933,-0.1011428733651103
662139, Daulton Varsho,2021.5,453.5,305.5,0.23049999999999998,0.00999999999999995,0.44,0.4095,0.03049999999999995,0.3225,0.3105,0.012,0.2405,0.222,-0.6683332234531899,-0.47056406237353066
663457, Lars Nootbaar,2022.0,347.0,224.0,0.247,-0.0189999999999999,0.448,0.414,0.034,0.342,0.346,-0.0039999999999999,0.228,0.283,-1.1584416083262299,2.1369882274293217
663538, Nico Hoerner,2022.0,517.0,426.0,0.27,0.011,0.41,0.367,0.0429999999999999,0.32,0.301,0.019,0.281,0.277,0.9196179435354629,-0.14934449540907235
663586, Austin Riley,2020.6666666666667,550.6666666666666,349.6666666666667,0.25966666666666666,0.007666666666666634,0.51,0.5006666666666667,0.0093333333333333,0.35433333333333333,0.351,0.0033333333333333327,0.26733333333333337,0.277,0.38376610940760547,0.38650733871878507
663611, Nick Madrigal,2021.5,221.5,184.0,0.2595,0.01749999999999995,0.3535,0.3195,0.033999999999999954,0.30100000000000005,0.286,0.01500000000000005,0.277,0.277,0.7627832603760898,0.0074901877503007475
663624, Ryan Mountcastle,2021.5,597.5,394.0,0.261,-0.0085,0.45499999999999996,0.483,-0.028000000000000046,0.3255,0.344,-0.01849999999999995,0.2525,0.272,-0.19782917397507058,0.7945416462875418
663647, Ke'Bryan Hayes,2021.5,478.0,331.0,0.2495,0.001,0.359,0.3615,-0.0024999999999999996,0.2975,0.301,-0.0034999999999999996,0.2505,0.259,-0.27624651555475715,0.42170045075103824
663656, Kyle Tucker,2021.5,588.0,436.0,0.2825,-0.006999999999999999,0.5175000000000001,0.5289999999999999,-0.01149999999999995,0.3655,0.3745,-0.009,0.27549999999999997,0.293,0.7039702541913226,0.6216983165396077
663697, Jonathan India,2021.5,531.0,344.0,0.246,0.013,0.4185,0.39449999999999996,0.024,0.3385,0.3265,0.012,0.259,0.251,0.05702718615891073,-0.18927081226490053
663728, Cal Raleigh,2022.0,415.0,253.0,0.216,-0.005,0.489,0.461,0.0279999999999999,0.33,0.324,0.006,0.211,0.224,-1.8249890117535656,0.7555161162524127
663743, Nick Fortes,2022.0,240.0,172.0,0.249,-0.0189999999999999,0.392,0.398,-0.006,0.308,0.319,-0.011,0.23,0.212,-1.0800242667465432,-0.40599497070801616
663757, Trent Grisham,2021.5,525.5,329.0,0.22299999999999998,-0.00999999999999995,0.377,0.363,0.014,0.30000000000000004,0.3025,-0.00249999999999995,0.213,0.208,-1.746571670173879,0.12170365206818423
663837, Matt Vierling,2022.0,357.0,261.0,0.275,-0.029,0.351,0.404,-0.053,0.285,0.324,-0.039,0.246,0.264,-0.4526855341090519,0.7717004451192522
663886, Tyler Stephenson,2021.0,402.0,280.0,0.257,0.0289999999999999,0.431,0.391,0.0399999999999999,0.346,0.324,0.0219999999999999,0.286,0.241,1.1156612974846771,-1.5950268752185055
663993, Nathaniel Lowe,2021.5,643.5,422.0,0.2555,0.027499999999999948,0.4535,0.43000000000000005,0.0234999999999999,0.35250000000000004,0.3335,0.019,0.28300000000000003,0.28,0.9980352851151494,-0.12362525150040737
664023, Ian Happ,2020.3333333333333,546.0,320.6666666666667,0.22366666666666668,0.01966666666666667,0.42733333333333334,0.3906666666666667,0.0366666666666666,0.332,0.315,0.017,0.24333333333333332,0.238,-0.5572419895486344,-0.026260173673545606
664034, Ty France,2021.5,631.5,466.5,0.266,0.016499999999999952,0.4405,0.41600000000000004,0.024499999999999952,0.345,0.3335,0.0115,0.2825,0.255,0.9784309497202256,-0.9718257951750799
664040, Brandon Lowe,2020.6666666666667,402.6666666666667,243.33333333333334,0.241,0.005000000000000035,0.47333333333333333,0.4666666666666666,0.006666666666666667,0.34099999999999997,0.3403333333333333,0.0006666666666666337,0.246,0.22,-0.4526855341090519,-0.7556361420432365
664056, Harrison Bader,2020.0,386.75,252.25,0.226,0.020499999999999977,0.401,0.3695,0.03149999999999997,0.309,0.29225,0.016749999999999973,0.2465,0.254,-0.43308119871413026,0.40497415809649207
664702, Myles Straw,2021.5,617.0,451.0,0.246,4.9439619065339e-17,0.3105,0.317,-0.0065,0.28400000000000003,0.28900000000000003,-0.004999999999999999,0.246,0.241,-0.4526855341090519,-0.026680043624776495
664728, Kyle Isbel,2022.0,278.0,184.0,0.22,-0.009,0.34,0.323,0.017,0.265,0.266,-0.001,0.211,0.24,-1.8249890117535656,1.3109112388569535
664761, Alec Bohm,2021.5,524.0,379.5,0.27549999999999997,-0.01199999999999995,0.37,0.41400000000000003,-0.0439999999999999,0.2975,0.323,-0.025500000000000002,0.2635,0.282,0.23346620471320548,0.7103682192271024
664774, LaMonte Wade Jr.,2021.5,316.0,211.5,0.2385,-0.0085,0.4205,0.44099999999999995,-0.02049999999999995,0.3205,0.33399999999999996,-0.01349999999999995,0.22999999999999998,0.256,-1.0800242667465443,1.1213416164544738
664913, Seth Brown,2021.5,431.0,274.5,0.238,-0.015999999999999952,0.46199999999999997,0.458,0.003999999999999951,0.319,0.328,-0.009,0.222,0.217,-1.3936936330652896,0.08123537142464965
664983, Jake McCarthy,2022.0,354.0,249.0,0.249,0.0339999999999999,0.427,0.357,0.07,0.337,0.298,0.039,0.283,0.245,0.9980352851151473,-1.3385520821978403
665161, Jeremy Pena,2022.0,558.0,392.0,0.248,0.005,0.426,0.397,0.0289999999999999,0.309,0.3,0.009,0.253,0.249,-0.17822483858014895,-0.023443177851408536
665487, Fernando Tatis Jr.,2020.0,459.0,278.0,0.2675,0.03199999999999995,0.6005,0.5529999999999999,0.047499999999999945,0.4005,0.377,0.02350000000000005,0.2995,0.261,1.6449783531475615,-1.4301000276257128
665489, Vladimir Guerrero Jr.,2020.6666666666667,639.3333333333334,465.6666666666667,0.2796666666666667,0.006000000000000001,0.5046666666666667,0.49466666666666664,0.009999999999999967,0.36633333333333334,0.36433333333333334,0.002,0.2856666666666667,0.268,1.1025917405547307,-0.644728048893395
665742, Juan Soto,2020.0,617.75,393.5,0.27949999999999997,0.0027499999999999747,0.51275,0.526,-0.01324999999999995,0.3955,0.40275,-0.007249999999999975,0.28225,0.259,0.9686287820227659,-0.8231748468264849
665750, Leody Taveras,2022.0,341.0,230.0,0.226,0.035,0.366,0.318,0.0479999999999999,0.297,0.267,0.0299999999999999,0.261,0.259,0.1354445277385973,0.01000940745768375
665862, Jazz Chisholm Jr.,2021.5,374.0,237.0,0.24,0.011,0.48,0.44099999999999995,0.039,0.3385,0.32599999999999996,0.0125,0.251,0.248,-0.2566421801598355,0.020261968565494115
665926, Andres Gimenez,2022.0,557.0,386.0,0.257,0.0399999999999999,0.466,0.4,0.066,0.364,0.326,0.0379999999999999,0.297,0.245,1.5469566761729532,-1.8874734732556462
666135, Alex Kirilloff,2021.0,231.0,164.0,0.291,-0.0399999999999999,0.423,0.538,-0.115,0.307,0.366,-0.059,0.251,0.27,-0.2566421801598355,0.783930262146739
666182, Bo Bichette,2021.5,693.5,503.0,0.2845,0.00949999999999995,0.4765,0.4665,0.00999999999999995,0.3505,0.34450000000000003,0.00599999999999995,0.294,0.318,1.4293306638034233,0.7641427859971033
666185, Dylan Carlson,2021.5,553.5,370.5,0.2405,0.01049999999999995,0.4085,0.381,0.0275,0.321,0.3115,0.0095,0.251,0.219,-0.2566421801598355,-0.9863916911552366
666624, Christopher Morel,2022.0,425.0,247.0,0.233,0.0019999999999999,0.433,0.435,-0.002,0.322,0.324,-0.002,0.235,0.249,-0.8839809127973279,0.6823128963657704
666969, Adolis Garcia,2021.5,639.5,409.5,0.23199999999999998,0.01449999999999995,0.455,0.4345,0.0205,0.319,0.3105,0.0085,0.2465,0.252,-0.43308119871413026,0.3355497677709243
666971, Lourdes Gurriel Jr.,2020.0,410.0,300.5,0.266,0.015249999999999975,0.46325,0.45375000000000004,0.009500000000000001,0.335,0.33025000000000004,0.004749999999999976,0.28125,0.258,0.9294201112329226,-0.8186783711994253
668227, Randy Arozarena,2021.5,624.5,398.0,0.228,0.04049999999999995,0.452,0.3755,0.0765,0.34299999999999997,0.3025,0.04049999999999995,0.2685,0.261,0.4295095586624219,-0.21463123314057314
668731, Akil Baddoo,2021.0,461.0,294.0,0.227,0.032,0.436,0.403,0.0329999999999999,0.329,0.309,0.02,0.259,0.224,0.05702718615891073,-1.1265000816600637
668804, Bryan Reynolds,2020.6666666666667,602.0,406.6666666666667,0.2786666666666667,0.014,0.49533333333333335,0.47100000000000003,0.024333333333333332,0.36833333333333335,0.35800000000000004,0.0103333333333333,0.2926666666666667,0.267,1.3770524360836338,-0.9539009395850819
668939, Adley Rutschman,2022.0,470.0,315.0,0.248,0.006,0.445,0.411,0.034,0.354,0.342,0.0119999999999999,0.254,0.273,-0.13901616779030565,0.7704408352655607
668942, Josh Rojas,2021.5,530.0,353.0,0.2355,0.031,0.401,0.3565,0.0445,0.3265,0.3,0.026500000000000003,0.2665,0.242,0.3510922170827353,-0.7957455996537798
669004, MJ Melendez,2022.0,534.0,336.0,0.237,-0.0199999999999999,0.393,0.41,-0.0169999999999999,0.31,0.332,-0.022,0.217,0.234,-1.589736987014506,0.8673860431411915
669016, Brandon Marsh,2022.0,461.0,272.0,0.226,0.0189999999999999,0.384,0.372,0.012,0.296,0.287,0.009,0.245,0.283,-0.4918942048988952,1.4704408240019868
669221, Sean Murphy,2021.5,530.0,350.0,0.2475,-0.01449999999999995,0.4155,0.44,-0.02449999999999995,0.32,0.3405,-0.02049999999999995,0.23299999999999998,0.271,-0.9623982543770145,1.524398531526702
669222, Nick Senzel,2020.5,417.0,287.5,0.244,-0.0004999999999999501,0.3665,0.381,-0.014499999999999949,0.2935,0.302,-0.008499999999999949,0.2435,0.219,-0.55070721108366,-0.6923266602314121
669242, Tommy Edman,2020.6666666666667,556.6666666666666,428.3333333333333,0.27166666666666667,0.005333333333333333,0.429,0.4073333333333333,0.021666666666666667,0.3253333333333333,0.31833333333333336,0.006999999999999967,0.27699999999999997,0.241,0.7627832603760876,-1.242148838109916
669257, Will Smith,2021.5,539.5,370.0,0.2535,0.0055,0.48,0.4725,0.00750000000000005,0.3565,0.358,-0.0015,0.259,0.274,0.05702718615891073,0.6091096764791282
669261, Jack Suwinski,2022.0,372.0,213.0,0.204,-0.0019999999999999,0.411,0.393,0.0179999999999999,0.311,0.307,0.004,0.202,0.202,-2.177867048862154,0.3447258597797571
669289, Santiago Espinal,2021.5,368.5,289.0,0.265,0.023999999999999952,0.3875,0.347,0.040499999999999994,0.3245,0.3025,0.02199999999999995,0.28900000000000003,0.218,1.2332873098542092,-2.5110333763320654
669357, Nolan Gorman,2022.0,313.0,180.0,0.239,-0.0129999999999999,0.42,0.476,-0.0559999999999999,0.316,0.341,-0.025,0.226,0.241,-1.2368589499059164,0.757493372172088
669397, Nick Allen,2022.0,326.0,242.0,0.21,-0.003,0.291,0.266,0.0249999999999999,0.245,0.238,0.007,0.207,0.199,-1.9818236949129386,0.04454592034219029
669720, Austin Hays,2021.5,555.5,404.5,0.2425,0.010499999999999999,0.437,0.402,0.03499999999999995,0.321,0.307,0.014,0.253,0.281,-0.17822483858014895,1.0873470673576748
670032, Nicky Lopez,2020.6666666666667,482.3333333333333,384.6666666666667,0.235,0.020666666666666667,0.3253333333333333,0.2996666666666667,0.0256666666666667,0.28,0.266,0.014,0.25566666666666665,0.241,-0.07366838314056759,-0.4056971945932608
670541, Yordan Alvarez,2020.6666666666667,509.3333333333333,329.0,0.2986666666666667,0.0,0.5996666666666667,0.613,-0.0133333333333333,0.4093333333333333,0.4203333333333334,-0.011000000000000001,0.2986666666666667,0.278,1.6123044608226935,-0.8073188175335192
670623, Isaac Paredes,2022.0,381.0,266.0,0.21,-0.005,0.435,0.348,0.087,0.323,0.297,0.026,0.205,0.257,-2.0602410364926254,2.136270581363339
670764, Taylor Walls,2022.0,466.0,291.0,0.196,-0.024,0.285,0.304,-0.019,0.252,0.27,-0.018,0.172,0.211,-3.3541271725574524,1.8333957399401093
670770, TJ Friedl,2022.0,258.0,191.0,0.215,0.0249999999999999,0.436,0.335,0.1009999999999999,0.323,0.283,0.04,0.24,0.28,-0.6879375588481116,1.5623475924628536
671277, Luis Garcia,2021.5,312.0,237.0,0.2505,0.008,0.4095,0.38749999999999996,0.02199999999999995,0.297,0.29200000000000004,0.00499999999999995,0.2585,0.259,0.037422850763989095,0.10803108443229195
671739, Michael Harris II,2022.0,441.0,308.0,0.268,0.0289999999999999,0.514,0.46,0.0539999999999999,0.368,0.335,0.0329999999999999,0.297,0.282,1.5469566761729532,-0.6031222522326454
672284, Jarred Kelenic,2021.0,377.0,232.0,0.223,-0.042,0.35,0.413,-0.063,0.27,0.314,-0.0439999999999999,0.181,0.252,-3.001249135448863,2.903717704505657
672386, Alejandro Kirk,2022.0,541.0,416.0,0.278,0.0069999999999999,0.415,0.431,-0.016,0.347,0.351,-0.004,0.285,0.244,1.0764526266948338,-1.4516816189403106
672695, Geraldo Perdomo,2022.0,500.0,342.0,0.213,-0.0179999999999999,0.262,0.282,-0.0199999999999999,0.253,0.269,-0.016,0.195,0.269,-2.452327744391057,2.9449036312151766
673357, Luis Robert Jr.,2021.5,348.5,260.0,0.28700000000000003,0.02399999999999995,0.49649999999999994,0.49750000000000005,-0.0010000000000000495,0.36150000000000004,0.35450000000000004,0.007000000000000001,0.311,0.266,2.095878067230759,-1.707438765894991
673490, Ha-Seong Kim,2021.5,440.0,312.5,0.22949999999999998,-0.00299999999999995,0.3675,0.3385,0.02899999999999995,0.2915,0.28700000000000003,0.0045000000000000005,0.2265,0.28,-1.2172546145109948,2.091664648125737
673548, Seiya Suzuki,2022.0,446.0,290.0,0.247,0.015,0.433,0.418,0.015,0.334,0.326,0.008,0.262,0.263,0.17465319852844058,0.10964951731897593
676801, Chas McCormick,2021.5,363.5,220.5,0.228,0.02299999999999995,0.427,0.419,0.008,0.3265,0.318,0.0085,0.251,0.284,-0.2566421801598355,1.2699009944257111
677551, Wander Franco,2021.5,326.0,265.0,0.28049999999999997,0.002,0.44,0.4075,0.0325,0.3355,0.33,0.005499999999999949,0.2825,0.281,0.9784309497202256,-0.06930872094269969
677594, Julio Rodriguez,2022.0,560.0,367.0,0.254,0.0299999999999999,0.509,0.46,0.0489999999999999,0.366,0.337,0.0289999999999999,0.284,0.277,1.0372439559049906,-0.2669705077786001
677649, Ezequiel Duran,2022.0,220.0,154.0,0.216,0.0199999999999999,0.365,0.317,0.0479999999999999,0.282,0.256,0.0259999999999999,0.236,0.287,-0.8447722420074847,1.9621676417617118
677950, Alek Thomas,2022.0,411.0,312.0,0.238,-0.0069999999999999,0.344,0.335,0.0089999999999999,0.272,0.277,-0.005,0.231,0.247,-1.0408155959567,0.7697231891995748
677951, Bobby Witt Jr.,2022.0,632.0,461.0,0.252,0.002,0.428,0.427,0.001,0.311,0.313,-0.002,0.254,0.28,-0.13901616779030565,1.0134262014050477
679529, Spencer Torkelson,2022.0,404.0,263.0,0.226,-0.0229999999999999,0.319,0.378,-0.059,0.272,0.305,-0.0329999999999999,0.203,0.233,-2.1386583780723107,1.3815952390362125
680757, Steven Kwan,2022.0,638.0,509.0,0.268,0.0299999999999999,0.4,0.341,0.059,0.341,0.312,0.029,0.298,0.271,1.5861653469627965,-1.024165069813109
680911, Owen Miller,2022.0,472.0,340.0,0.246,-0.003,0.351,0.341,0.0099999999999999,0.287,0.291,-0.004,0.243,0.264,-0.5703115464785817,0.889326457488782
680977, Brendan Donovan,2022.0,468.0,324.0,0.266,0.015,0.379,0.365,0.014,0.349,0.339,0.0099999999999999,0.281,0.284,0.9196179435354629,0.09364087073041272
681082, Bryson Stott,2022.0,466.0,340.0,0.237,-0.0029999999999999,0.358,0.34,0.0179999999999999,0.289,0.284,0.005,0.234,0.297,-0.9231895835871702,2.387706934969236
682928, CJ Abrams,2022.0,302.0,238.0,0.241,0.005,0.324,0.316,0.008,0.267,0.266,0.001,0.246,0.25,-0.4526855341090519,0.28572971284027826
682985, Riley Greene,2022.0,418.0,259.0,0.246,0.007,0.362,0.388,-0.026,0.303,0.316,-0.013,0.253,0.295,-0.17822483858014895,1.573317799636647
683734, Andrew Vaughn,2021.5,512.0,370.0,0.249,0.004,0.4125,0.4245,-0.011999999999999952,0.3165,0.3255,-0.009,0.253,0.253,-0.17822483858014895,0.11540560279972688
686469, Vinnie Pasquantino,2022.0,298.0,226.0,0.289,0.006,0.45,0.475,-0.0249999999999999,0.365,0.374,-0.009,0.295,0.247,1.4685393345932667,-1.739631741350392
