player_id,name,year,pa,ba,est_ba,est_ba_minus_ba_diff,slg,est_slg,est_slg_minus_slg_diff,woba,est_woba,est_woba_minus_woba_diff,avg_bip,bip_2023,z_scores_avg_bip,zscore_difference
408234, Miguel Cabrera,2020.6666666666667,502.6666666666667,0.264,0.246,0.0179999999999999,0.367,0.39566666666666667,-0.0286666666666666,0.29933333333333334,0.307,-0.007666666666666666,351.3333333333333,195,0.19906947371204073,-1.226383027593352
444482, David Peralta,2020.0,516.25,0.2695,0.254,0.015499999999999976,0.4485,0.39875,0.049749999999999975,0.33375,0.315,0.018750000000000003,365.5,257,0.36791281306139734,-0.5858278093392512
453568, Charlie Blackmon,2020.0,622.25,0.28475,0.27949999999999997,0.00525,0.477,0.449,0.027999999999999924,0.35125,0.34325,0.008000000000000024,457.5,207,1.4644013227183943,-2.335057091257101
455117, Martin Maldonado,2020.0,395.75,0.199,0.1945,0.004499999999999975,0.34525,0.33425,0.010999999999999949,0.27125,0.268,0.0032499999999999994,252.5,189,-0.9788611172781749,-0.12678132927443886
456781, Donovan Solano,2020.6666666666667,292.0,0.298,0.28600000000000003,0.011999999999999967,0.41500000000000004,0.425,-0.009999999999999967,0.32966666666666666,0.331,-0.0013333333333333662,213.66666666666666,223,-1.4416905063181755,0.7799117849029417
457705, Andrew McCutchen,2020.0,524.5,0.2425,0.2515,-0.008999999999999975,0.42725,0.431,-0.00375,0.33725,0.3465,-0.009249999999999975,336.75,270,0.02526015379358583,-0.07346254928361787
457759, Justin Turner,2020.0,529.75,0.2895,0.27875,0.01075,0.484,0.47475,0.00925,0.36675,0.364,0.00275,384.25,360,0.5913819386708397,0.5353490559086636
462101, Elvis Andrus,2020.0,548.5,0.25575000000000003,0.257,-0.0012499999999999994,0.371,0.371,2.2551405187698492e-17,0.294,0.29925,-0.005249999999999975,427.75,244,1.1098303100847458,-1.4974579071504213
467793, Carlos Santana,2020.0,632.5,0.2315,0.252,-0.02049999999999995,0.41175,0.43925,-0.027499999999999976,0.32875,0.35025,-0.02149999999999995,438.75,354,1.240932197108952,-0.19253009520075093
474832, Brandon Belt,2020.0,437.75,0.2435,0.2385,0.005000000000000025,0.44099999999999995,0.46799999999999997,-0.027000000000000003,0.33875,0.34925,-0.010499999999999949,273.5,176,-0.7285756965955995,-0.5467793507448361
493329, Yuli Gurriel,2020.0,593.5,0.2875,0.26225,0.025249999999999925,0.44775,0.37,0.07774999999999997,0.33375,0.302,0.031749999999999924,483.75,227,1.7772580985716135,-2.386817558205979
500743, Miguel Rojas,2020.0,525.0,0.25925,0.262,-0.002750000000000025,0.36,0.35324999999999995,0.006750000000000024,0.29125,0.29525,-0.00399999999999995,422.5,263,1.047258954914102,-1.1868450585206536
500871, Eduardo Escobar,2020.0,617.75,0.2585,0.24825,0.01025,0.4755,0.4435,0.03199999999999995,0.333,0.32275,0.010249999999999974,440.5,166,1.2617893154991666,-2.6676925172917727
502054, Tommy Pham,2020.0,601.75,0.25325000000000003,0.261,-0.00774999999999995,0.41775,0.4435,-0.02574999999999995,0.3325,0.34775,-0.015249999999999975,386.25,227,0.6152186454025135,-1.2247781050368791
502110, J.D. Martinez,2020.0,634.0,0.2985,0.289,0.0095,0.538,0.5475,-0.009499999999999925,0.38,0.38425,-0.004249999999999975,422.5,236,1.047258954914102,-1.5393250755415142
502671, Paul Goldschmidt,2020.0,675.5,0.29025,0.2705,0.019749999999999948,0.52525,0.52475,0.0005000000000000004,0.382,0.37675000000000003,0.005249999999999975,437.5,366,1.226034255401656,-0.020974368150850298
514888, Jose Altuve,2020.0,607.25,0.298,0.27175,0.02624999999999995,0.50575,0.4485,0.05725,0.37275,0.3455,0.027249999999999976,459.75,178,1.4912176177915273,-2.740463034241529
516416, Jean Segura,2020.0,551.0,0.28775,0.26575000000000004,0.02199999999999995,0.4145,0.38825,0.026249999999999926,0.325,0.3105,0.0145,443.0,255,1.2915851989137588,-1.5356098260820468
516782, Starling Marte,2020.0,555.75,0.2935,0.279,0.01449999999999995,0.47225,0.45725,0.015,0.35225,0.345,0.007249999999999975,411.25,248,0.9131774795484365,-1.2485858148332438
518595, Travis d'Arnaud,2020.6666666666667,348.6666666666667,0.24633333333333332,0.252,-0.005666666666666633,0.431,0.424,0.006999999999999999,0.316,0.32,-0.004000000000000001,245.0,150,-1.0682487675219519,-0.5465314813941273
518692, Freddie Freeman,2020.0,700.5,0.30725,0.30625,0.001,0.517,0.55575,-0.03874999999999995,0.38425,0.401,-0.016749999999999977,494.0,401,1.899421220571442,-0.23744279273803937
518735, Yasmani Grandal,2020.0,475.25,0.23225,0.2345,-0.00225,0.43075,0.4345,-0.0037499999999999496,0.34450000000000003,0.35125,-0.006749999999999975,287.75,246,-0.5587391611324234,0.19722119495718193
518792, Jason Heyward,2019.3333333333333,476.6666666666667,0.245,0.25166666666666665,-0.006666666666666667,0.39033333333333337,0.3833333333333333,0.0069999999999999655,0.30733333333333335,0.312,-0.004666666666666632,348.3333333333333,186,0.16331441361452997,-1.308121306502795
518934, DJ LeMahieu,2020.0,614.0,0.28300000000000003,0.28675,-0.003749999999999975,0.42125,0.43525,-0.014000000000000002,0.33525,0.34650000000000003,-0.011249999999999975,471.0,279,1.6252990931571927,-1.5560081496402711
519058, Mike Moustakas,2019.6666666666667,501.3333333333333,0.23966666666666667,0.2373333333333333,0.0023333333333332997,0.44,0.4236666666666667,0.0163333333333333,0.321,0.31866666666666665,0.0023333333333332997,361.0,214,0.3142802229151312,-1.0935522833373186
519203, Anthony Rizzo,2020.0,600.5,0.262,0.272,-0.009999999999999974,0.4775,0.46125,0.016249999999999976,0.36,0.36275,-0.0027499999999999747,426.0,277,1.088973191694531,-1.0457918790680438
519317, Giancarlo Stanton,2020.3333333333333,578.6666666666666,0.25,0.24766666666666667,0.0023333333333333665,0.4956666666666667,0.48299999999999993,0.012666666666666701,0.35233333333333333,0.35266666666666663,-0.0003333333333333001,345.3333333333333,194,0.1275593535170192,-1.1679277228435478
521692, Salvador Perez,2020.3333333333333,560.6666666666666,0.254,0.26,-0.006000000000000001,0.48266666666666674,0.5066666666666667,-0.0239999999999999,0.329,0.3453333333333333,-0.016333333333333335,400.0,336,0.7790960041827713,0.034319419711522636
527038, Wilmer Flores,2020.0,438.0,0.26875,0.25175,0.017,0.43625,0.3925,0.04374999999999993,0.33075,0.3125,0.018249999999999975,338.25,258,0.043137683842341214,-0.24799786467497797
542194, Christian Bethancourt,2022.0,333.0,0.252,0.255,-0.003,0.409,0.449,-0.04,0.301,0.318,-0.017,239.0,196,-1.1397588877169733,0.12550014928087894
542303, Marcell Ozuna,2019.6666666666667,561.3333333333334,0.249,0.27499999999999997,-0.02599999999999993,0.43933333333333335,0.5026666666666667,-0.06333333333333334,0.32033333333333336,0.35766666666666663,-0.03733333333333327,400.0,296,0.7790960041827713,-0.48787319809715973
542932, Jon Berti,2020.6666666666667,320.6666666666667,0.241,0.24233333333333332,-0.0013333333333333333,0.35233333333333333,0.35366666666666663,-0.0013333333333333,0.302,0.308,-0.006000000000000001,209.66666666666666,261,-1.4893639197815232,1.3236681852845376
543063, Brandon Crawford,2020.0,540.25,0.25275000000000003,0.24125,0.0115,0.40249999999999997,0.4005,0.001999999999999975,0.31325000000000003,0.3135,-0.00024999999999997463,374.25,174,0.47219840501247046,-1.7736630832433402
543068, C.J. Cron,2020.0,559.5,0.261,0.25625,0.00475,0.49,0.48675,0.0032499999999999994,0.34750000000000003,0.34875,-0.0012499999999999742,371.75,192,0.44240252159787813,-1.508880521814841
543228, Yan Gomes,2020.0,365.25,0.244,0.249,-0.005000000000000001,0.406,0.42225,-0.016249999999999976,0.30075,0.313,-0.012249999999999976,256.25,228,-0.9341672921562865,0.33766264796713796
543257, Robbie Grossman,2020.0,523.75,0.24025,0.237,0.003249999999999975,0.3645,0.359,0.005499999999999975,0.313,0.31425000000000003,-0.0012500000000000245,338.0,211,0.040158095500881986,-0.8585946022587205
543760, Marcus Semien,2020.0,724.5,0.26325,0.25225,0.010999999999999975,0.46925,0.432,0.03724999999999998,0.34125,0.3275,0.013749999999999974,530.5,446,2.3344411184244898,-0.08499599555631931
543807, George Springer,2020.0,524.5,0.272,0.262,0.01,0.513,0.49525,0.017749999999999974,0.36825,0.36225,0.006,358.5,380,0.2844843395005389,1.1033429639833054
543877, Christian Vazquez,2020.0,428.5,0.25375000000000003,0.24825,0.0055,0.37775,0.373,0.0047499999999999504,0.293,0.29275,0.0002499999999999742,327.25,197,-0.08796420318186493,-0.9132397198090124
543939, Kolten Wong,2020.0,486.25,0.26425,0.2395,0.02474999999999995,0.422,0.35525,0.06674999999999998,0.33025000000000004,0.30125,0.029,355.5,150,0.24872927940302814,-1.8635095283191072
545121, Ildemaro Vargas,2020.5,216.5,0.266,0.244,0.022,0.40249999999999997,0.33799999999999997,0.06449999999999995,0.301,0.272,0.02899999999999995,183.0,170,-1.807186676203841,0.45350273619210313
545341, Randal Grichuk,2020.0,543.25,0.24425,0.23525000000000001,0.009,0.45175,0.421,0.03074999999999995,0.3155,0.30475,0.010749999999999975,378.0,250,0.5168922301343589,-0.8261909345287322
545361, Mike Trout,2019.6666666666667,569.0,0.2953333333333333,0.2896666666666667,0.005666666666666633,0.6343333333333333,0.621,0.01333333333333333,0.43366666666666664,0.4296666666666667,0.003999999999999966,335.0,206,0.004403035403371216,-0.888113619387295
547180, Bryce Harper,2020.0,600.5,0.276,0.28125,-0.0052499999999999995,0.53375,0.5505,-0.01675,0.38525,0.397,-0.01175,359.75,258,0.29938228120783505,-0.5042424620404719
547989, Jose Abreu,2020.0,646.0,0.27849999999999997,0.276,0.002499999999999975,0.47575,0.48825,-0.012499999999999999,0.349,0.359,-0.009999999999999974,454.0,327,1.422687085937965,-0.7267650010506247
553869, Elias Diaz,2020.0,340.25,0.25025,0.24725,0.003,0.39775,0.38075000000000003,0.016999999999999973,0.30475,0.3025,0.0022499999999999747,254.25,302,-0.9580039988879603,1.3275556976448741
553993, Eugenio Suarez,2020.0,617.75,0.247,0.23925000000000002,0.007749999999999975,0.49624999999999997,0.481,0.015249999999999974,0.35175,0.34825,0.0034999999999999745,368.5,313,0.4036678731589081,0.10948679549539336
570482, Gio Urshela,2020.6666666666667,489.6666666666667,0.2886666666666667,0.2683333333333333,0.0203333333333333,0.4606666666666667,0.4426666666666666,0.018,0.33666666666666667,0.325,0.011666666666666667,361.0,181,0.3142802229151312,-1.5243611930294814
571448, Nolan Arenado,2020.0,652.0,0.29,0.26275000000000004,0.027249999999999927,0.5427500000000001,0.4555,0.08724999999999997,0.375,0.3365,0.03849999999999995,492.75,392,1.8845232788641457,-0.34003819003769653
571657, Kyle Farmer,2021.5,556.0,0.259,0.255,0.004,0.401,0.3815,0.019499999999999948,0.3125,0.3065,0.006,413.5,188,0.9399937746215696,-2.0586910366194004
571771, Enrique Hernandez,2020.0,477.25,0.24125,0.24525,-0.003999999999999975,0.417,0.41025,0.006749999999999976,0.31525000000000003,0.32,-0.0047499999999999504,338.25,295,0.043137683842341214,0.23503030679805323
571970, Max Muncy,2020.0,556.75,0.23975000000000002,0.24925,-0.009499999999999974,0.502,0.51225,-0.010249999999999976,0.369,0.38075000000000003,-0.01175,328.75,240,-0.07008667313310955,-0.3697601857134343
572191, Michael A. Taylor,2020.3333333333333,456.3333333333333,0.24166666666666667,0.22633333333333336,0.015333333333333332,0.35666666666666663,0.361,-0.004333333333333367,0.2876666666666667,0.286,0.0016666666666666663,298.3333333333333,198,-0.4326032546773162,-0.5555458528683441
572233, Christian Walker,2020.6666666666667,571.6666666666666,0.24833333333333332,0.256,-0.007666666666666666,0.445,0.462,-0.017,0.332,0.3446666666666667,-0.012666666666666666,377.0,363,0.504973876768522,0.6609215641466325
573262, Mike Yastrzemski,2020.6666666666667,500.3333333333333,0.23666666666666666,0.231,0.005666666666666667,0.45566666666666666,0.4423333333333333,0.01333333333333333,0.32866666666666666,0.32466666666666666,0.003999999999999966,320.0,181,-0.17437226508418263,-1.0357087050301677
575929, Willson Contreras,2020.0,480.75,0.25025,0.24025,0.01,0.45675,0.4385,0.01825,0.34575,0.33999999999999997,0.005750000000000025,302.75,270,-0.37996386064486953,0.3317614651548375
592178, Kris Bryant,2019.3333333333333,559.0,0.27299999999999996,0.25166666666666665,0.0213333333333333,0.48733333333333334,0.44966666666666666,0.0376666666666666,0.36466666666666664,0.34733333333333327,0.017333333333333333,355.0,195,0.24277010272010968,-1.270083656601421
592192, Mark Canha,2020.0,518.75,0.25475000000000003,0.24275,0.012,0.43900000000000006,0.41325,0.025749999999999974,0.34900000000000003,0.33875,0.01025,336.5,267,0.0222805654521266,-0.10964740727780983
592206, Nick Castellanos,2020.0,621.25,0.28975,0.27949999999999997,0.010249999999999974,0.4975,0.499,-0.001500000000000026,0.35375,0.3535,0.00025000000000000066,439.75,356,1.2528505504747889,-0.17833881767615378
592273, Brandon Drury,2020.5,507.5,0.2405,0.244,-0.0034999999999999493,0.436,0.4215,0.014500000000000048,0.3105,0.311,-0.0005000000000000004,352.0,257,0.2070150426225989,-0.4249300389004527
592450, Aaron Judge,2020.0,568.5,0.28700000000000003,0.29000000000000004,-0.0030000000000000005,0.5745,0.5994999999999999,-0.024999999999999925,0.4045,0.41775,-0.013249999999999974,325.25,168,-0.11180090991353878,-1.2679926609886332
592518, Manny Machado,2020.0,663.5,0.28225,0.275,0.0072499999999999995,0.505,0.48700000000000004,0.018000000000000002,0.361,0.35650000000000004,0.004499999999999975,478.75,351,1.7176663317424288,-0.708428676169879
592626, Joc Pederson,2020.0,467.75,0.25225,0.2495,0.00275,0.50075,0.46625,0.0345,0.351,0.344,0.006999999999999975,314.0,206,-0.24588238527920417,-0.6378281987047197
592663, J.T. Realmuto,2020.0,555.25,0.27275000000000005,0.268,0.00475,0.4735,0.45499999999999996,0.018499999999999975,0.34575,0.34299999999999997,0.00275,384.75,281,0.5973411153537581,-0.5019405409464025
592669, Hunter Renfroe,2020.0,507.25,0.2445,0.24,0.0045,0.4965,0.4655,0.030999999999999923,0.33725,0.329,0.008249999999999974,336.5,335,0.0222805654521266,0.7780800429969502
592696, Eddie Rosario,2020.0,466.0,0.25875,0.23925000000000002,0.01949999999999995,0.4355,0.41575,0.019749999999999976,0.31075,0.2995,0.01125,362.25,275,0.3291781646224274,-0.31210648288637416
592885, Christian Yelich,2020.0,594.25,0.28875,0.28075,0.008,0.50625,0.493,0.013250000000000001,0.37925,0.37625,0.0030000000000000005,380.0,365,0.5407289368660327,0.6512761349395558
593160, Whit Merrifield,2020.0,678.0,0.28325,0.266,0.01724999999999995,0.41775,0.39949999999999997,0.018250000000000002,0.32225,0.314,0.008249999999999976,521.25,372,2.224196349790498,-0.94080756986839
593428, Xander Bogaerts,2020.0,628.0,0.29974999999999996,0.272,0.0277499999999999,0.5065000000000001,0.4545,0.05199999999999998,0.3735,0.35,0.023499999999999976,446.0,380,1.3273402590112697,0.06048704447257469
594807, Adam Duvall,2020.3333333333333,432.3333333333333,0.212,0.221,-0.009,0.41900000000000004,0.4403333333333333,-0.021333333333333333,0.2986666666666667,0.3136666666666667,-0.014999999999999966,266.0,151,-0.8179633468393764,-0.7837620866314857
595281, Kevin Kiermaier,2019.3333333333333,412.3333333333333,0.23466666666666666,0.2293333333333333,0.005333333333333333,0.38533333333333336,0.3426666666666667,0.04266666666666663,0.292,0.2826666666666667,0.0093333333333333,281.0,221,-0.6391880463518226,-0.048700305953845335
595777, Jurickson Profar,2020.0,545.5,0.2355,0.2475,-0.011999999999999976,0.39475,0.37675000000000003,0.018000000000000002,0.31375,0.317,-0.0032500000000000003,399.0,334,0.7671776508169342,0.02012814218692549
595879, Javier Baez,2020.0,585.75,0.2685,0.2505,0.01799999999999995,0.493,0.46075,0.03224999999999997,0.33699999999999997,0.3225,0.014499999999999949,388.25,328,0.6390553521341874,0.06992154819837004
596019, Francisco Lindor,2020.0,657.25,0.26525,0.2675,-0.002249999999999975,0.47450000000000003,0.46325,0.011249999999999975,0.344,0.34575,-0.0017499999999999998,484.0,366,1.7802376869130727,-0.5751777996622671
596129, Daniel Vogelbach,2020.6666666666667,425.6666666666667,0.22166666666666668,0.23266666666666666,-0.010999999999999966,0.4176666666666667,0.41933333333333334,-0.0016666666666666668,0.3356666666666667,0.34400000000000003,-0.0083333333333333,248.66666666666666,170,-1.0245481385138833,-0.3291358014978547
596142, Gary Sanchez,2020.0,432.75,0.20675,0.22999999999999998,-0.023249999999999976,0.43275,0.48175,-0.048999999999999974,0.3135,0.34375,-0.03025,263.25,154,-0.850738818595428,-0.7118221685397829
596146, Max Kepler,2020.0,535.75,0.22849999999999998,0.25325,-0.02475,0.422,0.4315,-0.009500000000000026,0.3195,0.338,-0.018500000000000003,382.0,249,0.5645656435977066,-0.8869191634372968
600869, Jeimer Candelario,2020.0,524.5,0.22875,0.23575000000000002,-0.006999999999999975,0.3835,0.39,-0.0064999999999999745,0.30374999999999996,0.312,-0.008249999999999976,341.75,331,0.08485192062277044,0.6632894260454381
602104, Ramon Urias,2021.5,370.5,0.2635,0.26,0.0034999999999999996,0.413,0.4235,-0.010499999999999999,0.327,0.33199999999999996,-0.00499999999999995,249.0,212,-1.0205753540586042,0.21519366274598273
605119, Brian Anderson,2020.0,459.25,0.25125000000000003,0.2395,0.011750000000000002,0.398,0.40349999999999997,-0.005499999999999975,0.3205,0.3205,0.0,304.25,208,-0.36208633059611417,-0.49551462249737555
605137, Josh Bell,2020.0,602.75,0.26625,0.273,-0.006749999999999975,0.4695,0.47250000000000003,-0.00300000000000005,0.3525,0.3605,-0.008,418.5,322,0.9995855414507543,-0.36893753378949923
605141, Mookie Betts,2020.0,627.25,0.2935,0.28425,0.009249999999999975,0.546,0.52325,0.02275,0.39175,0.38575,0.006000000000000025,449.0,378,1.3630953191087805,-0.00137764651537009
605204, J.D. Davis,2020.5,409.0,0.27749999999999997,0.275,0.0025,0.47250000000000003,0.505,-0.03249999999999995,0.353,0.367,-0.01399999999999995,256.5,268,-0.9311877038148272,0.856875677434361
605612, Harold Castro,2020.6666666666667,383.6666666666667,0.2816666666666667,0.2733333333333334,0.008333333333333299,0.3746666666666667,0.40233333333333327,-0.0276666666666666,0.2933333333333333,0.30333333333333334,-0.010000000000000033,290.6666666666667,177,-0.5239772971487321,-0.7383229347464865
606115, Orlando Arcia,2019.6666666666667,382.0,0.2343333333333333,0.22866666666666666,0.005666666666666633,0.35766666666666663,0.35233333333333333,0.005333333333333333,0.28099999999999997,0.2813333333333334,-0.00033333333333333365,272.0,293,-0.7464532266443549,0.9985115863943153
606192, Teoscar Hernandez,2020.0,529.25,0.258,0.24975,0.00825,0.48875,0.496,-0.0072499999999999995,0.3425,0.34375,-0.0012500000000000002,333.0,333,-0.01943367132830263,0.7936846488869453
606466, Ketel Marte,2020.0,535.0,0.28675,0.27875,0.008,0.492,0.44775,0.04424999999999993,0.35925,0.34550000000000003,0.01375,401.5,374,0.7969735342315266,0.5125248765810154
606992, Eric Haase,2021.5,366.0,0.2425,0.2365,0.006,0.451,0.43000000000000005,0.02099999999999995,0.319,0.312,0.007,231.5,188,-1.2291465379607502,0.11044927596291942
607043, Brandon Nimmo,2020.3333333333333,531.3333333333334,0.2763333333333333,0.25833333333333336,0.017999999999999964,0.451,0.39966666666666667,0.051333333333333266,0.369,0.34833333333333333,0.020666666666666635,337.0,354,0.02823974213504506,1.020162359773156
607054, Jace Peterson,2020.3333333333333,292.0,0.22766666666666668,0.2233333333333333,0.004333333333333334,0.35766666666666663,0.349,0.008666666666666668,0.3033333333333333,0.30266666666666664,0.0006666666666666666,185.0,232,-1.7833499694721673,1.239064587063887
607208, Trea Turner,2020.0,665.75,0.29875,0.28300000000000003,0.01574999999999995,0.47875,0.44675,0.03199999999999997,0.35575,0.34325,0.01249999999999995,490.0,389,1.8517478071080942,-0.34642716461729606
608070, Jose Ramirez,2020.0,640.25,0.26775000000000004,0.2665,0.0012500000000000245,0.52075,0.46199999999999997,0.058749999999999976,0.365,0.35075,0.014249999999999974,479.0,421,1.7206459200838882,0.2024288166538557
608324, Alex Bregman,2020.0,612.75,0.27775,0.26125,0.01649999999999995,0.5,0.4375,0.06249999999999997,0.377,0.356,0.020999999999999974,442.75,415,1.2886056105722996,0.5561402334941419
608369, Corey Seager,2020.6666666666667,537.6666666666666,0.2743333333333333,0.2783333333333333,-0.003999999999999968,0.48633333333333334,0.4996666666666667,-0.013333333333333334,0.35333333333333333,0.365,-0.011666666666666633,393.3333333333333,272,0.6996403150771915,-0.7217330796767895
608671, Travis Jankowski,2018.0,387.0,0.259,0.235,0.024,0.346,0.286,0.06,0.303,0.276,0.0269999999999999,276.0,184,-0.6987798131810072,-0.4721367105976919
608841, Joey Meneses,2022.0,240.0,0.324,0.267,0.0569999999999999,0.563,0.457,0.1059999999999999,0.395,0.332,0.063,172.0,384,-1.938288563228047,3.37833512849276
621020, Dansby Swanson,2020.0,606.75,0.2535,0.2525,0.0009999999999999749,0.42825,0.439,-0.010749999999999975,0.31725000000000003,0.325,-0.00775,405.25,310,0.8416673593534151,-0.36767713703476473
621028, Kevin Newman,2020.6666666666667,464.6666666666667,0.26933333333333337,0.26266666666666666,0.006666666666666665,0.37566666666666665,0.3453333333333333,0.030333333333333296,0.297,0.2876666666666667,0.009333333333333332,387.3333333333333,198,0.6281301948821699,-1.6162793024278304
621035, Chris Taylor,2020.0,513.5,0.24775,0.226,0.02174999999999995,0.42925,0.38775000000000004,0.04149999999999995,0.3255,0.3065,0.018999999999999975,302.25,159,-0.385923037327788,-1.1113638725813377
621043, Carlos Correa,2020.0,504.75,0.272,0.27075,0.0012499999999999998,0.48125,0.47250000000000003,0.00875,0.35475,0.3585,-0.00375,340.25,323,0.06697439057401507,0.576728432532457
621439, Byron Buxton,2020.6666666666667,310.3333333333333,0.264,0.262,0.0020000000000000317,0.5619999999999999,0.513,0.048999999999999995,0.37166666666666665,0.35666666666666663,0.015000000000000001,201.33333333333334,199,-1.5886835311634973,0.613589239063054
621493, Taylor Ward,2021.5,400.5,0.2655,0.2635,0.002,0.4555,0.4635,-0.008,0.34750000000000003,0.3525,-0.004999999999999951,268.0,282,-0.7941266401077026,0.9025820299602753
621563, Joey Wendle,2020.0,420.0,0.26375000000000004,0.25125,0.012499999999999999,0.38925,0.349,0.04024999999999998,0.30475,0.29,0.014750000000000001,312.0,193,-0.269719092010878,-0.7837040927608676
621566, Matt Olson,2020.0,644.75,0.25625,0.26,-0.00375,0.50375,0.5115,-0.007749999999999974,0.35775,0.3675,-0.009749999999999976,419.5,336,1.011503894816591,-0.1980884709222972
622534, Manuel Margot,2020.0,446.75,0.25175000000000003,0.251,0.0007499999999999998,0.382,0.3625,0.019499999999999976,0.29825,0.2965,0.0017499999999999742,333.75,209,-0.010494906303924937,-0.8340512313443478
622761, Jorge Mateo,2022.0,533.0,0.221,0.222,-0.001,0.379,0.344,0.035,0.281,0.272,0.009,352.0,213,0.2070150426225989,-0.9993419184900034
623912, Harold Ramirez,2020.6666666666667,414.0,0.2813333333333334,0.26666666666666666,0.014666666666666633,0.40599999999999997,0.39266666666666666,0.0133333333333333,0.31233333333333335,0.30433333333333334,0.008,317.3333333333333,258,-0.20615454072641465,0.00129435989377788
623993, Anthony Santander,2020.6666666666667,496.6666666666667,0.24733333333333332,0.262,-0.014666666666666666,0.4546666666666666,0.459,-0.004333333333333333,0.3213333333333333,0.333,-0.011666666666666633,355.0,336,0.24277010272010968,0.5706453211741842
624413, Pete Alonso,2020.6666666666667,671.6666666666666,0.26433333333333336,0.26333333333333336,0.001,0.54,0.5263333333333334,0.013666666666666633,0.371,0.36999999999999994,0.0009999999999999998,444.3333333333333,333,1.3074763367348745,-0.5332253591762318
624414, Christian Arroyo,2022.0,300.0,0.286,0.292,-0.006,0.414,0.43,-0.016,0.319,0.33,-0.011,235.0,153,-1.1874323011803212,-0.38818350140010693
624424, Michael Conforto,2019.3333333333333,588.3333333333334,0.244,0.252,-0.007999999999999967,0.442,0.4563333333333333,-0.0143333333333333,0.3406666666666667,0.35333333333333333,-0.012666666666666632,365.6666666666667,276,0.3698992052890371,-0.3397727081077668
624428, Adam Frazier,2020.0,550.25,0.2745,0.273,0.0015000000000000005,0.39875,0.37775000000000003,0.02099999999999995,0.3195,0.3145,0.005000000000000026,435.25,297,1.1992179603285227,-0.8949403387976942
624585, Jorge Soler,2020.0,461.0,0.24,0.2485,-0.008499999999999975,0.46675,0.49124999999999996,-0.024499999999999973,0.33999999999999997,0.3565,-0.016499999999999973,282.75,325,-0.618330927961608,1.2881433819585144
624641, Edmundo Sosa,2021.0,326.0,0.271,0.266,0.005,0.389,0.394,-0.005,0.322,0.326,-0.004,228.0,164,-1.2708607747411795,-0.16115205794186083
628451, Andy Ibanez,2021.0,272.0,0.277,0.264,0.013,0.435,0.415,0.02,0.325,0.32,0.005,220.0,212,-1.3662076016678748,0.5608259103552533
630105, Jake Cronenworth,2021.5,663.5,0.2525,0.2485,0.003999999999999951,0.42500000000000004,0.39949999999999997,0.025500000000000002,0.3295,0.3235,0.0060000000000000496,473.5,364,1.655094976571785,-0.4761447202114135
641313, Tim Anderson,2020.0,506.5,0.29625,0.27475,0.021499999999999977,0.4445,0.426,0.018499999999999975,0.33125,0.3175,0.013749999999999925,375.0,287,0.48113717003684814,-0.3074077029581902
641355, Cody Bellinger,2020.0,548.25,0.235,0.2445,-0.009499999999999975,0.4475,0.44475,0.0027500000000000024,0.31999999999999995,0.329,-0.009000000000000048,362.0,306,0.32619857628096816,0.09557238425681391
641487, J.P. Crawford,2020.6666666666667,562.0,0.24733333333333332,0.24833333333333332,-0.0009999999999999998,0.361,0.33666666666666667,0.024333333333333266,0.3053333333333333,0.3016666666666667,0.003666666666666667,407.6666666666667,310,0.8704700466541878,-0.39647982433553747
641584, Jake Fraley,2022.0,247.0,0.259,0.248,0.011,0.468,0.417,0.051,0.352,0.333,0.0189999999999999,164.0,231,-2.0336353901547426,1.4762951923012453
641680, Jonah Heim,2021.5,367.5,0.21150000000000002,0.227,-0.015500000000000002,0.3785,0.3665,0.012,0.281,0.288,-0.006999999999999951,266.0,280,-0.8179633468393764,0.900309105801515
641820, Trey Mancini,2020.0,629.5,0.25675,0.25975000000000004,-0.0030000000000000248,0.4435,0.44975,-0.006249999999999974,0.32975,0.3395,-0.00975,425.25,160,1.0800344266701536,-2.564266521134062
641857, Ryan McMahon,2020.6666666666667,577.3333333333334,0.25,0.24466666666666667,0.005333333333333333,0.43766666666666665,0.426,0.011666666666666667,0.33,0.32666666666666666,0.0033333333333333335,360.6666666666667,295,0.3103074384598525,-0.032139447819458045
642086, Dominic Smith,2021.0,493.0,0.244,0.262,-0.018,0.363,0.42,-0.0569999999999999,0.291,0.325,-0.034,340.0,354,0.06399480223255583,0.9844072996756452
642133, Rowdy Tellez,2020.6666666666667,444.3333333333333,0.2293333333333333,0.25566666666666665,-0.026333333333333302,0.44133333333333336,0.4756666666666667,-0.03433333333333324,0.3136666666666667,0.3413333333333333,-0.027666666666666635,300.3333333333333,195,-0.4087665479456423,-0.618547005935669
642350, Jose Siri,2022.0,325.0,0.213,0.207,0.006,0.339,0.323,0.016,0.268,0.261,0.007,194.0,181,-1.6760847891796349,0.46600381906528465
642708, Amed Rosario,2020.0,626.25,0.27699999999999997,0.27025,0.0067499999999999505,0.40625,0.38675,0.019499999999999976,0.3085,0.30425,0.00425,475.5,364,1.6789316833034589,-0.49998142694308734
642715, Willy Adames,2020.0,519.75,0.258,0.2345,0.0235,0.44075,0.4195,0.021249999999999977,0.32875,0.31325000000000003,0.015499999999999974,330.25,308,-0.05220914308435417,0.5000897345125704
642731, Thairo Estrada,2022.0,541.0,0.26,0.246,0.014,0.4,0.352,0.048,0.317,0.299,0.018,405.0,266,0.8386877710119558,-0.939109428282856
643217, Andrew Benintendi,2020.0,583.75,0.28400000000000003,0.2695,0.014499999999999975,0.43425,0.442,-0.007749999999999976,0.33925,0.33925,0.0,421.0,377,1.0293814248653466,0.3192814322828468
643265, Garrett Cooper,2020.5,445.0,0.271,0.265,0.006,0.4305,0.4515,-0.021,0.3335,0.34299999999999997,-0.00949999999999995,286.5,233,-0.5736371028397196,0.042406535876656326
643289, Mauricio Dubon,2022.0,265.0,0.214,0.24,-0.0259999999999999,0.313,0.331,-0.018,0.248,0.272,-0.024,221.0,333,-1.354289248302038,2.1285402258606805
643376, Danny Jansen,2020.5,316.0,0.23349999999999999,0.252,-0.0185,0.438,0.46299999999999997,-0.024999999999999953,0.3195,0.33899999999999997,-0.01949999999999995,223.0,191,-1.330452541570364,0.25091972590818434
643393, Tony Kemp,2020.0,382.0,0.24725,0.22225,0.02499999999999995,0.381,0.307,0.074,0.3125,0.28225,0.030249999999999923,285.5,273,-0.5855554562055565,0.5765175070511757
643396, Isiah Kiner-Falefa,2020.0,456.5,0.25775000000000003,0.2515,0.006249999999999975,0.34075,0.325,0.015749999999999976,0.28775,0.28325,0.0045,355.5,226,0.24872927940302814,-0.8713435544826108
643446, Jeff McNeil,2020.0,457.5,0.306,0.2735,0.03249999999999995,0.454,0.41200000000000003,0.042,0.3545,0.32825,0.02624999999999995,361.75,421,0.32321898793950893,1.599855748798235
643565, Mike Tauchman,2019.0,296.0,0.277,0.246,0.031,0.504,0.407,0.097,0.364,0.322,0.0419999999999999,190.0,189,-1.7237582026429825,0.6181157560903687
645277, Ozzie Albies,2020.0,585.25,0.2655,0.25525,0.010249999999999999,0.46225,0.431,0.031249999999999924,0.32975,0.3175,0.01225,442.75,381,1.2886056105722996,0.11227650835676184
646240, Rafael Devers,2020.0,617.5,0.28125,0.27599999999999997,0.0052499999999999995,0.51175,0.49975,0.012000000000000025,0.35825,0.3565,0.001749999999999999,439.5,364,1.2498709621333297,-0.07092070577295817
647304, Josh Naylor,2020.6666666666667,342.3333333333333,0.25266666666666665,0.24966666666666668,0.0029999999999999996,0.418,0.409,0.009000000000000032,0.313,0.312,0.0010000000000000002,250.66666666666666,308,-1.0007114317822094,1.4485920232104257
649557, Aledmys Diaz,2020.0,336.25,0.259,0.2655,-0.0065,0.43200000000000005,0.42125,0.010750000000000023,0.3195,0.32525000000000004,-0.005750000000000025,259.5,211,-0.8954326437173165,0.07699613695947793
650333, Luis Arraez,2020.6666666666667,482.6666666666667,0.31466666666666665,0.29,0.024666666666666667,0.4116666666666666,0.4083333333333334,0.0033333333333333327,0.3436666666666666,0.33466666666666667,0.008999999999999933,397.6666666666667,450,0.7512865129958186,1.55037787165322
650391, Eloy Jimenez,2020.6666666666667,354.0,0.2703333333333333,0.25833333333333336,0.011999999999999967,0.48333333333333334,0.49066666666666664,-0.007333333333333333,0.3433333333333333,0.3456666666666666,-0.0023333333333332997,239.0,259,-1.1397588877169733,0.9479535223295537
650402, Gleyber Torres,2020.0,544.0,0.26625,0.255,0.01125,0.458,0.45425,0.0037499999999999994,0.3355,0.332,0.0034999999999999498,375.25,403,0.48411675837830737,1.2039713003455295
650489, Willi Castro,2021.5,421.0,0.23049999999999998,0.2525,-0.02199999999999995,0.359,0.35150000000000003,0.00749999999999995,0.278,0.2905,-0.01249999999999995,298.5,203,-0.43061686244967645,-0.4922581678698986
650490, Yandy Diaz,2020.6666666666667,482.0,0.27299999999999996,0.27366666666666667,-0.0006666666666666666,0.4286666666666667,0.4363333333333333,-0.007666666666666666,0.34400000000000003,0.3506666666666667,-0.006666666666666633,349.3333333333333,349,0.17523276698036688,0.8078952577017489
650559, Bryan De La Cruz,2022.0,355.0,0.252,0.287,-0.0349999999999999,0.432,0.498,-0.066,0.313,0.355,-0.0419999999999999,243.0,346,-1.0920854742536257,2.0360490526000903
650859, Luis Rengifo,2020.5,458.5,0.251,0.2445,0.006500000000000001,0.39649999999999996,0.3795,0.01699999999999995,0.306,0.301,0.004999999999999999,339.5,271,0.05803562554963737,-0.09318320559445237
656305, Matt Chapman,2020.0,632.25,0.2415,0.23775000000000002,0.0037500000000000003,0.4625,0.44925,0.013250000000000024,0.34125,0.33975,0.0014999999999999749,387.75,304,0.6330961754512688,-0.23743484580392088
656582, Connor Joe,2022.0,467.0,0.238,0.241,-0.003,0.359,0.34,0.0189999999999999,0.314,0.311,0.003,308.0,222,-0.3173925054742257,-0.3574410313862252
656775, Cedric Mullins,2021.5,673.5,0.27449999999999997,0.252,0.022499999999999902,0.4605,0.398,0.0625,0.3435,0.31599999999999995,0.0275,485.0,228,1.7921560402789096,-2.388660684468058
656811, Ryan O'Hearn,2020.0,312.0,0.21000000000000002,0.23249999999999998,-0.02249999999999995,0.369,0.406,-0.03699999999999995,0.276,0.3035,-0.0274999999999999,199.5,180,-1.6105338456675318,0.3873980601079643
656896, Emmanuel Rivera,2022.0,359.0,0.233,0.238,-0.0049999999999999,0.409,0.41,-0.001,0.306,0.31,-0.004,248.0,172,-1.0324937074244411,-0.2950806016968628
656941, Kyle Schwarber,2020.0,565.0,0.243,0.25275000000000003,-0.009749999999999974,0.514,0.53175,-0.017749999999999926,0.36175,0.375,-0.013249999999999975,330.75,299,-0.04624996640143571,0.37663721882269835
657041, Lane Thomas,2021.5,406.0,0.238,0.228,0.0099999999999999,0.40800000000000003,0.3695,0.03849999999999995,0.318,0.304,0.013999999999999999,267.5,364,-0.8000858167906211,1.9790360731509926
657077, Alex Verdugo,2020.6666666666667,541.6666666666666,0.2876666666666667,0.2836666666666667,0.004,0.43533333333333335,0.4423333333333333,-0.006999999999999999,0.3313333333333333,0.336,-0.004666666666666667,422.0,369,1.0412997782311835,0.20292455535527343
657557, Paul DeJong,2019.3333333333333,518.6666666666666,0.22366666666666668,0.2273333333333333,-0.0036666666666666328,0.4223333333333333,0.43533333333333335,-0.012999999999999968,0.312,0.323,-0.011000000000000001,337.6666666666667,223,0.036185311045603234,-0.697964032460837
657656, Ramon Laureano,2020.6666666666667,414.0,0.24833333333333332,0.244,0.0043333333333333,0.4466666666666667,0.4483333333333333,-0.001666666666666667,0.32566666666666666,0.328,-0.0023333333333333665,268.6666666666667,176,-0.7861810711971444,-0.48917397614329117
657757, Gavin Sheets,2022.0,410.0,0.241,0.224,0.0169999999999999,0.411,0.359,0.0519999999999999,0.308,0.283,0.025,294.0,185,-0.4842494525959426,-0.6736122557375395
660162, Yoan Moncada,2020.0,564.5,0.25625,0.2435,0.012749999999999975,0.42825,0.42525,0.002999999999999999,0.328,0.3245,0.003500000000000025,344.0,161,0.11166821569590352,-1.582845494714595
660271, Shohei Ohtani,2020.0,524.0,0.27525,0.27325,0.00199999999999995,0.5449999999999999,0.5475,-0.0025000000000000248,0.37625,0.3805,-0.004249999999999975,320.25,334,-0.1713926767427234,0.9586984697465831
660670, Ronald Acuna Jr.,2020.0,523.75,0.28049999999999997,0.27925,0.0012499999999999755,0.51975,0.5489999999999999,-0.02924999999999997,0.376,0.38975,-0.013749999999999974,328.25,435,-0.07604584981602801,2.1818880027868106
660688, Keibert Ruiz,2022.0,433.0,0.251,0.277,-0.026,0.36,0.403,-0.043,0.299,0.328,-0.029,347.0,365,0.1474232757934143,1.0445817960121744
660821, Jesus Sanchez,2021.5,297.0,0.23249999999999998,0.235,-0.0025,0.446,0.431,0.015,0.3185,0.3175,0.001,186.0,195,-1.7714316161063304,0.744118062225019
661388, William Contreras,2022.0,376.0,0.278,0.243,0.035,0.506,0.479,0.027,0.37,0.347,0.023,232.0,314,-1.223187361277832,1.7493968453773503
662139, Daulton Varsho,2021.5,453.5,0.2405,0.23049999999999998,0.00999999999999995,0.44,0.4095,0.03049999999999995,0.3225,0.3105,0.012,305.5,318,-0.34718838888881803,0.9256171347692048
663457, Lars Nootbaar,2022.0,347.0,0.228,0.247,-0.0189999999999999,0.448,0.414,0.034,0.342,0.346,-0.0039999999999999,224.0,257,-1.3185341882045272,1.1006191919266732
663538, Nico Hoerner,2022.0,517.0,0.281,0.27,0.011,0.41,0.367,0.0429999999999999,0.32,0.301,0.019,426.0,422,1.088973191694531,0.8471563604884298
663586, Austin Riley,2020.6666666666667,550.6666666666666,0.26733333333333337,0.25966666666666666,0.007666666666666634,0.51,0.5006666666666667,0.0093333333333333,0.35433333333333333,0.351,0.0033333333333333327,349.6666666666667,377,0.17920555143564632,1.169457305712547
663611, Nick Madrigal,2021.5,221.5,0.277,0.2595,0.01749999999999995,0.3535,0.3195,0.033999999999999954,0.30100000000000005,0.286,0.01500000000000005,184.0,188,-1.7952683228380042,0.6765710608401734
663624, Ryan Mountcastle,2021.5,597.5,0.2525,0.261,-0.0085,0.45499999999999996,0.483,-0.028000000000000046,0.3255,0.344,-0.01849999999999995,394.0,269,0.7075858839877497,-0.7688430949229987
663647, Ke'Bryan Hayes,2021.5,478.0,0.2505,0.2495,0.001,0.359,0.3615,-0.0024999999999999996,0.2975,0.301,-0.0034999999999999996,331.0,288,-0.04327037805997647,0.2300546605838515
663656, Kyle Tucker,2021.5,588.0,0.27549999999999997,0.2825,-0.006999999999999999,0.5175000000000001,0.5289999999999999,-0.01149999999999995,0.3655,0.3745,-0.009,436.0,392,1.2081567253529004,0.3363283634735488
663697, Jonathan India,2021.5,531.0,0.259,0.246,0.013,0.4185,0.39449999999999996,0.024,0.3385,0.3265,0.012,344.0,309,0.11166821569590352,0.34926719117752975
663728, Cal Raleigh,2022.0,415.0,0.211,0.216,-0.005,0.489,0.461,0.0279999999999999,0.33,0.324,0.006,253.0,266,-0.9729019405952565,0.8724802833243562
663743, Nick Fortes,2022.0,240.0,0.23,0.249,-0.0189999999999999,0.392,0.398,-0.006,0.308,0.319,-0.011,172.0,199,-1.938288563228047,0.9631942711276038
663757, Trent Grisham,2021.5,525.5,0.213,0.22299999999999998,-0.00999999999999995,0.377,0.363,0.014,0.30000000000000004,0.3025,-0.00249999999999995,329.0,260,-0.06710708479165033,-0.1116434651505523
663837, Matt Vierling,2022.0,357.0,0.246,0.275,-0.029,0.351,0.404,-0.053,0.285,0.324,-0.039,261.0,289,-0.8775551136685611,1.0773942116376531
663886, Tyler Stephenson,2021.0,402.0,0.286,0.257,0.0289999999999999,0.431,0.391,0.0399999999999999,0.346,0.324,0.0219999999999999,280.0,266,-0.6511063997176595,0.5506847424467592
663993, Nathaniel Lowe,2021.5,643.5,0.28300000000000003,0.2555,0.027499999999999948,0.4535,0.43000000000000005,0.0234999999999999,0.35250000000000004,0.3335,0.019,422.0,370,1.0412997782311835,0.21597937080049046
664023, Ian Happ,2020.3333333333333,546.0,0.24333333333333332,0.22366666666666668,0.01966666666666667,0.42733333333333334,0.3906666666666667,0.0366666666666666,0.332,0.315,0.017,320.6666666666667,325,-0.16642669617362446,0.8362391501705307
664034, Ty France,2021.5,631.5,0.2825,0.266,0.016499999999999952,0.4405,0.41600000000000004,0.024499999999999952,0.345,0.3335,0.0115,466.5,379,1.5716665030109265,-0.19689401497229908
664040, Brandon Lowe,2020.6666666666667,402.6666666666667,0.246,0.241,0.005000000000000035,0.47333333333333333,0.4666666666666666,0.006666666666666667,0.34099999999999997,0.3403333333333333,0.0006666666666666337,243.33333333333334,199,-1.0881126897983466,0.11301839769790334
664056, Harrison Bader,2020.0,386.75,0.2465,0.226,0.020499999999999977,0.401,0.3695,0.03149999999999997,0.309,0.29225,0.016749999999999973,252.25,224,-0.9818407056196341,0.3331167996496174
664702, Myles Straw,2021.5,617.0,0.246,0.246,4.9439619065339e-17,0.3105,0.317,-0.0065,0.28400000000000003,0.28900000000000003,-0.004999999999999999,451.0,309,1.3869320258404543,-0.925996618967021
664728, Kyle Isbel,2022.0,278.0,0.211,0.22,-0.009,0.34,0.323,0.017,0.265,0.266,-0.001,184.0,191,-1.7952683228380042,0.7157355071758245
664761, Alec Bohm,2021.5,524.0,0.2635,0.27549999999999997,-0.01199999999999995,0.37,0.41400000000000003,-0.0439999999999999,0.2975,0.323,-0.025500000000000002,379.5,362,0.5347697601831143,0.6180708652868232
664774, LaMonte Wade Jr.,2021.5,316.0,0.22999999999999998,0.2385,-0.0085,0.4205,0.44099999999999995,-0.02049999999999995,0.3205,0.33399999999999996,-0.01349999999999995,211.5,270,-1.4675136052774886,1.4193112097874565
664913, Seth Brown,2021.5,431.0,0.222,0.238,-0.015999999999999952,0.46199999999999997,0.458,0.003999999999999951,0.319,0.328,-0.009,274.5,178,-0.7166573432297626,-0.5325880732202389
664983, Jake McCarthy,2022.0,354.0,0.283,0.249,0.0339999999999999,0.427,0.357,0.07,0.337,0.298,0.039,249.0,204,-1.0205753540586042,0.11075513918424629
665161, Jeremy Pena,2022.0,558.0,0.253,0.248,0.005,0.426,0.397,0.0289999999999999,0.309,0.3,0.009,392.0,341,0.6837491772560759,0.19494032386430327
665487, Fernando Tatis Jr.,2020.0,459.0,0.2995,0.2675,0.03199999999999995,0.6005,0.5529999999999999,0.047499999999999945,0.4005,0.377,0.02350000000000005,278.0,344,-0.6749431064493334,1.5927970539053637
665489, Vladimir Guerrero Jr.,2020.6666666666667,639.3333333333334,0.2856666666666667,0.2796666666666667,0.006000000000000001,0.5046666666666667,0.49466666666666664,0.009999999999999967,0.36633333333333334,0.36433333333333334,0.002,465.6666666666667,396,1.5617345418727293,0.034969808734588215
665742, Juan Soto,2020.0,617.75,0.28225,0.27949999999999997,0.0027499999999999747,0.51275,0.526,-0.01324999999999995,0.3955,0.40275,-0.007249999999999975,393.5,343,0.7016267073048312,0.20317242470598207
665750, Leody Taveras,2022.0,341.0,0.261,0.226,0.035,0.366,0.318,0.0479999999999999,0.297,0.267,0.0299999999999999,230.0,308,-1.2470240680095057,1.694904659437722
665862, Jazz Chisholm Jr.,2021.5,374.0,0.251,0.24,0.011,0.48,0.44099999999999995,0.039,0.3385,0.32599999999999996,0.0125,237.0,157,-1.1635955944486471,-0.35980094635091264
665926, Andres Gimenez,2022.0,557.0,0.297,0.257,0.0399999999999999,0.466,0.4,0.066,0.364,0.326,0.0379999999999999,386.0,349,0.6122390570610543,0.3708889676210614
666135, Alex Kirilloff,2021.0,231.0,0.251,0.291,-0.0399999999999999,0.423,0.538,-0.115,0.307,0.366,-0.059,164.0,158,-2.0336353901547426,0.5232936648003998
666182, Bo Bichette,2021.5,693.5,0.294,0.2845,0.00949999999999995,0.4765,0.4665,0.00999999999999995,0.3505,0.34450000000000003,0.00599999999999995,503.0,377,2.006686400863974,-0.6580235437157809
666185, Dylan Carlson,2021.5,553.5,0.251,0.2405,0.01049999999999995,0.4085,0.381,0.0275,0.321,0.3115,0.0095,370.5,173,0.427504579890582,-1.742024073566669
666624, Christopher Morel,2022.0,425.0,0.235,0.233,0.0019999999999999,0.433,0.435,-0.002,0.322,0.324,-0.002,247.0,191,-1.044412060790278,-0.035120754871901694
666969, Adolis Garcia,2021.5,639.5,0.2465,0.23199999999999998,0.01449999999999995,0.455,0.4345,0.0205,0.319,0.3105,0.0085,409.5,328,0.892320361158222,-0.18334346082566455
666971, Lourdes Gurriel Jr.,2020.0,410.0,0.28125,0.266,0.015249999999999975,0.46325,0.45375000000000004,0.009500000000000001,0.335,0.33025000000000004,0.004749999999999976,300.5,352,-0.40678015571800263,1.4290726267357694
668227, Randy Arozarena,2021.5,624.5,0.2685,0.228,0.04049999999999995,0.452,0.3755,0.0765,0.34299999999999997,0.3025,0.04049999999999995,398.0,323,0.7552592974510973,-0.11155647434462523
668731, Akil Baddoo,2021.0,461.0,0.259,0.227,0.032,0.436,0.403,0.0329999999999999,0.329,0.309,0.02,294.0,182,-0.4842494525959426,-0.7127767020731905
668804, Bryan Reynolds,2020.6666666666667,602.0,0.2926666666666667,0.2786666666666667,0.014,0.49533333333333335,0.47100000000000003,0.024333333333333332,0.36833333333333335,0.35800000000000004,0.0103333333333333,406.6666666666667,349,0.8585516932883509,0.12457633139376478
668939, Adley Rutschman,2022.0,470.0,0.254,0.248,0.006,0.445,0.411,0.034,0.354,0.342,0.0119999999999999,315.0,388,-0.23396403191336723,1.726229858958948
668942, Josh Rojas,2021.5,530.0,0.2665,0.2355,0.031,0.401,0.3565,0.0445,0.3265,0.3,0.026500000000000003,353.0,183,0.21893339598843584,-1.402904735212352
669004, MJ Melendez,2022.0,534.0,0.217,0.237,-0.0199999999999999,0.393,0.41,-0.0169999999999999,0.31,0.332,-0.022,336.0,306,0.016321388769208137,0.40544957176857394
669016, Brandon Marsh,2022.0,461.0,0.245,0.226,0.0189999999999999,0.384,0.372,0.012,0.296,0.287,0.009,272.0,214,-0.7464532266443549,-0.03281883377783246
669221, Sean Murphy,2021.5,530.0,0.23299999999999998,0.2475,-0.01449999999999995,0.4155,0.44,-0.02449999999999995,0.32,0.3405,-0.02049999999999995,350.0,226,0.18317833589092505,-0.8057926109705077
669222, Nick Senzel,2020.5,417.0,0.2435,0.244,-0.0004999999999999501,0.3665,0.381,-0.014499999999999949,0.2935,0.302,-0.008499999999999949,287.5,185,-0.5617187494738827,-0.5961429588595994
669242, Tommy Edman,2020.6666666666667,556.6666666666666,0.27699999999999997,0.27166666666666667,0.005333333333333333,0.429,0.4073333333333333,0.021666666666666667,0.3253333333333333,0.31833333333333336,0.006999999999999967,428.3333333333333,299,1.1167826828814837,-0.7863954304602211
669257, Will Smith,2021.5,539.5,0.259,0.2535,0.0055,0.48,0.4725,0.00750000000000005,0.3565,0.358,-0.0015,370.0,297,0.42154540320766354,-0.11726778167683499
669261, Jack Suwinski,2022.0,372.0,0.202,0.204,-0.0019999999999999,0.411,0.393,0.0179999999999999,0.311,0.307,0.004,213.0,202,-1.4496360752287334,0.5137062294639413
669289, Santiago Espinal,2021.5,368.5,0.28900000000000003,0.265,0.023999999999999952,0.3875,0.347,0.040499999999999994,0.3245,0.3025,0.02199999999999995,289.0,154,-0.5438412194251272,-1.0187197677100837
669357, Nolan Gorman,2022.0,313.0,0.226,0.239,-0.0129999999999999,0.42,0.476,-0.0559999999999999,0.316,0.341,-0.025,180.0,233,-1.8429417363013518,1.3117111693382886
669397, Nick Allen,2022.0,326.0,0.207,0.21,-0.003,0.291,0.266,0.0249999999999999,0.245,0.238,0.007,242.0,173,-1.1040038276194626,-0.2105156660566243
669720, Austin Hays,2021.5,555.5,0.253,0.2425,0.010499999999999999,0.437,0.402,0.03499999999999995,0.321,0.307,0.014,404.5,311,0.8327285943290373,-0.34568355656516997
670032, Nicky Lopez,2020.6666666666667,482.3333333333333,0.25566666666666665,0.235,0.020666666666666667,0.3253333333333333,0.2996666666666667,0.0256666666666667,0.28,0.266,0.014,384.6666666666667,157,0.5963479192399386,-2.1197444600394983
670541, Yordan Alvarez,2020.6666666666667,509.3333333333333,0.2986666666666667,0.2986666666666667,0.0,0.5996666666666667,0.613,-0.0133333333333333,0.4093333333333333,0.4203333333333334,-0.011000000000000001,329.0,219,-0.06710708479165033,-0.6468908984044518
670623, Isaac Paredes,2022.0,381.0,0.205,0.21,-0.005,0.435,0.348,0.087,0.323,0.297,0.026,266.0,301,-0.8179633468393764,1.1744602301510731
670764, Taylor Walls,2022.0,466.0,0.172,0.196,-0.024,0.285,0.304,-0.019,0.252,0.27,-0.018,291.0,171,-0.5200045126934534,-0.8206246118730676
670770, TJ Friedl,2022.0,258.0,0.24,0.215,0.0249999999999999,0.436,0.335,0.1009999999999999,0.323,0.283,0.04,191.0,315,-1.7118398492771456,2.2511041488218813
671277, Luis Garcia,2021.5,312.0,0.2585,0.2505,0.008,0.4095,0.38749999999999996,0.02199999999999995,0.297,0.29200000000000004,0.00499999999999995,237.0,335,-1.1635955944486471,1.963956202897724
671739, Michael Harris II,2022.0,441.0,0.297,0.268,0.0289999999999999,0.514,0.46,0.0539999999999999,0.368,0.335,0.0329999999999999,308.0,291,-0.3173925054742257,0.5433412343337519
672284, Jarred Kelenic,2021.0,377.0,0.181,0.223,-0.042,0.35,0.413,-0.063,0.27,0.314,-0.0439999999999999,232.0,210,-1.223187361277832,0.39169603907477624
672386, Alejandro Kirk,2022.0,541.0,0.285,0.278,0.0069999999999999,0.415,0.431,-0.016,0.347,0.351,-0.004,416.0,250,0.969789658036162,-1.2790883624305351
672695, Geraldo Perdomo,2022.0,500.0,0.195,0.213,-0.0179999999999999,0.262,0.282,-0.0199999999999999,0.253,0.269,-0.016,342.0,273,0.08783150896422967,-0.09686945811861054
673357, Luis Robert Jr.,2021.5,348.5,0.311,0.28700000000000003,0.02399999999999995,0.49649999999999994,0.49750000000000005,-0.0010000000000000495,0.36150000000000004,0.35450000000000004,0.007000000000000001,260.0,317,-0.889473467034398,1.4548473974695677
673490, Ha-Seong Kim,2021.5,440.0,0.2265,0.22949999999999998,-0.00299999999999995,0.3675,0.3385,0.02899999999999995,0.2915,0.28700000000000003,0.0045000000000000005,312.5,332,-0.26375991532795956,1.0249560774413853
673548, Seiya Suzuki,2022.0,446.0,0.262,0.247,0.015,0.433,0.418,0.015,0.334,0.326,0.008,290.0,283,-0.5319228660592903,0.65343307135708
676801, Chas McCormick,2021.5,363.5,0.251,0.228,0.02299999999999995,0.427,0.419,0.008,0.3265,0.318,0.0085,220.5,204,-1.3602484249849565,0.4504282101105985
677551, Wander Franco,2021.5,326.0,0.2825,0.28049999999999997,0.002,0.44,0.4075,0.0325,0.3355,0.33,0.005499999999999949,265.0,377,-0.8298817002052133,2.1785445573534066
677594, Julio Rodriguez,2022.0,560.0,0.284,0.254,0.0299999999999999,0.509,0.46,0.0489999999999999,0.366,0.337,0.0289999999999999,367.0,378,0.38579034311015276,0.9759273294832576
677649, Ezequiel Duran,2022.0,220.0,0.236,0.216,0.0199999999999999,0.365,0.317,0.0479999999999999,0.282,0.256,0.0259999999999999,154.0,247,-2.1528189238131117,1.8043557730830873
677950, Alek Thomas,2022.0,411.0,0.231,0.238,-0.0069999999999999,0.344,0.335,0.0089999999999999,0.272,0.277,-0.005,312.0,200,-0.269719092010878,-0.6923203846443482
677951, Bobby Witt Jr.,2022.0,632.0,0.254,0.252,0.002,0.428,0.427,0.001,0.311,0.313,-0.002,461.0,418,1.5061155594988236,0.3777947309032692
679529, Spencer Torkelson,2022.0,404.0,0.203,0.226,-0.0229999999999999,0.319,0.378,-0.059,0.272,0.305,-0.0329999999999999,263.0,347,-0.8537184069368873,1.8107368007285687
680757, Steven Kwan,2022.0,638.0,0.298,0.268,0.0299999999999999,0.4,0.341,0.059,0.341,0.312,0.029,509.0,444,2.0781965210589957,0.14513897091874073
680911, Owen Miller,2022.0,472.0,0.243,0.246,-0.003,0.351,0.341,0.0099999999999999,0.287,0.291,-0.004,340.0,232,0.06399480223255583,-0.6082801846408361
680977, Brendan Donovan,2022.0,468.0,0.281,0.266,0.015,0.379,0.365,0.014,0.349,0.339,0.0099999999999999,324.0,276,-0.12669885162083494,0.15682534880210525
681082, Bryson Stott,2022.0,466.0,0.234,0.237,-0.0029999999999999,0.358,0.34,0.0179999999999999,0.289,0.284,0.005,340.0,395,0.06399480223255583,1.5196547329295444
682928, CJ Abrams,2022.0,302.0,0.246,0.241,0.005,0.324,0.316,0.008,0.267,0.266,0.001,238.0,340,-1.1516772410828102,2.0173119267579724
682985, Riley Greene,2022.0,418.0,0.253,0.246,0.007,0.362,0.388,-0.026,0.303,0.316,-0.013,259.0,242,-0.9013918204002349,0.4876545924441252
683734, Andrew Vaughn,2021.5,512.0,0.253,0.249,0.004,0.4125,0.4245,-0.011999999999999952,0.3165,0.3255,-0.009,370.0,340,0.42154540320766354,0.44408928246749857
686469, Vinnie Pasquantino,2022.0,298.0,0.295,0.289,0.006,0.45,0.475,-0.0249999999999999,0.365,0.374,-0.009,226.0,201,-1.2946974814728534,0.3457128202628442
