Name,Team,G,PA,HR,R,RBI,SB,BB%,K%,ISO,BABIP,AVG,OBP,SLG,wOBA,xwOBA,wRC+,BsR,Off,Def,WAR,NameASCII,PlayerId,MLBAMID
"Mookie Betts","- - -",728,3322,170,631,432,88,0.11980734,0.15291993,0.26146307,0.30751812,0.29716486,0.38681517,0.55862793,0.3975425824152925,,152.65928412846614,21.622338408138603,235.70760857235527,21.17214822769165,37.49920035811572,"Mookie Betts",13611,605141
"José Ramírez","CLE",778,3367,165,499,534,136,0.11523612,0.12503713,0.2511134,0.26584954,0.27201096,0.35907336,0.52312436,0.36758793985244365,,136.33292744770415,38.283105734037235,184.30092930379124,18.789324648678303,32.361959458792725,"Jose Ramirez",13510,608070
"Mike Trout","LAA",564,2456,167,414,371,41,0.16001629,0.23778502,0.31702446,0.32912391,0.29156266,0.41588595,0.60858712,0.4227027605362718,,171.9410904831319,16.911140577634797,230.2428997470618,-0.9626230299472809,31.628422190425013,"Mike Trout",10155,545361
"Francisco Lindor","- - -",776,3450,148,516,442,102,0.08985507,0.17130435,0.20789818,0.28243301,0.26501305,0.3377907,0.47291123,0.34455815966151637,,119.59090330397682,7.189956696238369,88.95403716759503,102.53903365135193,31.54883495046186,"Francisco Lindor",12916,596019
"Aaron Judge","NYY",623,2716,192,454,428,34,0.14506627,0.27687776,0.30013164,0.33825702,0.28521281,0.39188192,0.58534445,0.4081459792582645,,166.09745703753157,3.949561668559909,215.95678912127062,2.6443227529525757,31.54019999828393,"Aaron Judge",15640,592450
"Freddie Freeman","- - -",827,3652,149,603,541,56,0.11938664,0.16511501,0.22067216,0.34859736,0.31515536,0.40251917,0.53582752,0.394861558879213,,149.27153447357475,13.740135928848758,236.72572469492565,-47.616209745407104,30.972655805685392,"Freddie Freeman",5361,518692
"Alex Bregman","HOU",732,3217,134,474,472,20,0.13863848,0.1240286,0.21946706,0.27550091,0.27350111,0.38141125,0.49296817,0.3743182771553937,,141.58725761592288,-8.275553759653121,154.184040510119,18.419161796569824,28.49979829393476,"Alex Bregman",17678,608324
"Nolan Arenado","- - -",788,3335,177,443,549,14,0.08605697,0.14782609,0.24373119,0.28722953,0.28552324,0.34823035,0.52925443,0.36645734722588963,,125.92130767976496,-3.337089931126684,102.58637630078613,60.25101871788502,27.60106478640653,"Nolan Arenado",9777,571448
"Trea Turner","- - -",779,3492,114,528,399,172,0.07359679,0.18699885,0.1799687,0.33647155,0.29295775,0.34805046,0.47292645,0.3511428277234773,,120.36930372328284,34.16619000956416,123.04033561828638,32.23644087836146,27.064943966379968,"Trea Turner",16252,607208
"Manny Machado","- - -",796,3405,170,465,524,49,0.09750367,0.17474302,0.22548696,0.29455338,0.2793001,0.34977974,0.50478706,0.35904059750693185,,130.55736159405234,-4.300265826284885,122.32876030659592,29.154781863093376,26.944762278937475,"Manny Machado",11493,592518
"Juan Soto","- - -",748,3239,150,499,452,44,0.19049089,0.17289287,0.23670008,0.3059505,0.28180416,0.41983318,0.51850424,0.39742299109932006,,152.13761686419403,-8.310970545746386,202.52208170624368,-39.8242130279541,26.854896906385715,"Juan Soto",20123,665742
"Paul Goldschmidt","- - -",813,3503,160,505,483,40,0.11932629,0.2243791,0.2209073,0.33964946,0.28829717,0.37643021,0.50920447,0.3775970946449914,,140.487005681671,13.068923020968214,186.50717770123703,-47.37206703424454,25.96631622151172,"Paul Goldschmidt",9218,502671
"Jose Altuve","HOU",657,2915,117,477,323,61,0.09674099,0.1457976,0.1992278,0.31165049,0.29305019,0.36666667,0.49227799,0.3675277295789814,,137.24149010248917,3.988047025632113,133.16623788184936,16.18912710249424,25.284026186738952,"Jose Altuve",5417,514888
"Xander Bogaerts","- - -",766,3269,120,450,445,46,0.09758336,0.18017742,0.195299,0.32971996,0.29381265,0.36586112,0.48911165,0.36452761913758686,,129.14316308454494,6.887241200776771,122.51324730184801,16.118460655212402,25.03293705155307,"Xander Bogaerts",12161,593428
"Marcus Semien","- - -",827,3742,146,553,451,81,0.09380011,0.16996259,0.19946253,0.28345546,0.2630636,0.33297673,0.46252613,0.3401300714836223,,116.92042863065949,17.546494686044753,95.93372958220354,23.233593940734863,24.836152879434973,"Marcus Semien",12533,543760
"Matt Chapman","- - -",769,3201,139,443,382,10,0.10777882,0.27085286,0.21975662,0.29723757,0.24230494,0.33177132,0.46206156,0.34013965547960523,,119.5393647185176,10.072961326921359,85.64956200693393,49.599272668361664,24.673384379454802,"Matt Chapman",16505,656305
"Ronald Acuña Jr.","ATL",643,2892,148,509,370,166,0.1137621,0.22648686,0.23830467,0.33469626,0.28828469,0.37902388,0.52658936,0.38388734875429065,,140.18419654539701,26.704600708559155,172.18373877628693,-19.118489861488342,24.64739776126474,"Ronald Acuna Jr.",18401,660670
"J.T. Realmuto","- - -",701,2860,111,393,396,62,0.07482517,0.22377622,0.20335021,0.31484502,0.26879626,0.33450088,0.47214647,0.3433573201571168,,115.7723471197313,22.236728858901188,77.32455759545574,72.8601052314043,24.51451936872017,"J.T. Realmuto",11739,592663
"Christian Yelich","MIL",732,3178,131,517,404,111,0.13152926,0.22592826,0.21050698,0.33882103,0.28251286,0.3821215,0.49301984,0.3726307444701529,,134.50470755212663,25.94854970788583,164.04109396219945,-39.66097795963287,23.21345844824613,"Christian Yelich",11477,592885
"Matt Olson","- - -",796,3400,195,474,543,8,0.11823529,0.23676471,0.2575706,0.28097909,0.25382783,0.34852941,0.51139843,0.36198448757200563,,132.4381046063647,-3.1735185962170362,131.9686800231769,-44.351466834545135,20.603707848961747,"Matt Olson",14344,621566
"Rafael Devers","BOS",754,3248,158,479,513,23,0.0794335,0.20412562,0.23387644,0.31276297,0.28071962,0.34308593,0.51459606,0.3600400323994063,,124.68836208936368,0.9573675533756614,97.73324498465456,-6.652674078941345,20.064046505773415,"Rafael Devers",17350,646240
"Carlos Correa","- - -",644,2746,105,348,362,4,0.10633649,0.21412964,0.18936877,0.30389908,0.26370432,0.34377276,0.45307309,0.34175399728473643,,119.58887589273137,-14.01466882484965,50.29983148014891,54.57529392838478,20.03689988594659,"Carlos Correa",14162,621043
"Bryce Harper","- - -",710,3065,147,468,446,67,0.15562806,0.23034258,0.24743083,0.32649472,0.27826087,0.39418681,0.5256917,0.3854456808169683,,141.77971232272253,-7.684212488820776,152.4334496112627,-51.28431910276413,19.99704739594218,"Bryce Harper",11579,547180
"Shohei Ohtani","LAA",710,2842,171,426,434,85,0.12068966,0.26389866,0.28350935,0.32432432,0.27416734,0.36485533,0.55767669,0.383137556707829,,145.26254033664205,11.170824144268408,164.71168796277226,-66.9283235669136,19.68469386621617,"Shohei Ohtani",19755,660271
"George Springer","- - -",648,2866,139,453,378,48,0.10153524,0.19190509,0.21965778,0.29153094,0.26900119,0.35003504,0.48865897,0.358057837277128,,129.97588737121507,3.5220383419655263,108.18306870838212,-11.166658386588097,19.59016262725595,"George Springer",12856,543807
"Dansby Swanson","- - -",761,3194,112,417,408,58,0.08547276,0.24765185,0.17770035,0.31187123,0.25505226,0.32234777,0.43275261,0.3234050472577413,,100.83353403794781,20.463610619539395,22.848146429873015,65.35452550649643,19.38004832510725,"Dansby Swanson",18314,621020
"Brandon Nimmo","NYM",632,2632,75,368,237,24,0.13221884,0.21732523,0.17748525,0.32758621,0.26690876,0.38095238,0.44439401,0.36131482359017636,,133.23985032613382,1.0676236671861261,108.44503100347679,-3.2826536558568478,19.34112037852327,"Brandon Nimmo",12927,607043
"Corey Seager","- - -",545,2357,109,344,360,8,0.09291472,0.16461604,0.22985217,0.30104874,0.28469242,0.35468816,0.51454459,0.3664593486869473,,133.6349962176532,-3.0821642850060016,94.33904776381377,19.11536866426468,19.19029545827086,"Corey Seager",13624,608369
"Max Muncy","LAD",723,2928,169,447,450,13,0.15403005,0.2465847,0.25733169,0.24935401,0.22924411,0.35655738,0.4865758,0.3595181483712627,,128.54158751440417,12.465251729590818,117.48300209770368,-23.81408441066742,19.18699504211847,"Max Muncy",13301,571970
"Javier Báez","- - -",755,3050,127,414,428,73,0.04491803,0.27442623,0.20091004,0.31727749,0.25656283,0.29734165,0.45747287,0.3189605874980671,,100.0650166548733,12.722868974786252,14.609097238551865,74.78183257579803,19.18070109128037,"Javier Baez",12979,595879
"Justin Turner","- - -",677,2803,107,393,395,15,0.09668213,0.15661791,0.19378577,0.31188376,0.28945217,0.37031752,0.48323794,0.36616297192962105,,132.21567703425742,-7.187859955709428,104.89946831237472,-13.789462566375732,18.5077107848622,"Justin Turner",5235,457759
"Trevor Story","- - -",613,2629,124,386,365,103,0.08292126,0.26245721,0.23912125,0.33205864,0.27249683,0.33891213,0.51161808,0.3584317983949216,,112.5589503385388,21.59144618944265,63.58987009368632,32.594217827543616,18.196937885687976,"Trevor Story",12564,596115
"Fernando Tatis Jr.","SDP",384,1679,101,281,261,75,0.09529482,0.25967838,0.27059611,0.33229814,0.28265238,0.35578069,0.55324849,0.3800230097984839,,142.62372285204555,17.95713240513578,109.6887445817305,11.295393228530884,17.60797518446575,"Fernando Tatis Jr.",19709,665487
"Jeff McNeil","NYM",646,2576,52,319,261,27,0.06715839,0.11529503,0.13761864,0.32290616,0.29853322,0.36225681,0.43615186,0.3463198342672934,,122.82649279264464,1.2751541777979583,74.22851623009768,16.124260425567627,17.579373213578386,"Jeff McNeil",15362,643446
"Cody Bellinger","- - -",712,2854,133,423,400,70,0.10266293,0.21303434,0.22266244,0.28318584,0.25554675,0.33286615,0.47820919,0.34053008233481025,,116.15671246567562,15.97026298311539,76.20238369641892,6.12248033285141,17.545364904021227,"Cody Bellinger",15998,641355
"Ozzie Albies","ATL",684,2975,120,442,408,66,0.06521008,0.17344538,0.20989011,0.28975932,0.26886447,0.31998654,0.47875458,0.33718156840735236,,108.55475393975253,25.831014953786507,58.530049114522846,15.73937326669693,17.067426930959805,"Ozzie Albies",16556,645277
"Yordan Alvarez","HOU",452,1899,119,305,355,2,0.1195366,0.22011585,0.28842621,0.32313231,0.2927128,0.38388626,0.58113901,0.4028446819236938,,161.93547179574978,-1.9359105986077338,138.40694397831606,-36.421373069286346,16.860594976126805,"Yordan Alvarez",19556,670541
"Starling Marte","- - -",662,2814,82,417,327,157,0.05579247,0.18088131,0.16433566,0.32865028,0.28632479,0.34223647,0.45066045,0.3410857125973114,,116.30730821875133,23.787769098300487,80.34338236337223,-5.786982968449593,16.778246974310285,"Starling Marte",9241,516782
"DJ LeMahieu","- - -",706,3108,85,440,328,22,0.09137709,0.1463964,0.14665708,0.31285904,0.28504673,0.35244845,0.43170381,0.33945967741550936,,114.34093648804107,-12.805083857150748,42.19921182593226,22.196186751127243,16.696062219468782,"DJ LeMahieu",9874,518934
"Ketel Marte","ARI",692,2872,95,385,338,30,0.08948468,0.1514624,0.20054411,0.30776699,0.28332686,0.3517938,0.48387097,0.35517289204310504,,122.23057232859018,-1.9392282182816416,79.9016680476297,-8.807015538215637,16.536469801230055,"Ketel Marte",13613,606466
"Anthony Rendon","- - -",482,2100,80,296,329,11,0.11904762,0.14380952,0.21181717,0.30340988,0.28762542,0.37952381,0.49944259,0.37208295769835686,,132.7825313531506,3.8307641248684376,91.47510699620517,3.581348732113838,16.30242008110469,"Anthony Rendon",12861,543685
"Whit Merrifield","- - -",803,3477,69,458,354,156,0.06471096,0.15703192,0.13471178,0.32223498,0.285401,0.33323741,0.42011278,0.3240696388979896,,102.86033748642205,21.158223326550797,33.956018874140966,5.594718714244664,16.192968248418016,"Whit Merrifield",11281,593160
"Eugenio Suárez","- - -",784,3264,178,394,494,8,0.10784314,0.28645833,0.23514851,0.2907842,0.24257426,0.33394608,0.47772277,0.3452812747578486,,116.54789009594724,-19.124160305364057,46.48836185337656,3.9318264201283455,16.059984943531095,"Eugenio Suarez",12552,553993
"Willy Adames","- - -",688,2792,115,357,341,29,0.09061605,0.27829513,0.19083665,0.31146536,0.24820717,0.31801866,0.43904382,0.3250600851809404,,106.36426652024021,7.290420449804515,29.265662287209597,32.01476216316223,15.68588829273685,"Willy Adames",15986,642715
"Tim Anderson","CHW",624,2668,72,389,249,91,0.04235382,0.2173913,0.14212193,0.34944238,0.28899446,0.32295574,0.43111639,0.3237001011015149,,104.54740548965323,12.521111773792654,28.531038941352886,33.65866333246231,15.54990558631718,"Tim Anderson",15172,641313
"Kyle Tucker","HOU",526,2096,99,289,353,78,0.09685115,0.16030534,0.23345885,0.28472222,0.27380312,0.34484412,0.50726197,0.35995629647531313,,132.63591687895777,14.70347140962258,96.39823462219417,-13.574945837259293,15.54907526081668,"Kyle Tucker",18345,663656
"Bo Bichette","TOR",507,2233,87,316,301,49,0.05373936,0.20734438,0.18949881,0.34987113,0.30071599,0.34079713,0.4902148,0.3553212889099634,,127.59153957724517,0.7288115506526083,74.30063847994685,0.8976732492446899,15.104057816083118,"Bo Bichette",19612,666182
"Will Smith","LAD",460,1853,88,257,295,8,0.11117107,0.18456557,0.22715736,0.27768313,0.26269036,0.35779817,0.48984772,0.36064379378328104,,130.19179565707606,-5.079828970367089,64.26734235794783,20.419408651068807,14.839386951404947,"Will Smith",19197,669257
"Tommy Edman","STL",567,2304,51,330,213,96,0.06163194,0.16493056,0.1454889,0.30011792,0.26452527,0.3181027,0.41001417,0.3147327403660536,,99.81957502563074,23.71390727488324,23.208871584958843,44.42132568359375,14.832162977897656,"Tommy Edman",19470,669242
"Sean Murphy","- - -",421,1630,66,205,212,1,0.10184049,0.23128834,0.20538243,0.28323108,0.24291785,0.33824432,0.44830028,0.34117540975399524,,121.97652404644927,-7.244267405709252,35.609302374386914,55.957630693912506,14.81158477503131,"Sean Murphy",19352,669221
"Yasmani Grandal","- - -",637,2465,96,277,293,8,0.15212982,0.2296146,0.18567251,0.27253371,0.23391813,0.35430195,0.41959064,0.3378792283689166,,112.64908373364527,-29.762284240219742,11.036569361545219,52.86782419681549,14.532138101437049,"Yasmani Grandal",11368,518735
"Pete Alonso","NYM",653,2775,185,383,476,14,0.09945946,0.2209009,0.27902156,0.26148194,0.25373134,0.3445045,0.5327529,0.3664188363054736,,135.98728970673162,-14.238461039494723,110.5279062146071,-56.75808393955231,14.48907623263807,"Pete Alonso",19251,624413
"Austin Riley","ATL",579,2430,127,339,354,5,0.07695473,0.25884774,0.23256881,0.3227367,0.27247706,0.33786008,0.50504587,0.357135406481333,,123.83874108474807,-5.409772092010826,64.38076741915704,-5.163965076208115,14.186095384914701,"Austin Riley",18360,663586
"Bryan Reynolds","PIT",610,2526,92,340,303,26,0.09422011,0.21496437,0.19866072,0.32736257,0.27767857,0.35366337,0.47633929,0.354140813725878,,121.34129746573868,2.784656021744013,70.39554085427976,-15.752374444156885,14.13664408983116,"Bryan Reynolds",19326,668804
"Max Kepler","MIN",676,2714,114,372,318,21,0.10537951,0.17464996,0.20470786,0.24254144,0.23245061,0.3201916,0.43715847,0.3250564910592498,,106.00631577484626,2.873427995480597,23.66040560879171,17.71933527290821,13.642868157428072,"Max Kepler",12144,596146
"Anthony Rizzo","- - -",727,3066,129,384,396,26,0.10241357,0.15949119,0.20076482,0.26944032,0.25736138,0.35942596,0.4581262,0.3510964691147969,,122.71332345803621,-20.62384639121592,65.36048481197876,-32.7818204164505,13.557337950728854,"Anthony Rizzo",3473,519203
"Mark Canha","- - -",699,2707,85,374,306,30,0.11230144,0.19763576,0.17164179,0.29184038,0.2524144,0.36313262,0.42405619,0.3445884276760949,,122.88446133460273,1.1902829664759338,77.27127804746935,-36.35870234668255,13.486877503114417,"Mark Canha",11445,592192
"J.D. Martinez","- - -",729,3163,155,448,501,10,0.09421435,0.24027822,0.24172303,0.3387013,0.28729085,0.35623813,0.52901388,0.37087499662676215,,132.65560469056584,-22.420632078778,103.03006496565618,-77.2370504681021,13.324576545826275,"J.D. Martinez",6184,502110
"Chris Taylor","LAD",693,2567,80,344,302,55,0.09972731,0.30112972,0.18495576,0.33591005,0.24690265,0.32969177,0.43185841,0.32798915242626037,,107.70800971603849,18.41953955194913,43.731268311666526,3.049326851963997,13.257664275155339,"Chris Taylor",13757,621035
"Brandon Lowe","TBR",483,1931,101,266,291,24,0.10409114,0.27602279,0.2390791,0.29466791,0.24557261,0.33350596,0.48465171,0.34824488248983443,,126.49060323902421,16.29278457001783,79.18900615707189,-10.448168225586414,13.254788493205883,"Brandon Lowe",18882,664040
"Brandon Crawford","SFG",686,2624,72,303,315,23,0.08955793,0.21379573,0.15203426,0.29333333,0.24753747,0.32138772,0.39957173,0.3094175855625195,,95.5175809668751,0.481238457839936,-13.939995544871962,58.69525703787804,13.250234656659766,"Brandon Crawford",5343,543063
"Harrison Bader","- - -",586,1973,56,259,204,71,0.07349214,0.24480487,0.15640881,0.30312751,0.24505929,0.31335703,0.4014681,0.30784518526131877,,94.79885668520335,20.39100099983625,7.91996634009595,55.407812029123306,13.032095621981368,"Harrison Bader",18030,664056
"Michael Conforto","- - -",594,2424,99,315,315,18,0.12293729,0.23349835,0.19275362,0.30021142,0.25362319,0.35684818,0.44637681,0.34525257306864576,,120.10877901348466,0.39861334091983736,62.56046879976143,-9.149047315120697,12.965405833653243,"Michael Conforto",16376,624424
"Yoán Moncada","CHW",648,2749,79,323,304,28,0.09603492,0.28628592,0.16816327,0.34106583,0.25428571,0.33041894,0.42244898,0.32527859000317066,,105.63194221796437,9.495815124362707,30.834634145576707,2.828571915626526,12.89066670450535,"Yoan Moncada",17232,660162
"Joey Gallo","- - -",658,2445,149,334,329,18,0.15051125,0.37382413,0.26108134,0.25478348,0.19581101,0.32324059,0.45689235,0.3343415875509504,,109.50107766840084,14.030035441741347,43.49950032311086,0.405173659324646,12.803504661263606,"Joey Gallo",14128,608336
"Gleyber Torres","NYY",705,2882,118,359,363,48,0.08674532,0.20471895,0.1863162,0.29847609,0.26517201,0.33090024,0.45148821,0.33479846598297314,,114.45630421931189,-5.554228672757745,44.82525345725906,-15.018095403909683,12.784847893618956,"Gleyber Torres",16997,650402
"Byron Buxton","MIN",392,1507,87,235,202,45,0.07033842,0.27803583,0.26788321,0.27752294,0.24014599,0.3025266,0.5080292,0.34076019837648214,,117.97081507562248,19.682918309699744,52.02031052944206,20.413020223379135,12.564640300631053,"Byron Buxton",14161,621439
"Willson Contreras","- - -",651,2582,97,313,307,21,0.09759876,0.24128582,0.19389587,0.30157687,0.24955117,0.34651163,0.44344704,0.3424177694292891,,115.6374228094714,-15.29454135010019,34.629087721570926,1.458836508449167,12.377171843228359,"Willson Contreras",11609,575929
"Christian Walker","ARI",648,2551,113,334,340,20,0.09760878,0.22304978,0.21251109,0.28768844,0.25332742,0.33215686,0.46583851,0.34020559859614,,113.2139076821717,4.524817894212902,45.504949295917314,-8.603165954351425,12.320729742518115,"Christian Walker",13419,572233
"Michael Brantley","- - -",522,2240,57,297,261,19,0.08035714,0.10580357,0.15836212,0.32378223,0.30685742,0.36656236,0.46521954,0.35686854258720674,,127.07256537036686,-2.1568513039965183,72.04195405139026,-28.797983668744564,12.109706623244016,"Michael Brantley",4106,488726
"Teoscar Hernández","- - -",712,2868,143,379,425,41,0.06938633,0.29497908,0.22685888,0.33152502,0.26289833,0.31810255,0.48975721,0.34273210920489755,,118.29270703133544,-3.6905294749885798,58.90564096023081,-35.813338696956635,11.990953258415539,"Teoscar Hernandez",13066,606192
"Jorge Polanco","MIN",598,2593,90,340,325,32,0.08870035,0.18704204,0.18240621,0.30424929,0.27037516,0.33758701,0.45278137,0.33849183169160757,,115.28282824844345,6.080497944960371,54.34088666521994,-26.869179477915168,11.889961497692134,"Jorge Polanco",13152,593871
"Josh Donaldson","- - -",536,2189,102,285,277,8,0.13202376,0.2407492,0.22066738,0.27061649,0.23681378,0.34307903,0.45748116,0.3427501454477953,,117.05748338267011,-13.377254132181406,34.35962569705806,11.36061890795827,11.825704122213702,"Josh Donaldson",5038,518626
"Ian Happ","CHC",690,2578,95,312,303,40,0.12335144,0.27114042,0.19379496,0.3148405,0.24685252,0.34485437,0.44064748,0.33933993772213794,,114.24811378931993,4.2329603298567235,49.39734792042836,-20.30126941204071,11.785653420483024,"Ian Happ",17919,664023
"Andrew Benintendi","- - -",683,2900,56,362,318,61,0.09413793,0.1762069,0.14058252,0.32645034,0.27961165,0.34936008,0.42019417,0.33339910357983865,,108.3132796497896,9.97071588668041,37.95716232878887,-22.65451008081436,11.631806384956047,"Andrew Benintendi",17901,643217
"Jeimer Candelario","- - -",685,2815,82,336,297,15,0.09484902,0.23410302,0.1731463,0.29767968,0.24368737,0.32480455,0.41683367,0.3218777469147478,,102.89177157267711,3.469383673975244,14.20051859658824,4.322551608085632,11.618604983963627,"Jeimer Candelario",13621,600869
"Cedric Mullins","BAL",514,2112,65,264,206,89,0.08143939,0.19554924,0.17478814,0.30007027,0.26059322,0.32776718,0.43538136,0.32938343238055223,,110.2592245437486,14.040954835014418,39.63176357152395,4.947107627987862,11.610555777038424,"Cedric Mullins",17929,656775
"Luis Robert Jr.","CHW",346,1440,70,209,199,42,0.05486111,0.24930556,0.22138555,0.33480663,0.28087349,0.32937893,0.50225904,0.3528446913768667,,125.8830113819249,10.148277336033061,54.93744619791709,9.11541223526001,11.536298582207632,"Luis Robert Jr.",20043,673357
"José Abreu","- - -",769,3323,129,411,512,5,0.07372856,0.20463437,0.19186828,0.31411711,0.27587366,0.34065603,0.46774194,0.34405296786650225,,119.29816909283403,-16.826183556579053,59.971997915548215,-62.99470508284867,11.402471513720645,"Jose Abreu",15676,547989
"Yandy Díaz","- - -",534,2195,56,295,251,6,0.12118451,0.14624146,0.14947368,0.32268579,0.29,0.38041002,0.43947368,0.35705801738257376,,133.4588910999556,-17.567021292401478,69.43076808927711,-30.14988897368312,11.39600381658503,"Yandy Diaz",16578,650490
"Jake Cronenworth","SDP",491,2041,52,262,227,16,0.09260167,0.17050465,0.16816144,0.28051392,0.24943946,0.33136095,0.4176009,0.3244269502357971,,109.47279819158851,10.621360879624262,34.6510446159273,4.963851876556873,11.074160811971772,"Jake Cronenworth",18036,630105
"Kyle Schwarber","- - -",748,3063,189,434,426,18,0.13973229,0.2791381,0.26666667,0.25670498,0.22774566,0.34062704,0.49441233,0.352596440802008,,121.39901223816942,-4.664639167953283,75.96699154311906,-69.99964880943298,11.050327471135493,"Kyle Schwarber",16478,656941
"Nick Ahmed","ARI",579,2126,50,236,243,29,0.07337723,0.20413923,0.15463917,0.28086839,0.23917526,0.29594722,0.39381443,0.29539906668606664,,81.1809601656353,4.475620142649859,-45.92228947931115,85.20673942565918,10.876368467639889,"Nick Ahmed",12147,605113
"Kevin Kiermaier","- - -",553,1935,41,246,195,63,0.07235142,0.24031008,0.14943182,0.29849565,0.2375,0.30036251,0.38693182,0.29638966146600965,,89.88905012012707,12.052883147029206,-12.025532510551216,55.126115918159485,10.825599350889537,"Kevin Kiermaier",11038,595281
"Kris Bryant","- - -",534,2280,86,328,250,16,0.10482456,0.22017544,0.19757453,0.31857143,0.26882264,0.36140351,0.46639717,0.35522641430031415,,119.32240118069174,8.063285056268796,64.16360495650316,-31.5850000269711,10.822196250253228,"Kris Bryant",15429,592178
"Mike Yastrzemski","SFG",525,2011,84,294,250,14,0.1009448,0.25261064,0.22046354,0.28763667,0.24081402,0.32452642,0.46127756,0.3344350935581452,,112.91042848861285,10.911853573517874,44.3504198604088,-4.256013035774231,10.767754970415332,"Mike Yastrzemski",14854,573262
"J.P. Crawford","- - -",613,2546,38,312,219,20,0.10997643,0.17556952,0.11764706,0.29867892,0.25248869,0.34175217,0.37013575,0.3154925098539717,,104.11420402952835,-2.255305573809892,9.767042865021953,10.813376784324646,10.765565392307083,"J.P. Crawford",15491,641487
"Kolten Wong","- - -",645,2369,52,284,229,65,0.08062474,0.16462642,0.1407977,0.29010856,0.25612686,0.33404165,0.39692456,0.31816818672385494,,100.59296221750651,14.338390559190884,16.499849520217193,10.69203507900238,10.762261419138497,"Kolten Wong",12532,543939
"Adolis García","- - -",455,1847,90,261,286,49,0.06821873,0.28965891,0.21847247,0.3,0.24511545,0.3010287,0.46358792,0.32613224921833855,,107.7506392095633,8.554277847521007,25.1006943792541,17.477331824600697,10.596775964187389,"Adolis Garcia",19287,666969
"Jean Segura","- - -",656,2747,56,344,260,60,0.06224973,0.13469239,0.1220769,0.30648982,0.27863654,0.33041256,0.40071344,0.3166166717379728,,97.83439078317832,0.12026371341198683,-7.7954471005428605,21.818399488925934,10.536405822674576,"Jean Segura",5933,516416
"Julio Rodríguez","SEA",257,1139,51,163,159,60,0.07111501,0.25285338,0.20749279,0.34566145,0.28242075,0.34328358,0.48991354,0.35745609638547726,,135.9961482809405,9.812581891193986,57.110765291246736,7.890871524810791,10.517408313194295,"Julio Rodriguez",23697,677594
"Randy Arozarena","- - -",462,1891,68,268,243,76,0.09254363,0.25436277,0.18719807,0.33392857,0.26690821,0.35113696,0.45410628,0.3485718096282817,,128.95344643413122,-1.4374365392141044,63.778426935145774,-22.434246622025967,10.503243629540258,"Randy Arozarena",19290,668227
"Andrés Giménez","- - -",388,1399,37,168,145,60,0.0571837,0.20586133,0.15248796,0.30967742,0.26083467,0.33093525,0.41332263,0.3245549817822572,,111.24307092022052,10.8588185464032,27.896036035543187,28.758174180984497,10.490766042487262,"Andres Gimenez",19950,665926
"Tommy Pham","- - -",712,2887,90,395,308,85,0.11465189,0.23034292,0.16547335,0.3079955,0.25338107,0.34395566,0.41885442,0.331403148269587,,110.85192733924877,10.401456750696525,49.62050505277546,-44.38619267940521,10.358307002636508,"Tommy Pham",2967,502054
"Eduardo Escobar","- - -",722,2932,115,355,407,11,0.07503411,0.20668486,0.20374532,0.28361982,0.25318352,0.30979188,0.45692884,0.3232957880207143,,102.322450691457,2.5877647844608873,10.854409153103637,-7.11697762645781,10.296137497383981,"Eduardo Escobar",6153,500871
"Ramón Laureano","- - -",487,1945,70,257,214,54,0.07300771,0.26735219,0.18778802,0.30775862,0.24596774,0.31944444,0.43375576,0.32440407381013586,,109.9129702173221,12.067465004511178,36.45286545864591,-0.5088043063879013,10.274929003284653,"Ramon Laureano",17128,657656
"Luis Arraez","- - -",514,2097,19,270,190,10,0.08059132,0.07725322,0.09626512,0.34331797,0.32351394,0.37881679,0.41977906,0.34719276053368675,,122.1404865639253,-0.40371564542874694,55.289779336059766,-27.42520548775792,10.074304272150501,"Luis Arraez",18568,650333
"Nico Hoerner","CHC",367,1448,22,183,163,62,0.06698895,0.13190608,0.11136364,0.30913978,0.2780303,0.33517623,0.38939394,0.3162588007836146,,99.72032773401446,9.880086201708764,8.883636447561653,39.89909964799881,10.042165285302577,"Nico Hoerner",21479,663538
"Adam Frazier","- - -",748,2810,48,349,244,36,0.07330961,0.12491103,0.12593467,0.29168602,0.26603699,0.32808023,0.39197166,0.31307063225229737,,97.17200168996786,0.07448961376212537,-8.492787271175715,14.019898422062397,9.973389951611452,"Adam Frazier",15223,624428
"Nelson Cruz","- - -",630,2569,141,322,411,9,0.09420008,0.23433243,0.23032714,0.3023407,0.26790451,0.34595861,0.49823165,0.3552163641992552,,127.68347658559871,-14.866423040395603,73.95691466578751,-64.49464572221041,9.858603129888639,"Nelson Cruz",2434,443558
"Alex Verdugo","- - -",612,2443,55,326,251,19,0.07572657,0.15022513,0.14923355,0.31848185,0.2858431,0.34234234,0.43507665,0.33413705598763704,,108.27496603383725,2.893846404273063,27.86835794125499,-8.801601707935333,9.781696121651542,"Alex Verdugo",17027,657077
"Brandon Belt","- - -",587,2299,92,288,252,12,0.13310135,0.25315355,0.20510204,0.30709877,0.25,0.35624184,0.45510204,0.348547647070373,,121.23508491586432,-2.4222949352115393,58.74310002329633,-36.97518575191498,9.748242859472366,"Brandon Belt",10264,474832
"Joey Wendle","- - -",591,2132,29,247,199,57,0.05393996,0.1880863,0.12724474,0.31712062,0.26577732,0.31608655,0.39302206,0.3060194801822495,,95.7031994259965,6.465562809258699,-5.139104776775659,29.057305991649628,9.677832914842014,"Joey Wendle",13853,621563
"Vladimir Guerrero Jr.","TOR",631,2715,124,359,386,17,0.09576427,0.16095764,0.21083092,0.29679144,0.2806945,0.35469613,0.49152542,0.3606340438017057,,130.51040279083597,-19.99526138906367,79.13756684420605,-75.03693294525146,9.60816286268179,"Vladimir Guerrero Jr.",19611,665489
"Tyler O'Neill","STL",464,1586,76,235,212,38,0.08322825,0.30390921,0.21086037,0.3180778,0.24964739,0.32030265,0.46050776,0.3345693384789278,,112.61895122284287,7.958176991902292,33.228198860082045,6.6739345490932465,9.520194473942235,"Tyler O'Neill",15711,641933
"Rhys Hoskins","PHI",617,2665,130,355,357,13,0.13170732,0.2412758,0.24191405,0.27581612,0.24102791,0.34986847,0.48294196,0.355940689557101,,123.13683800650206,-5.748086253879592,70.51946255808433,-62.092995166778564,9.483652354096975,"Rhys Hoskins",16472,656555
"Carlos Santana","- - -",787,3287,122,403,406,14,0.14450867,0.15819897,0.17907227,0.24027778,0.23049263,0.34256161,0.4095649,0.3268935332954423,,105.25220350516621,2.676834175363183,25.13092385801033,-42.933022528886795,9.4463172005208,"Carlos Santana",2396,467793
"David Peralta","- - -",690,2624,74,274,347,11,0.07660061,0.19740854,0.16966904,0.31808159,0.27272727,0.33117378,0.44239631,0.3305828328147256,,107.0546047160693,-2.155795152299106,20.50366620568435,-13.873231887817383,9.41579196667671,"David Peralta",2136,444482
"Wander Franco","TBR",265,1143,30,164,130,40,0.08048994,0.1216098,0.1726133,0.29874572,0.28158149,0.34033246,0.45419479,0.34091257316381707,,123.55287306095114,7.053564848611131,39.14371431406371,14.308346271514893,9.288727670424548,"Wander Franco",23667,677551
"Brian Anderson","- - -",599,2421,66,275,265,13,0.09376291,0.24039653,0.15384615,0.31392236,0.25093809,0.3362247,0.40478424,0.32294413290525736,,103.91113203140455,-2.6212703965138644,10.077352135966951,4.321239531040192,9.13457713902286,"Brian Anderson",18289,605119
"Hunter Renfroe","- - -",691,2663,145,340,374,11,0.07923395,0.24896733,0.23807549,0.26613399,0.23973455,0.30214205,0.47781004,0.32981122352146414,,107.60307674354932,-6.717765738023445,17.28089536452744,-14.930206283926964,9.068422759146657,"Hunter Renfroe",15464,592669
"Mitch Haniger","- - -",474,2064,95,297,281,14,0.08866279,0.24467054,0.21264994,0.29904306,0.25627045,0.32945736,0.46892039,0.33991225098589517,,119.64605382857005,-0.6775312088429928,48.00708731844428,-29.769680988043547,9.003375583347905,"Mitch Haniger",14274,571745
"Buster Posey","SFG",332,1347,30,158,135,3,0.10022272,0.15664439,0.13439065,0.31912682,0.28130217,0.35661218,0.41569282,0.33439638914238096,,110.60727042762404,-11.719503830419853,5.996899897864026,39.896736204624176,8.939519862984543,"Buster Posey",9166,457763
"Ha-Seong Kim","SDP",393,1383,36,159,142,47,0.09833695,0.1945047,0.1473251,0.28913043,0.24855967,0.32872727,0.39588477,0.31827548211318435,,106.52944290420291,7.310790966032073,17.872750865720338,22.817654848098755,8.908891887028823,"Ha-Seong Kim",27506,673490
"Trent Grisham","- - -",520,1956,60,242,205,43,0.11349693,0.26687117,0.16983373,0.27493261,0.21733967,0.31565396,0.3871734,0.30844798006305624,,97.24169173621168,10.803930915426463,4.956748100098536,16.85128605365753,8.85416396207277,"Trent Grisham",18564,663757
"Daulton Varsho","- - -",412,1506,57,188,171,40,0.08300133,0.2377158,0.18597786,0.26898734,0.2302583,0.29933333,0.41623616,0.3096678667890285,,95.8045254752956,11.372099090134725,3.4062044285855944,31.11944561637938,8.823025512031819,"Daulton Varsho",19918,662139
"Giancarlo Stanton","NYY",527,2223,130,273,348,6,0.10841206,0.28834908,0.24293785,0.29396985,0.24704674,0.33183251,0.48998459,0.3493698879894276,,124.84499876569026,-13.601932709570974,52.928416103325034,-40.956424713134766,8.786297438643,"Giancarlo Stanton",4949,519317
"Nick Castellanos","- - -",769,3273,133,443,440,21,0.06263367,0.23373052,0.21012575,0.33737751,0.28325612,0.33241674,0.49338187,0.34929818565660514,,117.81835979285938,-4.697227902011946,68.75762004797666,-94.65929222106934,8.73253102107522,"Nick Castellanos",11737,592206
"Elvis Andrus","- - -",659,2635,46,303,242,80,0.06148008,0.1544592,0.11600165,0.28356713,0.25174825,0.30178639,0.3677499,0.29126772208498786,,80.88754149549722,17.262173478258774,-45.05879341827364,40.11562693119049,8.695692923769743,"Elvis Andrus",8709,462101
"Adley Rutschman","BAL",238,1027,29,137,103,5,0.13242454,0.16553067,0.16818182,0.29694323,0.26477273,0.36416748,0.43295455,0.34834880709881416,,126.5237681566952,2.1720931348390877,33.66900065618643,16.27384066581726,8.6515743081766,"Adley Rutschman",26288,668939
"Wilmer Flores","- - -",658,2314,88,278,292,2,0.07994814,0.13742437,0.18632643,0.27551622,0.26721233,0.33189283,0.45353876,0.3367359986036887,,114.5907004343535,-12.655230941483751,29.715566178808807,-20.48771023750305,8.644859466462826,"Wilmer Flores",5827,527038
"Lorenzo Cain","MIL",415,1706,30,226,133,63,0.0926143,0.16764361,0.11045365,0.31327288,0.2695595,0.34369501,0.38001315,0.317876018675649,,96.35512109977797,10.584786016959697,2.563165069271868,27.337330773472786,8.575934798379715,"Lorenzo Cain",9077,456715
"Ke'Bryan Hayes","PIT",353,1454,28,166,139,39,0.07565337,0.21320495,0.13673929,0.31931932,0.26070624,0.31911967,0.39744553,0.3119828386986551,,94.48340246402866,1.2300846090074629,-7.956056468737863,42.79008421301842,8.57460898701803,"Ke'Bryan Hayes",18577,663647
"Travis d'Arnaud","- - -",374,1468,60,180,224,1,0.06880109,0.22615804,0.19104477,0.29885057,0.25820896,0.31675749,0.44925373,0.32849699855662823,,106.98681506128868,-8.89561677747406,3.1505418707964825,31.780792254954576,8.491704087698604,"Travis d'Arnaud",7739,518595
"Gary Sánchez","- - -",557,2153,119,260,314,3,0.10032513,0.27960985,0.23101266,0.22531646,0.2035865,0.29400836,0.43459916,0.3117842432172231,,98.26166859103267,-10.162270220695063,-13.728113315154268,26.161638280376792,8.478863029270052,"Gary Sanchez",11442,596142
"Matt Carpenter","- - -",581,1951,77,253,237,13,0.14095336,0.26089185,0.20664207,0.27582938,0.22632226,0.3461736,0.43296433,0.3358818431190091,,114.17597040174275,1.6305940500460565,32.84375852684961,-15.78131728619337,8.32766341041946,"Matt Carpenter",8090,572761
"Marcell Ozuna","- - -",623,2614,129,329,385,17,0.08913542,0.21346595,0.20720339,0.28545994,0.25847458,0.3256793,0.46567797,0.3376861839285281,,112.32753336197725,1.9582847310230136,43.24752750755816,-43.34296569228172,8.257142241932684,"Marcell Ozuna",10324,542303
"Josh Bell","- - -",768,3124,120,385,420,2,0.1190781,0.18886044,0.19504987,0.28804348,0.25969708,0.34924704,0.45474695,0.3433110094609669,,116.80809231151127,-23.454620509874076,42.23020972083371,-65.40586471557617,8.249632103911022,"Josh Bell",13145,605137
"Danny Jansen","TOR",406,1368,63,171,193,1,0.08991228,0.20175439,0.20729685,0.23542857,0.22305141,0.30667645,0.43034826,0.31708871389136595,,100.24043006985366,0.22122493875212967,-1.1280919951911033,36.13080975227058,8.183221429296626,"Danny Jansen",16535,643376
"Adam Duvall","- - -",536,1898,107,242,309,11,0.07007376,0.29504742,0.24104047,0.26722533,0.22774566,0.29030558,0.46878613,0.32121062993499505,,99.093564675834,6.781475869240239,5.196818173566349,14.39335185289383,8.098119056011463,"Adam Duvall",10950,594807
"Mitch Garver","- - -",399,1459,75,196,210,2,0.10692255,0.25908156,0.23377639,0.29976019,0.25410477,0.33973919,0.48788116,0.35189109311480704,,123.27632778794847,-2.893084193347022,39.49884249315057,-8.527374655008316,8.095783186205974,"Mitch Garver",15161,641598
"Aaron Hicks","- - -",483,1857,64,260,215,29,0.14270328,0.22347873,0.16869009,0.27,0.23067093,0.34304207,0.39936102,0.32605554823491173,,108.23673195088874,14.076530515449122,32.776853562420314,-15.096942156553268,8.037400136803496,"Aaron Hicks",5297,543305
"Ryan McMahon","COL",713,2652,102,330,346,24,0.10143288,0.28431373,0.18861512,0.31568498,0.24596432,0.32553753,0.43457944,0.32730168586599667,,90.43767374544883,-2.527006321121007,-34.36711904209954,24.305310115218163,7.962379400523684,"Ryan McMahon",15112,641857
"Jonathan Schoop","- - -",638,2477,85,296,272,9,0.04683084,0.22083165,0.16334489,0.28285209,0.24480069,0.28727273,0.40814558,0.297445541786694,,86.81312325763695,-4.664009797386825,-42.092182185358936,35.59926547110081,7.921555889100047,"Jonathan Schoop",11265,570731
"Cal Raleigh","SEA",281,1009,54,115,140,1,0.08820614,0.29732408,0.23982398,0.25088968,0.21452145,0.28543112,0.45434543,0.3163145674717805,,106.97140711501184,-1.6328496064525098,5.998461446787818,37.53934574127197,7.9035242917765824,"Cal Raleigh",21534,663728
"Chas McCormick","HOU",316,1086,47,144,152,22,0.09668508,0.28360958,0.19519833,0.33169935,0.26096033,0.33917051,0.45615866,0.3437981603332379,,122.1970908496623,0.07875356310978532,28.642568823912168,13.097639203071594,7.892707260054237,"Chas McCormick",19599,676801
"Nicky Lopez","- - -",533,1868,6,212,129,41,0.07334047,0.14239829,0.06976744,0.29361702,0.25044723,0.31226158,0.32021467,0.2819236560803343,,73.34421327040914,10.049819383537397,-49.69164316088009,62.11392851173878,7.872660268170556,"Nicky Lopez",19339,670032
"Amed Rosario","- - -",769,3138,56,396,320,86,0.04652645,0.18865519,0.12758037,0.32401033,0.27377327,0.30960741,0.40135364,0.3057475126243301,,95.94694738301234,7.961185265798122,-7.941707895610664,-15.579125344753265,7.853017659193098,"Amed Rosario",15518,642708
"Kyle Seager","SEA",480,1991,89,225,282,12,0.08689101,0.20994475,0.20707071,0.24089853,0.22446689,0.29784028,0.4315376,0.3104181863476517,,98.75435232725445,-1.7156387637369335,-4.1539635437808,13.84762667864561,7.826522721980446,"Kyle Seager",9785,572122
"Joc Pederson","- - -",705,2339,121,328,320,8,0.09705002,0.22017956,0.23781677,0.26866713,0.24658869,0.33119384,0.48440546,0.3459095438287264,,119.7271629494806,-2.8481944904197007,53.485826958788216,-53.265692949295044,7.8191299840098525,"Joc Pederson",11899,592626
"Jason Heyward","- - -",574,2049,55,260,210,19,0.10200098,0.17569546,0.15282392,0.27837259,0.24640089,0.32892805,0.39922481,0.3157710003407421,,96.41416315257497,10.005648169666529,1.1809132571188687,8.881524980068207,7.802223032171352,"Jason Heyward",4940,518792
"César Hernández","- - -",676,2890,54,351,247,39,0.09273356,0.19411765,0.11666667,0.30703085,0.25620155,0.33044383,0.37286822,0.30836955710426334,,92.95655058221743,1.8986909587401897,-22.78326583614144,3.667063295841217,7.800396412374647,"Cesar Hernandez",10556,514917
"Yuli Gurriel","- - -",710,2893,76,345,365,23,0.0636018,0.11545109,0.15558912,0.29230769,0.27983384,0.32803318,0.43542296,0.32637660723059575,,108.15706533536074,-7.484374985098839,23.089443884404094,-44.20508377254009,7.708676743061615,"Yuli Gurriel",19198,493329
"Christian Vázquez","- - -",605,2190,52,232,238,21,0.06255708,0.1826484,0.12931885,0.29526814,0.25666338,0.30540293,0.38598223,0.29888728016174515,,83.93075346144846,-28.30874343868345,-70.58421595260924,74.54741644859314,7.686204273619554,"Christian Vazquez",9774,543877
"Brett Gardner","NYY",470,1778,55,248,173,33,0.11417323,0.19685039,0.17555266,0.26829268,0.23602081,0.32730356,0.41157347,0.3195482565899769,,101.34151924770106,17.023241949034855,20.569871411096113,-4.298583269119263,7.626690608214549,"Brett Gardner",9927,458731
"José Iglesias","- - -",565,2122,31,234,226,28,0.03770028,0.12488219,0.1175,0.31640397,0.2865,0.32200189,0.404,0.31352533206308425,,91.16080067888323,-3.1536118667572737,-26.380589087875446,32.80489592254162,7.621435353840781,"Jose Iglesias",10231,578428
"Paul DeJong","- - -",607,2334,91,285,278,22,0.08226221,0.26349614,0.17862302,0.26024443,0.21810303,0.2953279,0.39672605,0.2989727768007778,,87.97508887320224,0.17781345220282674,-33.73328736150692,32.505001589655876,7.606758239780878,"Paul DeJong",18015,657557
"Lourdes Gurriel Jr.","- - -",584,2340,88,277,321,18,0.05683761,0.1965812,0.18744229,0.31498471,0.27839335,0.32363014,0.46583564,0.3360753264118427,,112.47913795851505,-10.664882615907118,24.894194808021574,-27.138656497001648,7.528952163231731,"Lourdes Gurriel Jr.",19238,666971
"Manuel Margot","- - -",638,2226,38,252,233,71,0.07232704,0.17520216,0.12487709,0.29223181,0.25172075,0.30751914,0.37659784,0.29635407846005213,,89.57922784883324,7.089354329975322,-22.059465243093214,24.72436273097992,7.4388570453381675,"Manuel Margot",14712,622534
"Nathaniel Lowe","- - -",514,2116,71,261,246,11,0.10444234,0.24291115,0.17324094,0.34795997,0.27878465,0.35680529,0.45202559,0.3500452879710261,,124.36885800432397,-10.184275755193084,50.02130406303234,-47.67484778165817,7.430528244522084,"Nathaniel Lowe",19566,663993
"Adalberto Mondesi","KCR",286,1157,35,160,141,119,0.04407952,0.29559205,0.17603687,0.33846154,0.25529954,0.28883072,0.43133641,0.3047359338189503,,87.73108980554831,18.805087546585128,1.4056245369595644,30.620859250426292,7.420702343950548,"Adalberto Mondesi",13769,609275
"Andrelton Simmons","- - -",445,1687,21,179,163,27,0.06283343,0.10195614,0.08863198,0.28175182,0.26140013,0.31190476,0.35003211,0.2901363385598007,,81.08518455847747,-2.676618854049593,-41.97460690935368,56.55215322971344,7.374336692077479,"Andrelton Simmons",10847,592743
"Gio Urshela","- - -",516,1917,57,229,244,7,0.06051122,0.18935837,0.15923208,0.33284672,0.28966685,0.33385498,0.44889893,0.334585817131752,,113.99984461523157,-17.90541956340894,14.905798789433568,-5.649134799838066,7.315021063621503,"Gio Urshela",10681,570482
"Bobby Witt Jr.","KCR",279,1196,46,155,161,68,0.0493311,0.19899666,0.19785139,0.29691211,0.26499552,0.30543933,0.46284691,0.3276176525642408,,107.0532258059518,12.895636442583054,23.09259624054242,8.547672748565674,7.212723658215923,"Bobby Witt Jr.",25764,677951
"David Fletcher","LAA",520,2132,15,246,164,29,0.06097561,0.09615385,0.08248988,0.30136209,0.27631579,0.32232185,0.35880567,0.2979405454460299,,85.29768962436192,2.237897918559611,-35.46942027655804,33.60428564250469,7.187105831224192,"David Fletcher",17992,664058
"Omar Narváez","- - -",509,1767,49,185,173,0,0.10299943,0.19864177,0.13926499,0.29209622,0.25080593,0.33390023,0.39007092,0.3158650767477706,,99.20954256138077,-7.889572164509445,-9.058717533143614,18.43436187505722,7.1721782808552055,"Omar Narvaez",13338,553882
"Jonah Heim","- - -",323,1167,41,129,159,7,0.07626392,0.18680377,0.16963449,0.25276074,0.23149016,0.29073756,0.40112465,0.2995603282734291,,89.86047699313588,-2.8576918926555663,-17.332199518949594,48.69112913310528,7.168919069535918,"Jonah Heim",16930,641680
"Austin Hays","BAL",446,1783,59,232,206,14,0.06057207,0.20639372,0.17937767,0.30605565,0.26418548,0.31685393,0.44356315,0.32710304593289413,,109.14817779589364,-1.3093696739524603,18.345678127054075,-6.059382781386375,7.149933418497287,"Austin Hays",19363,669720
"Thairo Estrada","- - -",342,1193,35,161,139,46,0.05280805,0.2045264,0.14940422,0.30525031,0.26122823,0.31738035,0.41063245,0.316649849370711,,103.26898032277143,10.192011633887887,14.794889747536779,14.71916714310646,7.08799384612675,"Thairo Estrada",16426,642731
"Eddie Rosario","- - -",637,2508,108,333,378,31,0.05741627,0.18062201,0.19649723,0.28531702,0.26527125,0.30591054,0.46176848,0.3239473008641072,,103.33361772455235,6.200276675634086,17.211070924925693,-35.15460538864136,7.084035977264504,"Eddie Rosario",12155,592696
"Enrique Hernández","- - -",663,2479,77,325,288,11,0.08672852,0.18999597,0.16772152,0.26895735,0.24005425,0.31111111,0.40777577,0.309752288041542,,92.59570100369517,3.048054769868031,-18.848764768612682,6.52516382932663,7.033964762014666,"Enrique Hernandez",10472,571771
"Miguel Rojas","- - -",696,2582,38,254,226,50,0.06119287,0.12548412,0.10295358,0.28183613,0.25696203,0.30939441,0.35991561,0.29228362811126796,,83.56955568182443,-11.446955968393013,-62.915018231367,49.34062683582306,7.009426337275441,"Miguel Rojas",7802,500743
"Joey Votto","CIN",612,2558,98,302,309,8,0.14151681,0.21344801,0.19405757,0.29144737,0.25116063,0.36551994,0.4452182,0.3510530753675709,,115.19421356834438,-13.51029770867899,35.2329814714852,-51.41557554155588,6.97184319079267,"Joey Votto",4314,458015
"Steven Kwan","CLE",275,1215,11,167,95,35,0.09382716,0.09876543,0.10370371,0.30825496,0.28333333,0.35478548,0.38703704,0.3270112370319714,,113.5198519736298,6.910306668374687,25.356246582133583,1.562239170074463,6.91788146577765,"Steven Kwan",24610,680757
"Jorge Soler","- - -",611,2543,140,315,344,7,0.10774676,0.26268187,0.24592391,0.27612994,0.24048913,0.33056544,0.48641304,0.3463485388353237,,116.76695729666535,-10.626185773406178,43.33457414467479,-63.06846857070923,6.884640134192889,"Jorge Soler",14221,624585
"Mike Zunino","- - -",418,1416,74,157,175,0,0.07415254,0.3700565,0.218507,0.24132948,0.1874028,0.25918079,0.4059098,0.28546564436733385,,82.37799162466902,-3.1110503212548792,-33.49362641415677,53.499922037124634,6.860157093241153,"Mike Zunino",13265,572287
"Evan Longoria","- - -",535,2007,81,236,264,7,0.0772297,0.23069258,0.19294377,0.28737413,0.2491731,0.31091181,0.44211687,0.31999627625757177,,102.04431692336489,-9.719059079885483,-4.694833691414058,7.043595090508461,6.830782257561708,"Evan Longoria",9368,446334
"Tony Kemp","- - -",637,2002,33,236,170,47,0.1018981,0.12837163,0.11870295,0.2652921,0.24261726,0.33064109,0.36132021,0.30675233597102464,,98.44874176655539,5.8131589286495,1.9895334261143116,-2.1601057201623917,6.820646930095401,"Tony Kemp",14894,643393
"Wil Myers","- - -",553,1978,71,227,248,43,0.09403438,0.29979778,0.18478873,0.33363069,0.25070423,0.32186235,0.43549296,0.32499724659789164,,105.96727929915819,6.70294877816923,21.739694283336625,-20.657977893948555,6.688855327944881,"Wil Myers",10047,571976
"Yan Gomes","- - -",517,1905,63,211,233,6,0.05616798,0.21889764,0.164,0.29347826,0.252,0.30304622,0.416,0.30697028386164416,,91.14275372352151,-6.546234012115747,-27.344853487526606,30.41162710636854,6.669654380536372,"Yan Gomes",9627,543228
"C.J. Cron","- - -",640,2564,128,315,391,2,0.07605304,0.23907956,0.22608696,0.2961319,0.25869565,0.32774093,0.48478261,0.34470380409505613,,110.28190411643084,-15.839814976323396,16.792989498819445,-39.67067211121321,6.634993735307332,"C.J. Cron",12546,543068
"William Contreras","- - -",262,1036,42,133,132,3,0.09942085,0.24420849,0.1976113,0.32539683,0.26818675,0.34555985,0.46579805,0.35032261543098514,,121.49408738022731,-6.765397299546748,19.598793761686203,10.570285880938172,6.615280440517632,"William Contreras",20503,661388
"Ty France","- - -",531,2163,59,257,254,1,0.06241331,0.17568192,0.15093361,0.310253,0.2723029,0.34505088,0.42323651,0.33539132228374924,,118.23208550126118,-17.071384434821084,29.45105789685205,-37.471566677093506,6.5615294607958035,"Ty France",17982,664034
"Michael A. Taylor","- - -",606,1908,52,217,188,60,0.06865828,0.28563941,0.139748,0.31260794,0.2371134,0.29346681,0.3768614,0.291824239624452,,81.37703349430014,9.224563290830702,-34.06977136474167,36.53511442989111,6.546107506813955,"Michael A. Taylor",11489,572191
"Myles Straw","- - -",531,1902,6,244,121,83,0.09621451,0.1787592,0.06489675,0.30073529,0.24483776,0.31801373,0.30973451,0.282620229988078,,80.30630571143251,21.520738354185596,-22.142291823182973,21.402776263654232,6.445090216288533,"Myles Straw",17620,664702
"Anthony Santander","BAL",547,2282,107,275,306,6,0.07011394,0.20771253,0.21414822,0.26834104,0.24687199,0.30657895,0.46102021,0.3266043344958798,,108.02203426188663,1.9142492345999926,22.8674008417797,-35.27104198932648,6.440771880415301,"Anthony Santander",14551,623993
"J.D. Davis","- - -",546,1834,61,212,199,6,0.10087241,0.27644493,0.16687422,0.34253092,0.26214197,0.34606987,0.42901619,0.3356765483857245,,114.85612108398601,-9.7099986737594,25.523610194929375,-21.99531379342079,6.244887909664349,"J.D. Davis",16219,605204
"AJ Pollock","- - -",563,2105,92,269,286,32,0.06508314,0.20380048,0.20488819,0.28531272,0.25897036,0.31273764,0.46385855,0.32921820099799687,,107.72667450173932,2.4424503196496516,24.1415257931434,-31.41374777443707,6.214636985251472,"AJ Pollock",9256,572041
"Andrew McCutchen","- - -",654,2785,96,355,316,44,0.13213645,0.21651706,0.17503163,0.28436578,0.243779,0.34793537,0.41881063,0.335012780397916,,110.21563025577923,-9.37336536240764,26.146950612647316,-55.88212754577398,6.085245836906,"Andrew McCutchen",9847,457705
"Max Stassi","- - -",359,1196,38,124,117,0,0.09364548,0.29849498,0.14839319,0.27313433,0.20888469,0.29372385,0.35727788,0.2878043012140186,,80.83111277784126,-9.087313767755404,-36.51415097191946,55.00694000720978,5.9857765264133596,"Max Stassi",10059,545358
"Dylan Moore","SEA",421,1178,42,154,128,68,0.10356537,0.30645161,0.18737673,0.28058728,0.21104536,0.31744681,0.39842209,0.3133285159446801,,102.88112197013533,3.929465282475576,7.218459240367295,11.264076642692089,5.962343864608227,"Dylan Moore",18042,664238
"Isaac Paredes","- - -",285,1030,48,122,136,1,0.10291262,0.17572816,0.2109375,0.23511905,0.22991071,0.32524272,0.44084821,0.333199299169583,,118.01995492790287,-2.2576220519840717,19.367756953404744,3.3590255081653595,5.933914197327353,"Isaac Paredes",20036,670623
"Austin Meadows","- - -",417,1693,70,209,238,23,0.09214412,0.21441229,0.21366954,0.2946593,0.2587923,0.33313644,0.47246184,0.3397868560908382,,118.67150706982841,-3.3877157291863114,36.7262851912862,-33.79154834151268,5.87115602846939,"Austin Meadows",15672,640457
"Rougned Odor","- - -",608,2254,90,280,296,31,0.07897072,0.26530612,0.18762376,0.25372024,0.21336634,0.28844444,0.4009901,0.29666442901387685,,82.79070772620331,6.742410590639338,-40.563486962660605,21.09287515282631,5.86397414887384,"Rougned Odor",12282,596059
"Jonathan Villar","- - -",556,2161,61,266,194,112,0.08422027,0.25867654,0.14315033,0.32412248,0.2539764,0.32001858,0.39712673,0.31073199607605156,,93.97276706944852,20.333991879597306,5.285171780202713,-18.285763904452324,5.84001459512435,"Jonathan Villar",10071,542340
"Salvador Perez","KCR",559,2324,128,261,366,3,0.03614458,0.23106713,0.22380514,0.2851537,0.25919118,0.29862306,0.48299632,0.33026511673283826,,106.93025582697985,-13.015932279406115,6.774881759706954,-28.16348570585251,5.834859183045398,"Salvador Perez",7304,521692
"Asdrúbal Cabrera","- - -",440,1671,56,194,239,5,0.09156194,0.20466786,0.18029491,0.2880288,0.25201072,0.3219629,0.43230563,0.32255163211341953,,99.23242830300222,-8.311838066438213,-10.006201403606823,13.622024923563004,5.7814630797661675,"Asdrubal Cabrera",4962,452678
"Alejandro Kirk","TOR",302,1078,29,105,120,0,0.1038961,0.10946197,0.13107823,0.27915633,0.26849894,0.35157699,0.39957717,0.3312463541363561,,113.65009208274195,-14.852362388279289,1.7111444803395628,18.667014092206955,5.763293392166916,"Alejandro Kirk",22581,672386
"Jon Berti","- - -",411,1478,19,201,112,89,0.09336942,0.22259811,0.10221205,0.32234809,0.2532418,0.3299389,0.35545385,0.30362329533276794,,90.58577200901277,19.46847170521505,2.4788066525440904,6.255856778472662,5.733922472473004,"Jon Berti",12037,542932
"Austin Slater","SFG",494,1310,35,165,136,45,0.10839695,0.27938931,0.14772727,0.34048257,0.25262238,0.34453782,0.40034965,0.32657431431708894,,107.95823995707946,9.951350056100637,22.518381450454804,-9.402641147375107,5.716660186308263,"Austin Slater",16153,596103
"Jeremy Peña","HOU",256,1066,32,136,109,22,0.05347092,0.2260788,0.15071284,0.3048951,0.25458248,0.30377358,0.40529532,0.3086390237520054,,98.70098041946953,4.832577565219253,3.0896455495939485,16.2961807847023,5.619475462813503,"Jeremy Pena",21636,665161
"Taylor Ward","LAA",391,1507,52,200,167,14,0.09422694,0.23291307,0.17368421,0.3056443,0.25488722,0.33355482,0.42857143,0.33206377813586363,,111.25746757066968,2.1504870392382145,20.938108002692342,-17.736702660098672,5.55795022904249,"Taylor Ward",17548,621493
"Jesse Winker","- - -",563,2130,74,260,251,2,0.13051643,0.17887324,0.17650303,0.29398827,0.26199669,0.36871771,0.43849972,0.35160195268251493,,119.61763103715117,-18.256582962116227,34.32384044495125,-49.861472591757774,5.552611308485835,"Jesse Winker",13590,608385
"Eloy Jiménez","CHW",407,1660,86,196,264,0,0.06686747,0.23855422,0.21619856,0.31728045,0.27563684,0.32590361,0.4918354,0.3460191861424141,,120.0502941425185,-2.5870103775523603,37.15342474256054,-41.26389490067959,5.513656918973827,"Eloy Jimenez",17484,650391
"Charlie Blackmon","COL",708,3030,103,444,386,23,0.07656766,0.17128713,0.18862385,0.32015066,0.28733945,0.35107438,0.4759633,0.3526815595794587,,107.0516402378363,-1.5580944034736603,26.374358829397707,-71.21676236391068,5.509569755500177,"Charlie Blackmon",7859,453568
"Starlin Castro","- - -",419,1732,39,178,182,8,0.06062356,0.17898383,0.13528678,0.31632653,0.2755611,0.31773541,0.41084788,0.3107595418156057,,95.27313901167855,-7.284245480084792,-18.037126809817003,17.956021279096603,5.49376248953161,"Starlin Castro",4579,516770
"Niko Goodrum","- - -",391,1513,42,172,152,46,0.09054858,0.30998017,0.16494845,0.31308411,0.22827688,0.30138797,0.39322533,0.2998898751210251,,86.6307621583118,10.665463845944032,-13.785306477110502,14.653476774692535,5.4494846666600525,"Niko Goodrum",12092,592348
"Jazz Chisholm Jr.","MIA",273,1077,46,148,133,54,0.07149489,0.28783658,0.20122574,0.3047619,0.24310521,0.3028891,0.44433095,0.3206470063214866,,101.65488617076647,8.159230271587148,9.479852940554014,7.86259725689888,5.448248132883804,"Jazz Chisholm Jr.",20454,665862
"Freddy Galvis","- - -",460,1798,57,200,193,14,0.06284761,0.22191324,0.15942029,0.2923204,0.24818841,0.29949805,0.4076087,0.3024486939689845,,87.66068210318439,-1.3785395710729063,-29.191554245607577,21.020611345767975,5.322676952082092,"Freddy Galvis",6609,520471
"Brandon Marsh","- - -",310,1101,22,122,118,23,0.08265213,0.32697548,0.14459049,0.38599349,0.26188069,0.32755474,0.40647118,0.3194637276225426,,101.67627935831888,7.524696802953258,10.471320216836,4.909624968189746,5.2856163216580585,"Brandon Marsh",20202,669016
"Jose Trevino","- - -",326,1040,24,105,113,3,0.03942308,0.17692308,0.12334352,0.27144686,0.24057085,0.27246377,0.36391437,0.274953067475638,,72.81804011359834,-12.296396641526371,-46.7410241880859,62.356939509510994,5.263000003579301,"Jose Trevino",16725,624431
"Yadier Molina","STL",479,1854,50,176,237,15,0.04692557,0.14239482,0.12927537,0.27189909,0.25391304,0.29643629,0.38318841,0.2938457332966071,,84.95028192730973,-20.2519595019985,-54.642811072229975,44.12890291213989,5.159693090777501,"Yadier Molina",7007,425877
"Dylan Carlson","STL",388,1481,34,173,150,11,0.09182984,0.22282242,0.15195702,0.29528796,0.24251727,0.3222973,0.39447429,0.3129566807398218,,99.09927656531251,2.8898287538904697,1.3828260042203184,-2.6584189534187317,5.116858771701191,"Dylan Carlson",20126,666185
"Avisaíl García","- - -",541,2135,81,235,269,28,0.0618267,0.25526932,0.16854508,0.30201342,0.24897541,0.30567276,0.41752049,0.3092238403951599,,94.42562717419318,-7.2635373384691775,-20.37992442725125,-3.1798528991639614,5.113568008307947,"Avisail Garcia",5760,541645
"Cavan Biggio","TOR",418,1521,45,212,152,29,0.13675214,0.27284681,0.16367888,0.2939759,0.22525331,0.33970976,0.38893219,0.32121568256829186,,102.4191366968971,8.366742684040219,13.417879435321495,-12.269901761319488,5.085433285189297,"Cavan Biggio",19252,624415
"Donovan Solano","- - -",428,1442,22,140,136,2,0.07004161,0.20041609,0.118683,0.36318408,0.29632466,0.35530881,0.41500766,0.3352714671637337,,111.62005206932234,-5.002210889477283,16.063363633148356,-14.066611289978027,5.070855994833427,"Donovan Solano",8623,456781
"Robbie Grossman","- - -",695,2624,57,306,260,43,0.12652439,0.2183689,0.14056225,0.29314565,0.23917894,0.34045802,0.37974119,0.31726630193449007,,101.07261592449173,-0.659189710393548,3.2621137498780737,-42.659491181373596,5.0403463985794765,"Robbie Grossman",5254,543257
"Ji Man Choi","- - -",456,1669,60,179,219,4,0.13181546,0.26303176,0.19225352,0.30096051,0.24084507,0.34451768,0.43309859,0.33530705083500256,,117.28698707824404,-2.5333236446604133,32.499118509842205,-38.27975405007601,5.039443812803261,"Ji Man Choi",5452,596847
"Mike Moustakas","- - -",573,2194,96,252,300,10,0.08386509,0.19872379,0.2055074,0.26275862,0.24324324,0.31403829,0.44875064,0.3237021890503895,,98.63913115482865,-7.266101489076391,-10.075133081721262,-13.334100134670734,5.0184753682051415,"Mike Moustakas",4892,519058
"Kyle Farmer","- - -",555,1740,47,182,209,12,0.05229885,0.20229885,0.14024005,0.29524604,0.25331649,0.31088083,0.39355654,0.3063821609732464,,88.45832318018465,-3.6634987853467464,-28.830163694079015,18.98135270178318,4.978204405923844,"Kyle Farmer",14813,571657
"Corey Dickerson","- - -",521,1836,46,206,213,16,0.05228758,0.17156863,0.16404886,0.31848064,0.28039558,0.31989101,0.44444444,0.32467335344929443,,103.83251166968397,-7.94582959311083,1.1918834366530184,-11.425556719303131,4.89018423774074,"Corey Dickerson",10762,572816
"Josh Rojas","- - -",399,1569,25,200,154,47,0.10197578,0.22817081,0.11764706,0.32142857,0.25344953,0.32990354,0.37109659,0.30865944315170507,,93.48279633291591,13.933384575648233,0.30548652780167806,-5.717061430215836,4.889621449177726,"Josh Rojas",19734,668942
"Jorge Alfaro","- - -",461,1579,43,140,184,18,0.04306523,0.3419886,0.13769598,0.36292135,0.24948875,0.29892337,0.38718473,0.2955664577262558,,85.0975107495752,-5.601478242781013,-35.11092118318692,32.112967647612095,4.850195011992906,"Jorge Alfaro",12180,595751
"Jonathan India","CIN",356,1515,45,214,162,27,0.09306931,0.21518152,0.16234756,0.30809674,0.25762195,0.35006605,0.41996951,0.3377367589997236,,107.44579217360398,-1.855126861250028,12.714753956776725,-16.048630952835083,4.80384245675447,"Jonathan India",21523,663697
"Lane Thomas","- - -",405,1456,49,194,163,31,0.08104396,0.24931319,0.18126428,0.31359649,0.2551409,0.32074176,0.43640518,0.3268129272559254,,106.59348660971291,2.4029131464194506,14.582126071505712,-16.454673677682877,4.798768173210896,"Lane Thomas",16939,657041
"Jed Lowrie","- - -",355,1384,40,147,184,1,0.1033237,0.2015896,0.15647922,0.28462377,0.24531377,0.32442197,0.40179299,0.31686819181946013,,104.9249589612761,-2.1019027894362807,6.562242032103352,-6.5125047862529755,4.783523520661451,"Jed Lowrie",4418,476704
"Luke Voit","- - -",446,1788,91,229,258,3,0.10346756,0.29026846,0.21711367,0.31742739,0.25351213,0.3417226,0.4706258,0.3484492428162519,,123.11049622491782,-12.67148232832551,38.170455081661856,-50.649394661188126,4.731809812162931,"Luke Voit",14811,572228
"Ryan Mountcastle","BAL",423,1743,78,209,261,11,0.07056799,0.25358577,0.19936909,0.31341912,0.26435331,0.3178428,0.4637224,0.33327811946123065,,113.69837510826096,0.9977066870778799,29.649600270056652,-40.401493176817894,4.704318220016264,"Ryan Mountcastle",18373,663624
"Randal Grichuk","- - -",709,2763,120,337,364,12,0.05392689,0.23525154,0.20248737,0.2860286,0.24873688,0.29496924,0.45122425,0.31698295296966167,,94.22641946676579,-12.618546773213893,-31.985018906110266,-15.450339496135712,4.623973992689656,"Randal Grichuk",10243,545341
"Victor Robles","WSN",503,1774,31,208,150,66,0.06144307,0.23224352,0.12043562,0.30061892,0.23766816,0.3117849,0.35810378,0.29370063286698095,,81.11544689974677,7.035932720638812,-34.447024037793085,23.48699390143156,4.562255436855432,"Victor Robles",18363,645302
"Jackie Bradley Jr.","- - -",655,2230,52,256,216,39,0.08161435,0.25919283,0.14636591,0.26981818,0.21203008,0.28866906,0.35839599,0.28223820726345616,,72.29359666172518,9.406279818387702,-65.82829102368159,36.12918163463473,4.462685596821882,"Jackie Bradley Jr.",12984,598265
"Gavin Lux","LAD",273,1003,18,135,105,14,0.10069791,0.22033898,0.12975392,0.31515152,0.25279642,0.32901296,0.38255034,0.31182912170886995,,98.81798502304025,8.932100091362372,6.646665182425133,2.430556148290634,4.429461514405281,"Gavin Lux",19955,666158
"Trey Mancini","- - -",679,2781,102,339,317,1,0.08342323,0.23444804,0.18003208,0.30415009,0.25541299,0.32493703,0.43544507,0.3259965551726391,,105.76411987876456,-12.352638369658962,8.24096982608485,-58.69763232395053,4.399457676452552,"Trey Mancini",15149,641820
"Luis Urías","- - -",429,1589,48,186,178,9,0.10383889,0.21397105,0.1540146,0.27547931,0.23430657,0.33164877,0.38832117,0.3174752080742317,,99.12458074705675,-4.240788276772946,-6.557290595252747,-5.000049889087677,4.382579657737334,"Luis Urias",16622,649966
"James McCann","- - -",503,1820,50,180,199,12,0.06208791,0.26593407,0.13712575,0.30601569,0.24011976,0.29515419,0.37724551,0.29116713097103375,,82.57758138926066,-6.863371202489361,-44.73409429745352,25.128903590142727,4.312975697726323,"James McCann",12859,543510
"Ramón Urías","BAL",304,1094,28,122,130,5,0.07404022,0.24040219,0.14574899,0.32621083,0.26012146,0.32538955,0.40587045,0.3199002992122545,,105.200854470585,0.1410519378259778,6.953867224715433,-1.917387381196022,4.2567070024972695,"Ramon Urias",18795,602104
"Isiah Kiner-Falefa","- - -",636,2371,26,271,201,70,0.06115563,0.15267819,0.08655617,0.30217028,0.26197053,0.31525424,0.3485267,0.2923321043103617,,82.36571839880925,1.1495417470578104,-49.5487615094711,10.117132931947708,4.235314660680956,"Isiah Kiner-Falefa",16512,643396
"Garrett Cooper","- - -",444,1685,53,175,203,1,0.08308605,0.26646884,0.16666667,0.34838077,0.26984127,0.33946588,0.43650794,0.3357029578452294,,112.14828718214528,-13.566162741277367,12.134599611960756,-26.10156399011612,4.117718159716103,"Garrett Cooper",15279,643265
"Jurickson Profar","- - -",741,2856,74,355,299,42,0.09943978,0.15581232,0.15682362,0.26271186,0.23982442,0.32467532,0.39664804,0.3150384769498359,,96.41128757836414,3.3701620688661933,-10.319457674973643,-48.28915810585022,4.096488668545708,"Jurickson Profar",10815,595777
"Aledmys Díaz","- - -",483,1700,54,184,206,7,0.05941176,0.16235294,0.16323907,0.27133655,0.25128535,0.30488523,0.41452442,0.30848873391227566,,96.0878862603222,-12.825209212955087,-20.409576157261938,2.9534305334091187,4.089194035212119,"Aledmys Diaz",15937,649557
"Jace Peterson","- - -",472,1422,27,153,143,53,0.11603376,0.24472574,0.12214984,0.28703704,0.22394137,0.31968948,0.34609121,0.296318040827193,,86.30327552428189,11.879207132617012,-11.87645588557752,2.7357304887846112,4.083985034697336,"Jace Peterson",12325,607054
"Adam Engel","- - -",431,1210,24,139,102,39,0.04710744,0.2768595,0.12701253,0.32063075,0.23971377,0.29118136,0.3667263,0.2866167274244024,,79.74808962648714,7.747531201457605,-21.178949549293716,19.86686588358134,4.057736255025837,"Adam Engel",15082,641553
"Kevin Pillar","- - -",548,1921,63,243,240,40,0.03487767,0.18271733,0.17549669,0.27742392,0.25110375,0.28578865,0.42660044,0.3011907013385928,,86.80428103737758,14.19421551655978,-17.65125231592257,-5.225951734930277,4.0419391436601995,"Kevin Pillar",12434,607680
"Santiago Espinal","TOR",326,1008,11,119,93,15,0.07738095,0.13988095,0.09299782,0.30378096,0.26695842,0.32701894,0.35995624,0.30381489377636295,,93.61232744592385,1.8936117943376303,-5.7857594071282605,12.219271868467331,4.037997303280897,"Santiago Espinal",19997,669289
"Austin Hedges","- - -",492,1602,46,135,154,9,0.06554307,0.26716604,0.12700628,0.22451081,0.18422889,0.24633057,0.31123517,0.24340770091765968,,51.488124189894684,-6.690891102422029,-101.93481445465468,89.87238210067153,4.033706709636153,"Austin Hedges",12976,595978
"Robinson Canó","- - -",269,1057,34,118,123,0,0.06622517,0.15610218,0.16683831,0.29434447,0.27085479,0.32450331,0.4376931,0.3243917537574877,,107.07550654588495,-4.5324772070162,5.0579311607309485,1.2493899185210466,3.950164969855626,"Robinson Cano",3269,429664
"Patrick Wisdom","- - -",364,1264,77,172,178,18,0.09493671,0.37341772,0.25267857,0.28222997,0.21339286,0.2984127,0.46607143,0.32754794473867915,,107.48362639948789,0.544095978140831,12.092116148274247,-16.576946299523115,3.881362308866822,"Patrick Wisdom",13602,621550
"Brandon Drury","- - -",451,1627,66,189,212,2,0.05593116,0.24154886,0.19322709,0.28301887,0.24302789,0.29133374,0.43625498,0.3109300974401581,,95.29400400213916,-7.846366776386276,-18.806566763940012,-0.6098252749070525,3.7868554511720216,"Brandon Drury",11615,592273
"Josh Naylor","- - -",421,1521,51,158,217,15,0.06969099,0.16962525,0.1716954,0.29250457,0.26652299,0.32060566,0.43821839,0.3236863306002471,,108.79242882287939,-6.785154415760189,8.076449610408428,-22.787097692489624,3.7260400956504696,"Josh Naylor",18839,647304
"Austin Barnes","LAD",390,1175,25,141,105,15,0.10638298,0.23404255,0.11220473,0.25520111,0.20570866,0.30479452,0.31791339,0.2783318283229039,,74.78425280568189,-2.6507621111813933,-40.13407972101086,37.782236974686384,3.7116653180249806,"Austin Barnes",12158,605131
"Mallex Smith","- - -",289,1157,8,137,80,88,0.07865169,0.21780467,0.1062802,0.32904884,0.25507246,0.32578397,0.36135266,0.3017525482364648,,91.89195051141101,15.703445114661008,3.1107375211264063,-7.383120238780975,3.706596681222403,"Mallex Smith",13608,605480
"Yasiel Puig","- - -",274,1055,47,136,147,34,0.07582938,0.20853081,0.20625,0.29899857,0.26666667,0.32701422,0.47291667,0.33802449799535844,,109.6519054871605,-0.7314041494391859,11.579564807882392,-8.608944654464722,3.6964279100684587,"Yasiel Puig",14225,624577
"Miguel Sanó","MIN",384,1546,91,208,223,3,0.11125485,0.36998706,0.25403817,0.28977273,0.21659325,0.30659767,0.47063142,0.3286811368695653,,107.31429208321615,-2.438344317721203,13.089076227573404,-30.58677740395069,3.6596276246973414,"Miguel Sano",12164,593934
"Jesús Aguilar","- - -",627,2283,98,246,345,1,0.09023215,0.22207622,0.19144704,0.28611111,0.25360517,0.32319224,0.44505221,0.32803840804564627,,105.98262786745917,-14.967044918099418,2.3363042576009505,-39.98010636866093,3.6586320990008065,"Jesus Aguilar",11342,542583
"Ender Inciarte","- - -",330,1118,18,142,105,40,0.08407871,0.15563506,0.11411411,0.2809816,0.24724725,0.31593159,0.36136136,0.29647474012435127,,80.91598222494387,10.627819353016093,-16.175141733741885,17.358567163348198,3.6501975150442107,"Ender Inciarte",4922,542255
"Leury García","CHW",461,1745,23,220,154,35,0.0469914,0.21719198,0.09695463,0.32649713,0.2616532,0.30191972,0.35860783,0.2871659833931382,,79.34981585789627,12.752261866815388,-29.924441585070483,6.464527040719986,3.6317812843940804,"Leury Garcia",5913,544725
"Roberto Pérez","- - -",283,1016,36,89,113,2,0.10334646,0.31692913,0.1555051,0.26465028,0.19977299,0.289,0.35527809,0.28161695459344843,,74.01542831257551,-6.1216354665812105,-38.10848806000852,38.296080857515335,3.608042663941207,"Roberto Perez",2900,547379
"Carson Kelly","- - -",408,1349,44,146,156,3,0.10155671,0.21275019,0.16047297,0.25925926,0.22635135,0.31129272,0.38682432,0.3013419831736704,,86.65352338196729,-4.685772935161367,-26.04683916865981,17.414768800139427,3.6027258429165494,"Carson Kelly",13620,608348
"LaMonte Wade Jr.","- - -",339,1175,41,146,123,10,0.11914894,0.20851064,0.1774676,0.27662517,0.24027916,0.34133791,0.41774676,0.33174908074037024,,111.71235821887491,-0.8883545724675059,16.466688235785053,-21.0440396592021,3.5902291274031244,"LaMonte Wade Jr.",18126,664774
"Wilson Ramos","- - -",341,1258,42,119,178,1,0.07551669,0.17170111,0.15679443,0.30769231,0.27700348,0.33359873,0.43379791,0.32799333901859645,,108.42205945858235,-20.388511929195374,-7.474364551515894,2.703667104244232,3.5596259959018903,"Wilson Ramos",1433,467092
"Marwin Gonzalez","- - -",489,1728,47,178,191,9,0.078125,0.22974537,0.1394448,0.27982063,0.23176243,0.30191972,0.37120723,0.2931781094021391,,84.1139659848426,-4.459161203587428,-37.648732663569604,11.871496319770813,3.5531933905539255,"Marwin Gonzalez",5497,503556
"Tyler Stephenson","CIN",307,1045,28,134,130,1,0.0937799,0.23923445,0.14378378,0.34656489,0.27567568,0.35119617,0.41945946,0.33623952216928155,,106.02043995036898,-5.6200413189362735,1.9071132947990375,-3.5063787028193474,3.4597340415561177,"Tyler Stephenson",17988,663886
"Alec Bohm","PHI",427,1713,38,210,221,11,0.06538237,0.1943958,0.12308674,0.32676519,0.27806122,0.32691185,0.40114796,0.3169379196016588,,99.22415100230464,-6.6837914569769055,-8.33787703465085,-13.991875279694796,3.4549482845258357,"Alec Bohm",21618,664761
"Jacob Stallings","- - -",421,1411,23,119,137,0,0.09567682,0.21757619,0.09927942,0.29018339,0.23378703,0.31316726,0.33306645,0.2870537716150284,,77.84777562208218,-12.208378858631477,-50.39711926040492,37.36112416535616,3.451471717605359,"Jacob Stallings",13723,607732
"José Peraza","- - -",396,1360,27,156,119,32,0.04411765,0.13014706,0.1260904,0.28075117,0.25852498,0.30251479,0.38461538,0.29628516203041244,,80.27786231587386,1.5425449113827199,-33.04186966611019,23.59837882220745,3.394804291360516,"Jose Peraza",13593,606299
"Todd Frazier","- - -",306,1183,43,136,142,11,0.08622147,0.22485207,0.17382999,0.26273458,0.22827125,0.31022823,0.40210124,0.3077017665414059,,94.57327887768155,-2.2992549857590348,-10.086533367769974,6.230309829115868,3.3696877308463913,"Todd Frazier",785,453943
"Seth Brown","OAK",379,1245,56,134,176,18,0.08433735,0.27630522,0.21384205,0.26912568,0.2244898,0.29340836,0.43833185,0.3133100155286966,,105.39083006148438,0.05630382802337408,7.4912201697679865,-16.026223808526993,3.3680698086059992,"Seth Brown",18171,664913
"Austin Nola","- - -",345,1196,24,125,136,3,0.08946488,0.17307692,0.12106768,0.28485577,0.24880839,0.32605042,0.36987607,0.3051500760815981,,96.35337278590616,-0.09621619945392013,-5.0526692500848425,-2.964142195880413,3.2897623374293667,"Austin Nola",15941,543592
"Adam Eaton","- - -",371,1490,30,218,129,30,0.09194631,0.18322148,0.13559322,0.31131131,0.26271186,0.34670292,0.39830508,0.32559384983413076,,100.28597608077722,5.565726190106943,6.343396052432266,-20.703711926937103,3.233718805921601,"Adam Eaton",11205,594809
"Ryan Braun","MIL",308,1096,50,143,165,23,0.06843066,0.1979927,0.2225579,0.29195089,0.26586103,0.32290708,0.48841893,0.34021865670930224,,110.08542599708218,-2.1115797222591937,12.220007845790315,-16.433484077453613,3.167483466907065,"Ryan Braun",3410,460075
"Jorge Mateo","- - -",361,1077,24,133,98,72,0.05013928,0.26462396,0.14472362,0.28179191,0.2201005,0.2657277,0.36482412,0.27408146242580506,,74.80661889742753,10.416479945881292,-21.896415681422553,16.015841603279114,3.1187710902637042,"Jorge Mateo",17273,622761
"Jake Cave","- - -",382,1165,38,143,137,8,0.06437768,0.30987124,0.17485822,0.31634183,0.23534972,0.2962963,0.41020794,0.30367235802081866,,90.89642214874539,3.7688315643463284,-8.816283184186293,-1.1736058294773102,3.1048209283753465,"Jake Cave",14477,595909
"Shin-Soo Choo","TEX",330,1452,50,189,138,27,0.12603306,0.24380165,0.1784266,0.32733813,0.26196269,0.36940041,0.44038929,0.35067236382243544,,112.61450702798302,4.804329626262188,27.328523874798048,-47.7399582862854,3.096762419776702,"Shin-Soo Choo",3174,425783
"Edwin Encarnación","- - -",290,1246,76,174,212,3,0.10995185,0.23194222,0.24976787,0.2406639,0.23212628,0.32636656,0.48189415,0.3416895090236864,,114.68134184561826,-4.229052764130756,18.629999370412857,-32.56231567263603,3.0887589118400647,"Edwin Encarnacion",2151,429665
"Kole Calhoun","- - -",536,2091,87,262,248,15,0.09469154,0.2553802,0.18942256,0.25641026,0.21964382,0.30014361,0.40906638,0.30428897615235584,,90.14218289028885,-2.0702027855440974,-25.229645780882745,-14.69442455470562,3.056781668306892,"Kole Calhoun",11200,594777
"Nick Markakis","ATL",315,1315,24,154,170,3,0.09809886,0.12319392,0.13967438,0.31325301,0.28791774,0.35665399,0.42759212,0.3360530447923333,,106.5453205049268,-7.3761104822624475,3.0991573108115187,-13.869672298431396,3.0291547278709605,"Nick Markakis",5930,455976
"Willi Castro","- - -",404,1407,29,176,127,47,0.0533049,0.24235963,0.13463035,0.30777538,0.24435798,0.29857143,0.37898833,0.29461261297500185,,86.64305389887971,6.9623452487867326,-15.535073315886937,-4.006375968456268,2.931963831313656,"Willi Castro",17338,650489
"Mauricio Dubón","- - -",368,1159,25,148,109,15,0.05004314,0.15962036,0.12059369,0.28409091,0.25510204,0.29376083,0.37569573,0.2893734745060404,,82.68215930152799,-2.5540075353346765,-26.342151695641327,16.392508732620627,2.909535812392797,"Mauricio Dubon",16530,643289
"Keston Hiura","MIL",284,1057,50,131,132,20,0.07379376,0.35950804,0.21535181,0.33723197,0.23773987,0.31753555,0.45309168,0.32903560571117546,,104.8864098709877,1.3026418625377119,8.051953750372997,-16.065589755773544,2.908072802015004,"Keston Hiura",20003,669374
"David Bote","CHC",384,1165,36,132,150,11,0.09699571,0.26695279,0.16192346,0.29178886,0.23061825,0.31786942,0.39254171,0.30816804802140046,,91.28285278363337,-1.1724616263527423,-14.125479484408448,3.7961591663770378,2.9063929532590045,"David Bote",14593,623520
"Odúbel Herrera","PHI",373,1425,41,158,159,19,0.06245614,0.1922807,0.15408085,0.28685259,0.25095347,0.30379747,0.40503432,0.30596929889400715,,90.12317572746805,3.355984525755048,-14.293165872524366,-4.552085220813751,2.7894553282445544,"Odubel Herrera",11476,546318
"Leody Taveras","TEX",294,1104,24,127,107,40,0.0615942,0.26177536,0.13712047,0.30952381,0.23996082,0.28844404,0.37708129,0.2893474433940579,,82.02058321558467,9.079940738389269,-14.88524680041802,4.796450071502477,2.7708964221134074,"Leody Taveras",18900,665750
"Yolmer Sánchez","- - -",333,1282,11,129,101,19,0.08034321,0.21294852,0.102698,0.30769231,0.24281984,0.31077891,0.34551784,0.28860514764710676,,79.49638828136483,1.0811596242710948,-31.183392268504235,13.618682193569839,2.7475669806927785,"Yolmer Sanchez",11602,570560
"Matt Duffy","- - -",423,1480,13,145,114,21,0.08040541,0.18108108,0.07346327,0.33553875,0.27586207,0.34347532,0.34932534,0.3088959064712705,,95.39400121150727,-9.204679925460368,-17.02748375831038,-6.354397490620613,2.724504144972218,"Matt Duffy",13836,622110
"Didi Gregorius","- - -",442,1790,67,222,260,19,0.06592179,0.14134078,0.18646154,0.24717408,0.24307692,0.29977629,0.42953846,0.30961496475037564,,93.54855898049172,7.461645084898919,-7.14566369576322,-26.145150661468506,2.7037056473313936,"Didi Gregorius",6012,544369
"Daniel Vogelbach","- - -",536,1803,79,205,230,0,0.1547421,0.25013866,0.19484809,0.25835866,0.22060766,0.34387133,0.41545575,0.33176273797827466,,111.37123518663948,-12.924965223530307,12.014016589604061,-48.631101816892624,2.6755079500475576,"Daniel Vogelbach",14130,596129
"Franmil Reyes","- - -",548,2078,108,237,285,6,0.0827719,0.30558229,0.215311,0.31088083,0.24880383,0.31039461,0.46411483,0.3281450605266005,,108.62614939516494,-14.672859774902463,8.79193260844573,-53.07856113836169,2.640808473483805,"Franmil Reyes",14566,614177
"Connor Joe","- - -",291,1072,24,133,96,9,0.11473881,0.2238806,0.15334774,0.31034483,0.24946004,0.34701493,0.40280778,0.330993474864248,,99.27629152803588,0.05135228601284325,-0.5220518801243825,-9.360813960433006,2.6299128097619997,"Connor Joe",16572,656582
"Chad Pinder","OAK",444,1376,46,164,151,3,0.05959302,0.2681686,0.16692913,0.30545877,0.24330709,0.29467542,0.41023622,0.30327534566830544,,95.6647178144752,-3.0984510271809995,-10.278383655041727,-11.202473811805248,2.6054523491249535,"Chad Pinder",15191,640461
"Josh Harrison","- - -",464,1709,29,178,156,19,0.04973669,0.15974254,0.11325612,0.28706625,0.25289575,0.3092723,0.36615187,0.29642330385696447,,86.268228406027,-1.3101926709059626,-30.213430818083502,-0.43876490369439125,2.59413259902267,"Josh Harrison",8202,543281
"Martín Maldonado","- - -",605,2081,65,210,203,1,0.08073042,0.28447862,0.14678899,0.25041597,0.19751754,0.27524272,0.34430653,0.2729477652134075,,70.89149077600065,-19.666879859985784,-92.63818957033735,46.77728152088821,2.593719447918813,"Martin Maldonado",6887,455117
"Stephen Piscotty","OAK",403,1496,55,167,191,11,0.06818182,0.23195187,0.17854519,0.28659794,0.24467303,0.30455154,0.42321822,0.3125341867170953,,100.56944695393291,-0.7707929611206055,0.038311863872049656,-26.463947415351868,2.587721795074355,"Stephen Piscotty",13367,572039
"Orlando Arcia","- - -",542,1836,49,192,202,19,0.07135076,0.20479303,0.13198573,0.28267717,0.24256837,0.29787234,0.3745541,0.2910390954299513,,78.9157411393129,-3.5718217971734703,-53.227420245912896,16.82544118911028,2.584376157549489,"Orlando Arcia",13185,606115
"Guillermo Heredia","- - -",423,1033,20,124,78,5,0.08809293,0.22652469,0.13186813,0.27424242,0.22087912,0.30371094,0.35274725,0.2889129899507872,,81.14063165637018,4.857495894422755,-19.218081107724643,9.511722587049007,2.577100620214342,"Guillermo Heredia",18721,628338
"Victor Caratini","- - -",476,1462,36,141,163,4,0.09370725,0.21819425,0.12140078,0.2787234,0.23190661,0.31665524,0.35330739,0.2947374248685633,,84.1233416120796,-12.327288945904002,-40.82111291859488,16.73219969123602,2.5506836239985073,"Victor Caratini",14968,605170
"Alex Gordon","KCR",341,1385,30,148,141,17,0.08592058,0.18844765,0.1232653,0.29299363,0.24979592,0.33020231,0.37306122,0.30704302561664304,,89.0056528507615,-1.4865650872234255,-20.144168794219745,-4.851013243198395,2.532356373924721,"Alex Gordon",5209,460086
"Tommy La Stella","- - -",406,1202,31,148,131,1,0.07986689,0.10648918,0.14378479,0.27783784,0.26716141,0.33052986,0.4109462,0.3208154317402699,,102.89889355305515,-5.615419867448509,-0.7634201571635337,-14.742163717746735,2.4903751891267563,"Tommy La Stella",12371,600303
"Johan Camargo","- - -",342,1103,33,119,134,2,0.07978241,0.21124207,0.15269461,0.28552097,0.24351297,0.30881017,0.39620758,0.3045073740558537,,87.46445581449619,-1.0225521917454898,-18.942576877244772,7.970463567180559,2.4578162274936535,"Johan Camargo",14950,622666
"Brian Goodwin","- - -",333,1073,37,135,123,17,0.09692451,0.277726,0.18401682,0.3081862,0.24079916,0.31869159,0.42481598,0.3179043821899714,,97.54970882221969,2.8264050912111998,-0.3934514713859305,-13.307196363806725,2.39424574763319,"Brian Goodwin",12858,571718
"Mitch Moreland","- - -",338,1198,54,155,185,3,0.09766277,0.22203673,0.21930646,0.27476882,0.24554827,0.3196995,0.46485473,0.331908649735315,,106.8857558238253,-7.585689797298983,2.633144585552106,-21.400942903012037,2.204323992101633,"Mitch Moreland",3086,519048
"Hanser Alberto","- - -",412,1315,22,146,128,10,0.02585551,0.11254753,0.12169736,0.299908,0.2786229,0.30237913,0.40032026,0.30041578965985466,,85.77551633095189,-0.2484384838026017,-22.92361955578574,1.53447175770998,2.187758308743831,"Hanser Alberto",11902,593643
"Justin Smoak","- - -",304,1226,52,135,153,0,0.14029364,0.24796085,0.20520231,0.25764192,0.22061657,0.3360522,0.42581888,0.3294072082841328,,106.5107935684438,-14.016435834812,-4.895033108637955,-18.657243736088276,2.117826203552922,"Justin Smoak",9054,475253
"Justin Upton","- - -",356,1454,69,183,191,13,0.1045392,0.29367263,0.2,0.27806122,0.22687747,0.31658637,0.42687747,0.3207685825089121,,101.5157165759873,-2.3884570368099958,0.055888206861293366,-30.195484153926373,2.085339365657795,"Justin Upton",5222,457708
"Josh Reddick","- - -",385,1405,37,157,147,13,0.07900356,0.15373665,0.13904164,0.28170378,0.25765907,0.31424481,0.39670071,0.30564197904329377,,92.74140398188092,-2.241836236556992,-15.152393238010163,-14.728626102209091,2.016517533018105,"Josh Reddick",3892,502210
"Bryan De La Cruz","MIA",298,1089,34,104,125,8,0.06703398,0.24426079,0.161,0.32253521,0.263,0.31278749,0.424,0.3180497406156902,,100.33864595798757,-3.4093177628237754,-2.8890607656561365,-13.997227191925049,2.0126081959869735,"Bryan De La Cruz",19600,650559
"Jason Kipnis","- - -",312,1247,38,130,156,15,0.09462711,0.19326383,0.16243194,0.26738609,0.23684211,0.31345689,0.39927405,0.307420436274832,,89.86618432740285,3.627823768882081,-12.057577784848835,-12.888111382722855,2.0107429790183167,"Jason Kipnis",9776,543401
"Harold Ramírez","- - -",439,1608,33,180,201,13,0.04477612,0.17661692,0.12608406,0.32970711,0.28485657,0.32482887,0.41094063,0.31717572623208873,,104.68544455290045,0.33096025977283716,8.236613732528944,-42.21828834712505,1.9561912856177601,"Harold Ramirez",14387,623912
"Tucker Barnhart","- - -",547,1815,35,155,172,2,0.0969697,0.23305785,0.11352357,0.29432014,0.23387097,0.31325967,0.34739454,0.29067399041520225,,77.10078433592105,-10.994162079878151,-61.99345531834358,22.246587216854095,1.927931372232595,"Tucker Barnhart",10200,571466
"Ehire Adrianza","- - -",393,1033,16,126,99,7,0.08518877,0.20909971,0.12021858,0.29148629,0.23825137,0.30957031,0.35846995,0.29193172130248457,,81.14850000540396,1.6319121450651437,-21.676373377900873,4.223224237561226,1.8886755362564462,"Ehire Adrianza",8418,501303
"Kevin Newman","- - -",505,1916,23,189,171,38,0.05427975,0.11951983,0.09830509,0.28478119,0.25932203,0.30425644,0.35762712,0.2872613757675927,,76.2684392712355,7.197989756939933,-49.63205791960907,2.983573464676738,1.8272916939798818,"Kevin Newman",17696,621028
"Tyler Naquin","- - -",422,1406,47,170,193,14,0.05618777,0.24679943,0.1781874,0.31550218,0.25806452,0.30577334,0.43625192,0.31601544073332866,,95.63400957916335,1.8219214985147119,-5.145084593658453,-26.049056380987167,1.8269827423137224,"Tyler Naquin",13359,571980
"Miguel Andujar","- - -",276,1055,37,123,133,6,0.04075829,0.16777251,0.17617617,0.2884131,0.26626627,0.29668246,0.44244244,0.3147328556546232,,99.20170315916137,0.7407063774298877,-0.6464191790746492,-17.774261474609375,1.8247570491455438,"Miguel Andujar",15878,609280
"Luis Rengifo","LAA",438,1618,43,173,148,17,0.07478368,0.19283066,0.14120055,0.27549195,0.23942701,0.30353818,0.38062756,0.29905683771562014,,87.2045705117991,1.6360320320818573,-24.26815726750187,-14.469408303499222,1.730810962725918,"Luis Rengifo",19858,650859
"Billy Hamilton","- - -",414,1105,7,163,57,83,0.07782805,0.25882353,0.08691309,0.29888268,0.22077922,0.2810219,0.30769231,0.2596788652411335,,56.86802946386504,21.944320363923907,-37.312722524942444,17.182630579336546,1.6787950134643077,"Billy Hamilton",10199,571740
"Brock Holt","- - -",310,1028,12,112,105,14,0.09435798,0.19747082,0.1065934,0.31721195,0.25824176,0.33560311,0.36483516,0.3078587848965715,,89.26501230679061,-6.485209780978039,-20.321025379805718,1.3968115076422691,1.6606938281439831,"Brock Holt",9345,571788
"José Martínez","- - -",314,1061,29,119,135,3,0.08859566,0.20075401,0.14435147,0.33379694,0.28138075,0.34655335,0.42573222,0.33422839168339463,,111.38179998528554,-2.611213914351538,11.950925799998178,-29.945313453674316,1.5888163523563552,"Jose Martinez",7996,500874
"Rafael Ortega","- - -",321,1025,21,107,91,36,0.0995122,0.20292683,0.11797133,0.30218978,0.25137817,0.3281097,0.3693495,0.3071394852547374,,93.9141000515325,-2.94772456609644,-10.587707376578894,-7.784824579954147,1.5821408379124553,"Rafael Ortega",10323,542364
"Jared Walsh","LAA",356,1312,55,141,178,4,0.07393293,0.27896341,0.20200334,0.30140485,0.24290484,0.30411585,0.44490818,0.3182842986662511,,100.59839936912145,-1.6053746377583593,0.3588140191048961,-28.540519148111343,1.5762314396758121,"Jared Walsh",18607,665120
"Travis Shaw","- - -",379,1306,54,132,158,5,0.1179173,0.24655436,0.18672567,0.24278215,0.21150442,0.31005372,0.39823009,0.3067027044812163,,89.46751147078027,-3.189671524334699,-21.871902722457232,-4.185935884714127,1.5655560137514872,"Travis Shaw",11982,543768
"Brian Dozier","- - -",293,1130,41,136,122,15,0.11681416,0.21150442,0.17987804,0.25211268,0.22357724,0.31858407,0.40345528,0.31253623814316267,,93.20752963698207,-3.076567720854655,-12.455125135880726,-8.681390415877104,1.5483816123794796,"Brian Dozier",9810,572821
"Francisco Mejía","- - -",344,1084,29,123,117,1,0.04520295,0.21771218,0.15742574,0.28362184,0.23960396,0.28465804,0.3970297,0.2929872332294157,,88.22626055192195,-4.338252241723239,-19.742841817989383,-1.829826146364212,1.4230800430375246,"Francisco Mejia",16403,642336
"Nomar Mazara","- - -",391,1506,45,171,195,5,0.06839309,0.23439575,0.15529753,0.30707071,0.2532656,0.31009296,0.40856313,0.3087702585996864,,88.08102448754309,-0.3229748969897628,-22.361975212410126,-17.276532977819443,1.4146856111997281,"Nomar Mazara",14553,608577
"Raimel Tapia","- - -",534,1804,27,226,182,53,0.05986696,0.18569845,0.11483253,0.32448825,0.27212919,0.31622978,0.38696172,0.30479254747888085,,80.8879716169618,10.874016632558778,-32.75537045064219,-13.407194674015045,1.3710068141919078,"Raimel Tapia",14350,606132
"Brad Miller","- - -",450,1280,55,149,166,10,0.10546875,0.2859375,0.19559471,0.2906815,0.23259912,0.315625,0.42819383,0.3200721420744743,,100.83025705689695,-1.1030773192178458,1.7091442916112767,-31.057513397186995,1.3696639763747644,"Brad Miller",12775,543543
"Brendan Rodgers","COL",291,1182,28,138,133,0,0.06175973,0.20473773,0.14325069,0.31234867,0.26262626,0.31472081,0.40587695,0.31340142277695,,82.9059869443424,-1.6062393861357123,-26.86832767330809,-1.9744227305054665,1.2083441594116309,"Brendan Rodgers",17907,663898
"Khris Davis","- - -",356,1400,76,179,216,0,0.09,0.27,0.22588424,0.26184539,0.22990354,0.30714286,0.45578778,0.3229683269371932,,106.36605653332596,-8.728355732513592,0.943224648495427,-39.35186837147921,1.1725479519238307,"Khris Davis",9112,501981
"Ben Gamel","- - -",517,1614,28,183,136,17,0.1133829,0.25340768,0.12997159,0.3258427,0.24644886,0.33684864,0.37642045,0.3134537924487271,,95.45809153578796,-0.38401983864605427,-9.757090986829711,-34.025414530187845,1.1407582591995542,"Ben Gamel",12160,592325
"Colin Moran","- - -",486,1655,49,163,234,1,0.08459215,0.2223565,0.15141319,0.31646734,0.26446837,0.32870091,0.41588156,0.31957400311972056,,97.96623654517575,-16.604564832756296,-20.89021406387248,-24.0994935631752,1.0574705538418478,"Colin Moran",16909,592567
"JaCoby Jones","DET",283,1013,29,121,83,23,0.06219151,0.30799605,0.16991342,0.29471891,0.21861472,0.28189911,0.38852814,0.28797913696413824,,78.03536027190881,3.43555588577874,-23.49056738781617,-3.255618490278721,0.9294019084037647,"JaCoby Jones",14818,592444
"Eric Haase","- - -",322,1075,41,113,137,6,0.06418605,0.29395349,0.16700201,0.28416149,0.22535211,0.27653631,0.39235412,0.28868524468879203,,82.67405822484405,-4.3403609248343855,-27.161049476646905,-1.6983878146857023,0.7971195775477644,"Eric Haase",14111,606992
"Scott Kingery","PHI",325,1127,30,132,96,25,0.05944987,0.28393966,0.15738964,0.29899857,0.2293666,0.28,0.38675624,0.28441973313198277,,73.33140303245098,8.923905284143984,-28.386267492909745,1.7554955672239885,0.7729207262052988,"Scott Kingery",17975,664068
"Albert Almora Jr.","- - -",421,1165,22,136,103,6,0.05321888,0.18626609,0.11203703,0.28705882,0.2462963,0.28867761,0.35833333,0.2790933213610616,,71.52088848291959,-5.4503638576716185,-47.3554150900575,16.62796337157488,0.7723483294464112,"Albert Almora Jr.",14109,546991
"Elias Díaz","- - -",535,1867,54,187,228,1,0.07123728,0.18478843,0.14912281,0.28603774,0.25321637,0.30814577,0.40233918,0.3074143174636006,,81.90429347418143,-10.587718122638762,-52.783138715941405,-1.8470613844692707,0.7524563975405951,"Elias Diaz",11680,553869
"Robinson Chirinos","- - -",365,1277,45,132,167,4,0.1018011,0.3046202,0.17857142,0.28635682,0.21611722,0.32050275,0.39468864,0.31293878357552884,,94.43198508510834,-10.299021600512788,-17.9459172682214,-18.00355339050293,0.6721835618838836,"Robinson Chirinos",3142,455139
"Garrett Hampson","- - -",488,1436,27,189,102,55,0.07660167,0.26671309,0.13184271,0.31655481,0.23901311,0.30098453,0.37085582,0.29168691834234034,,67.95895655799067,13.427405750611797,-44.59568842906003,2.7233945429325104,0.6120428733560979,"Garrett Hampson",19262,641658
"Alcides Escobar","- - -",257,1011,8,119,70,12,0.0504451,0.16023739,0.09159483,0.29188482,0.24892241,0.2977023,0.34051724,0.2805322281718254,,72.9521920729595,5.778266774723306,-26.647453240711684,-1.9040741920471191,0.5280410265156654,"Alcides Escobar",6310,444876
"Dominic Smith","- - -",525,1675,43,174,188,4,0.06985075,0.2161194,0.14851486,0.30659537,0.25544554,0.31940299,0.4039604,0.31368446913010617,,98.86036806647017,-6.9455022141337395,-8.057813651611035,-40.443182706832886,0.4972888454041495,"Dominic Smith",15653,642086
"David Dahl","- - -",268,1012,36,127,137,12,0.06027668,0.26383399,0.19354839,0.32288401,0.26021505,0.30723489,0.45376344,0.3198986905724255,,87.58589234088815,1.6856299831997603,-13.739608635276529,-14.768108054995537,0.45512213070839835,"David Dahl",13744,621311
"Albert Pujols","- - -",505,1853,89,191,300,7,0.06583918,0.13923368,0.19763313,0.23991196,0.24615385,0.30167296,0.44378698,0.3162918208478071,,99.0868961196907,-16.64580813446082,-19.94183630614687,-41.32429741322994,0.4141302048579174,"Albert Pujols",1177,405395
"Victor Reyes","DET",394,1280,16,147,107,33,0.03828125,0.22421875,0.11449753,0.33188248,0.26441516,0.29444009,0.37891269,0.2901275633085306,,82.04621373967986,2.521566168870777,-24.64832881545653,-16.14057892560959,0.3788135707232836,"Victor Reyes",15487,622682
"Gregory Polanco","PIT",329,1258,47,148,156,32,0.09697933,0.26629571,0.19602529,0.2705249,0.22402891,0.30007981,0.4200542,0.30615621819553607,,89.84637004578164,1.9885439472272992,-15.053687527621008,-24.633137047290802,0.3686174334567409,"Gregory Polanco",12907,570256
"Renato Núñez","- - -",290,1131,55,136,150,1,0.07161804,0.25198939,0.21073171,0.28612717,0.24682927,0.311229,0.45756098,0.32553999323760513,,102.03157123660355,-3.939812048105523,-1.151805987131727,-33.5428664033534,0.3385055250357274,"Renato Nunez",14503,600524
"Kurt Suzuki","- - -",346,1232,41,124,161,1,0.06493506,0.1387987,0.16240876,0.2563818,0.24817518,0.31570382,0.41058394,0.31340699892867274,,93.37824259207872,-6.46803563204594,-15.667668683638299,-19.723517298698425,0.3059443996892768,"Kurt Suzuki",8259,435559
"Rowdy Tellez","- - -",511,1833,92,204,259,3,0.08565194,0.22585925,0.21871203,0.25325239,0.23329283,0.30441899,0.45200486,0.31981876784937646,,101.10685351469922,-13.952054068213329,-12.053626040256475,-47.836195051670074,0.26575984721700374,"Rowdy Tellez",15679,642133
"Maikel Franco","- - -",521,1927,67,181,248,3,0.05864037,0.15723923,0.1617401,0.25503822,0.24205243,0.28645563,0.40379253,0.290519705665739,,79.95825598877443,-11.61846651416272,-59.32400129648818,-5.753567218780518,0.04716324536984168,"Maikel Franco",12179,596748
"Eric Hosmer","- - -",641,2584,71,265,327,16,0.07817337,0.20162539,0.14291773,0.30951041,0.26335878,0.32326752,0.40627651,0.3135554457241048,,98.82925573673191,-20.667179965646937,-24.64815099868362,-59.795389235019684,0.005423609760780046,"Eric Hosmer",3516,543333
"Pedro Severino","- - -",335,1172,31,100,127,5,0.08532423,0.23549488,0.13498099,0.28552457,0.2338403,0.3042735,0.36882129,0.2921116404778968,,80.02528198666197,-7.017154149711132,-35.74379061000024,-2.719155602157116,-0.014934017547366674,"Pedro Severino",14523,600474
"Dee Strange-Gordon","- - -",314,1150,7,116,75,58,0.02782609,0.14086957,0.0757156,0.30594595,0.2677747,0.29349736,0.3434903,0.2756688946574638,,74.19499566881404,6.981497963890433,-29.42361050740901,-11.990873992443085,-0.1395674962368016,"Dee Strange-Gordon",8203,543829
"Ryan O'Hearn","- - -",425,1334,49,132,173,4,0.0832084,0.26011994,0.17842324,0.28571429,0.23485477,0.30134933,0.41327801,0.30638516003027894,,90.52207128396458,-5.470304325921461,-21.635492640537677,-27.76049044728279,-0.1562780945009572,"Ryan O'Hearn",16442,656811
"Pavin Smith","ARI",293,1083,28,125,116,4,0.09879963,0.20683287,0.14004149,0.28412256,0.2406639,0.31792976,0.38070539,0.30661824191058124,,91.62911639178857,-3.0076056122779846,-14.008478910991006,-24.66663891170174,-0.19422750541476486,"Pavin Smith",19892,656976
"Hunter Dozier","KCR",587,2294,73,254,234,19,0.08326068,0.26721883,0.18322083,0.30028531,0.23818708,0.30514385,0.42140791,0.3115182713740367,,93.5790217231852,-13.332749440334737,-29.73681939368541,-51.21622195839882,-0.26381517926927933,"Hunter Dozier",15117,641531
"Adam Jones","- - -",282,1141,31,120,130,9,0.04820333,0.17002629,0.14553991,0.30460449,0.2713615,0.31315789,0.41690141,0.3120154369894412,,92.77052207683418,-2.8507604694459587,-13.588665592073866,-28.099233746528625,-0.38595592909271237,"Adam Jones",6368,430945
"Dexter Fowler","- - -",278,1030,31,126,114,15,0.11941748,0.24368932,0.14785553,0.26633987,0.21896163,0.31972789,0.36681716,0.3013203072756645,,88.4332443760108,2.7557573651429266,-11.619365173609587,-25.425949454307556,-0.39392493539175244,"Dexter Fowler",4062,451594
"Michael Chavis","- - -",348,1177,42,130,142,8,0.05437553,0.31775701,0.16499544,0.31976744,0.23883318,0.28462192,0.40382862,0.29432758866623676,,80.93287695170321,-3.2206835399847478,-30.194045061593688,-14.147371610626578,-0.5109932886270931,"Michael Chavis",17321,656308
"Joe Panik","- - -",380,1281,13,123,88,10,0.08274785,0.10772834,0.08246528,0.25841584,0.23784722,0.30540329,0.3203125,0.2759138977405689,,70.91756450986271,-4.312239800347015,-51.51844381297275,5.663394451141357,-0.5702641784838345,"Joe Panik",11936,605412
"Jake Bauers","- - -",401,1364,38,146,136,18,0.11290323,0.27859238,0.15080033,0.27272727,0.21145746,0.30345334,0.36225779,0.292053849425386,,84.2102094607925,1.1819646824151278,-25.530802211589673,-28.475016593933105,-0.6424336976048028,"Jake Bauers",15194,641343
"Andrew Vaughn","CHW",382,1521,48,170,189,1,0.06771861,0.1965812,0.16231884,0.28995215,0.25434783,0.31558185,0.41666667,0.3182471247976505,,102.83423438160735,-11.501757458318025,-6.935356777102608,-51.47466206550598,-0.7884380208222874,"Andrew Vaughn",26197,683734
"Nick Senzel","CIN",355,1309,30,163,121,31,0.07792208,0.2039725,0.12765958,0.27941176,0.23574468,0.3003096,0.36340426,0.29018882198414936,,74.86796626942191,-2.8724290856625885,-43.23186898793884,-9.340967159718275,-0.8739432262678952,"Nick Senzel",19293,669222
"MJ Melendez","KCR",252,1036,30,110,106,8,0.10521236,0.26737452,0.16648412,0.28409091,0.2245345,0.30694981,0.39101862,0.3049947557758316,,91.31755429502026,-1.675730039831251,-12.38559441610793,-30.771366104483604,-0.9002662368953904,"MJ Melendez",22197,669004
"Ian Desmond","COL",300,1101,42,146,153,23,0.07901907,0.24069028,0.20240481,0.28981349,0.24448898,0.30846224,0.44689379,0.32058677370430994,,84.64454144452901,-1.6883135193493217,-22.914710440914526,-22.551765418145806,-1.0962166019018136,"Ian Desmond",6885,435622
"Luis García","WSN",303,1170,21,122,125,12,0.04102564,0.17692308,0.12545126,0.3030303,0.26263538,0.29109589,0.38808664,0.29208716067121776,,82.74489399701811,-7.135191498091444,-32.21307783353154,-19.61543869972229,-1.314373940287647,"Luis Garcia",20391,671277
"Miguel Cabrera","DET",550,2179,48,175,258,2,0.08627811,0.21202386,0.11310133,0.31811989,0.26356192,0.3285911,0.37666325,0.306755515497073,,93.19205169082764,-22.511079485761,-39.780036503868104,-58.180674985051155,-2.1523850830235975,"Miguel Cabrera",1744,408234
"Harold Castro","- - -",441,1465,16,133,154,7,0.03481229,0.21228669,0.08855291,0.34697674,0.2800576,0.30378007,0.36861051,0.29091630820722986,,80.34811227281705,-1.3843640587292612,-36.80731305438281,-35.76837772876024,-2.251664219615989,"Harold Castro",14691,605612
"Willie Calhoun","- - -",288,1048,36,111,116,0,0.07442748,0.14885496,0.16666667,0.24935065,0.23899371,0.29961832,0.40566038,0.3022312515103031,,85.13951459760438,-7.056817235657945,-25.606383175551166,-34.801435858011246,-2.388687305728892,"Willie Calhoun",17838,641432
"Lewis Brinson","- - -",336,1095,26,89,106,9,0.04657534,0.28310502,0.12792969,0.26156069,0.20214844,0.24678899,0.33007813,0.2497109866734481,,55.41452494358481,0.8069845377467573,-61.249656798820205,-8.084909230470657,-3.4632525283366,"Lewis Brinson",14352,621446