player_id,pa,bip,ba,est_ba,est_ba_minus_ba_diff,slg,est_slg,est_slg_minus_slg_diff,woba,est_woba,est_woba_minus_woba_diff,era,era_minus_xera_diff,avg_zERA,zERA_2023,zscore_difference
425794,792.0,571.3333333333334,0.25133333333333335,0.262,-0.010666666666666666,0.3913333333333333,0.412,-0.020666666666666635,0.303,0.3196666666666667,-0.016666666666666632,3.65,-0.7443333333333334,4.396666666666667,7.7,2.830234210408097
425844,732.75,550.25,0.24925,0.25825,-0.008999999999999949,0.40125,0.4165,-0.01525,0.29475,0.30975,-0.015,3.495,-0.60575,4.1000000000000005,5.36,0.8877415057038753
434378,782.0,480.6666666666667,0.18600000000000003,0.19233333333333333,-0.006333333333333299,0.3303333333333333,0.32866666666666666,0.0016666666666666334,0.24133333333333332,0.24666666666666667,-0.005333333333333335,2.283333333333333,-0.26833333333333337,2.5533333333333332,3.55,1.1961052681572188
445276,272.5,163.75,0.1895,0.189,0.0004999999999999996,0.33625,0.313,0.02324999999999995,0.261,0.2565,0.0045,3.08,0.3175,2.7625,2.71,0.06482460619683272
446372,624.0,441.0,0.248,0.24266666666666667,0.005333333333333333,0.389,0.38566666666666666,0.0033333333333333327,0.2986666666666667,0.2986666666666667,0.0,3.6833333333333336,-0.06066666666666665,3.7433333333333336,6.18,2.2017180515341086
448179,494.0,328.0,0.23375,0.22625,0.007499999999999975,0.40725,0.38775,0.019500000000000024,0.3065,0.3005,0.005999999999999976,3.5625,-0.2885,3.85,5.5,1.3720632243190733
450203,742.25,450.25,0.216,0.2165,-0.0004999999999999749,0.354,0.34575,0.00824999999999995,0.28675,0.2885,-0.0017499999999999755,3.4675,-0.048749999999999995,3.515,4.79,1.119483102414165
453268,274.5,164.5,0.21350000000000002,0.2065,0.00700000000000005,0.33799999999999997,0.3105,0.027499999999999997,0.291,0.281,0.009999999999999998,3.5,0.14900000000000002,3.35,5.91,2.4712818166635566
453286,704.25,420.0,0.2005,0.1965,0.00399999999999995,0.33825,0.33575,0.0024999999999999996,0.25575000000000003,0.25725,-0.0014999999999999996,2.55,-0.21899999999999997,2.77,3.35,0.6973450694421891
455119,220.5,145.5,0.2395,0.22649999999999998,0.013,0.392,0.38449999999999995,0.0075,0.2735,0.268,0.00550000000000005,3.2249999999999996,0.16949999999999998,3.0549999999999997,3.11,0.06446259890415118
458681,682.0,448.5,0.241,0.22575,0.015249999999999951,0.38225,0.36125,0.020999999999999974,0.29725,0.28625,0.011,3.7824999999999998,0.30974999999999997,3.4725,4.69,1.0774700699393327
471911,501.75,335.75,0.2675,0.25025,0.01724999999999995,0.46325,0.4305,0.032749999999999946,0.33025,0.315,0.01524999999999995,4.67,0.3965,4.27,6.59,1.889465779793154
472610,246.66666666666666,161.0,0.257,0.2363333333333333,0.020666666666666635,0.393,0.36633333333333334,0.026666666666666634,0.318,0.3036666666666667,0.014333333333333335,4.6066666666666665,0.5943333333333333,4.010000000000001,4.38,0.02713855648568128
477132,584.0,396.0,0.21975,0.22525,-0.005499999999999975,0.361,0.36025,0.00075,0.26775000000000004,0.27349999999999997,-0.00574999999999995,2.8975,-0.257,3.155,3.55,0.3689283494318234
489119,582.6666666666666,427.0,0.252,0.25166666666666665,0.00033333333333333245,0.38033333333333336,0.379,0.0013333333333333329,0.3036666666666667,0.308,-0.004333333333333333,3.3066666666666666,-0.7553333333333333,4.06,4.57,0.1492387036462683
489446,246.5,130.5,0.1835,0.177,0.006500000000000001,0.2705,0.29200000000000004,-0.02149999999999995,0.23199999999999998,0.2405,-0.0085,1.665,-0.7949999999999999,2.46,4.72,2.4995971972826876
493603,281.5,156.75,0.19974999999999998,0.18175,0.017999999999999974,0.31074999999999997,0.27949999999999997,0.03124999999999995,0.27275,0.25925,0.0135,2.65,-0.20299999999999996,2.8525,3.81,1.045958467828031
502043,751.0,522.5,0.2545,0.25575000000000003,-0.001249999999999975,0.40625,0.40425,0.002,0.31575,0.32,-0.0042499999999999994,4.305,-0.0955,4.3975,4.54,-0.3448921575370184
502085,273.5,155.5,0.178,0.1865,-0.0085,0.3175,0.32699999999999996,-0.00949999999999995,0.265,0.276,-0.011,2.815,-0.3335,3.15,3.37,0.1950060272283175
502171,561.6666666666666,401.3333333333333,0.262,0.25533333333333336,0.0066666666666665994,0.3893333333333333,0.38166666666666665,0.007666666666666634,0.309,0.30733333333333335,0.0016666666666665993,4.13,0.11099999999999999,4.02,4.76,0.3950716862948622
502624,483.6666666666667,339.6666666666667,0.24533333333333332,0.24966666666666668,-0.0043333333333333,0.4653333333333333,0.44766666666666666,0.017666666666666667,0.33433333333333337,0.3356666666666667,-0.0013333333333333333,4.963333333333334,0.032999999999999995,4.93,5.12,-0.4944120241782183
506433,727.6666666666666,463.3333333333333,0.214,0.21933333333333335,-0.005333333333333333,0.39033333333333337,0.3873333333333333,0.002999999999999968,0.2846666666666667,0.29033333333333333,-0.005666666666666632,3.766666666666667,0.19899999999999998,3.5666666666666664,3.65,-0.09659237847471513
518397,268.0,183.0,0.239,0.226,0.0129999999999999,0.345,0.313,0.0319999999999999,0.295,0.283,0.012,3.68,0.332,3.35,3.63,0.1811944808164727
518489,252.0,170.5,0.259,0.251,0.008,0.44599999999999995,0.4455,0.0004999999999999519,0.321,0.322,-0.0010000000000000009,5.3149999999999995,0.8175,4.495,3.87,-1.1519003236216365
518617,264.0,142.25,0.22675,0.213,0.013749999999999974,0.3715,0.34650000000000003,0.024999999999999977,0.32175,0.31225,0.009499999999999974,4.5525,0.40025,4.155,4.03,-0.5237572841162622
518876,749.3333333333334,538.0,0.25066666666666665,0.25733333333333336,-0.006666666666666667,0.417,0.436,-0.018999999999999965,0.30866666666666664,0.32166666666666666,-0.012999999999999965,4.076666666666667,-0.41333333333333333,4.49,4.35,-0.662902627553619
518886,247.33333333333334,127.33333333333333,0.17433333333333334,0.17833333333333332,-0.003999999999999968,0.3093333333333333,0.304,0.005333333333333333,0.262,0.2643333333333333,-0.0023333333333333006,2.9166666666666665,0.0020000000000000018,2.9166666666666665,2.9,0.0437154530240742
519151,251.0,149.33333333333334,0.204,0.19499999999999998,0.009,0.3096666666666667,0.31433333333333335,-0.004666666666666667,0.246,0.24766666666666667,-0.001666666666666633,2.3699999999999997,-0.21866666666666668,2.5866666666666664,3.52,1.120145563947298
519242,614.5,338.0,0.201,0.1895,0.011499999999999951,0.35,0.3325,0.01749999999999995,0.26549999999999996,0.2585,0.006999999999999951,3.255,0.368,2.885,3.63,0.8204807975045211
519293,252.75,149.0,0.20975,0.199,0.010749999999999975,0.37,0.3325,0.03749999999999998,0.27849999999999997,0.26675,0.01175,3.1775,0.15225,3.025,2.99,-0.014824035012849901
527048,616.0,445.5,0.28625,0.264,0.022249999999999975,0.44575,0.41775,0.028,0.34275,0.3295,0.013250000000000001,4.7425,-0.0012500000000000566,4.7425,5.5,0.1450459390629817
527054,739.0,481.5,0.21250000000000002,0.2355,-0.02299999999999995,0.3815,0.4115,-0.0299999999999999,0.3025,0.3255,-0.023,3.875,-0.741,4.62,4.54,-0.6507872230490416
541640,347.0,266.0,0.245,0.247,-0.002,0.39,0.366,0.024,0.294,0.291,0.003,2.92,-0.571,3.49,5.36,1.7263751684559387
542585,265.0,168.0,0.226,0.228,-0.002,0.345,0.378,-0.033,0.3,0.314,-0.014,3.65,-0.531,4.18,4.32,-0.2668444778648368
542881,715.3333333333334,522.3333333333334,0.24366666666666667,0.23766666666666666,0.005999999999999966,0.4166666666666667,0.383,0.033666666666666664,0.30433333333333334,0.29533333333333334,0.009,3.8833333333333333,0.219,3.6633333333333336,4.79,0.9155530587394829
543037,783.75,453.75,0.20400000000000001,0.2005,0.0035000000000000005,0.35925,0.351,0.00825,0.2675,0.26625,0.0012499999999999998,3.0275,0.05,2.975,3.79,0.8574558452338508
543101,618.6666666666666,433.3333333333333,0.243,0.24066666666666667,0.002333333333333333,0.41966666666666663,0.413,0.006666666666666633,0.304,0.3053333333333333,-0.0013333333333333,3.9966666666666666,0.00833333333333334,3.986666666666667,5.08,0.7623144288362103
543135,495.25,347.0,0.25975000000000004,0.24325,0.0165,0.443,0.405,0.038,0.32075,0.306,0.014749999999999975,4.355,0.3315,4.0225,3.5,-0.8739399172496846
543243,588.25,378.0,0.22875,0.22849999999999998,0.00025000000000005053,0.3695,0.3575,0.011999999999999999,0.296,0.29625,-0.0002499999999999998,3.7625,0.03799999999999998,3.725,3.73,-0.23391657337272898
543272,273.6666666666667,159.66666666666666,0.225,0.223,0.001999999999999967,0.38366666666666666,0.3793333333333333,0.004333333333333299,0.297,0.2976666666666667,-0.0006666666666666996,3.3166666666666664,-0.492,3.8066666666666666,4.79,0.7184970614808017
543294,670.75,498.75,0.2585,0.25925,-0.00075,0.435,0.4255,0.00949999999999995,0.31775,0.3195,-0.00175,4.1175,-0.28,4.3975,4.21,-0.6763521666727806
543475,628.25,445.75,0.2615,0.24875000000000003,0.012749999999999949,0.45375,0.4335,0.020249999999999976,0.331,0.324,0.007,4.4575000000000005,-0.0875,4.545,5.15,0.0650222779570725
543521,279.75,175.25,0.20174999999999998,0.21575,-0.013999999999999974,0.3275,0.34299999999999997,-0.0155,0.25875,0.27275000000000005,-0.014000000000000025,2.71,-0.46625,3.175,4.85,1.6471837149087023
547179,366.0,253.0,0.23433333333333337,0.23433333333333337,0.0,0.36366666666666664,0.35766666666666663,0.005999999999999967,0.2966666666666667,0.299,-0.002333333333333333,3.4233333333333333,-0.3846666666666667,3.8066666666666666,4.12,0.04553280050819389
547973,230.0,104.0,0.16766666666666666,0.16933333333333334,-0.0016666666666666668,0.27899999999999997,0.28633333333333333,-0.007333333333333333,0.2603333333333333,0.2683333333333333,-0.008,2.6733333333333333,-0.403,3.0766666666666667,2.04,-1.0400589045811404
548384,212.0,129.0,0.21050000000000002,0.217,-0.00649999999999995,0.319,0.33399999999999996,-0.01499999999999995,0.27049999999999996,0.281,-0.0105,3.7300000000000004,0.4295,3.3,3.52,0.1394482752645576
548389,460.0,326.75,0.24525,0.2405,0.004749999999999999,0.42174999999999996,0.401,0.02074999999999995,0.3015,0.2965,0.005000000000000001,3.5775,-0.1825,3.76,5.43,1.4254863608994968
554340,243.66666666666666,162.66666666666666,0.20766666666666667,0.214,-0.006333333333333301,0.3933333333333333,0.38866666666666666,0.004666666666666633,0.278,0.2826666666666667,-0.004666666666666667,3.64,0.2306666666666667,3.41,3.7,0.16901562273205262
554430,757.0,508.0,0.22975,0.22625,0.0034999999999999996,0.346,0.34700000000000003,-0.0010000000000000252,0.2745,0.277,-0.0025,3.2175,-0.020750000000000005,3.24,3.27,-0.02916923527052928
571510,611.3333333333334,406.3333333333333,0.24333333333333332,0.225,0.0183333333333333,0.424,0.39633333333333337,0.027666666666666662,0.312,0.29866666666666664,0.013333333333333334,4.283333333333333,0.4703333333333333,3.81,4.18,0.10121555910402857
571578,774.75,524.5,0.263,0.26175,0.0012500000000000002,0.43374999999999997,0.44725,-0.01349999999999995,0.32375,0.3315,-0.007749999999999976,4.6325,-0.22775,4.859999999999999,6.22,0.706691322764996
571656,298.0,197.5,0.251,0.237,0.014,0.4105,0.39149999999999996,0.019,0.322,0.313,0.009,3.9350000000000005,-0.296,4.234999999999999,4.12,-0.5433438424625162
571670,253.66666666666666,176.33333333333334,0.22966666666666666,0.227,0.0026666666666666328,0.319,0.3336666666666666,-0.014666666666666632,0.266,0.27266666666666667,-0.006666666666666633,2.6933333333333334,-0.39599999999999996,3.09,3.3,0.2071848853127375
571760,506.5,325.75,0.24225,0.22999999999999998,0.012249999999999974,0.44725,0.412,0.03524999999999995,0.32175,0.30825,0.0135,4.4975000000000005,0.44125,4.055,4.63,0.21637820626877047
571882,285.0,175.0,0.256,0.242,0.014,0.437,0.387,0.0499999999999999,0.342,0.326,0.016,4.9,0.166,4.73,4.63,-0.7116180598913002
571901,239.0,159.5,0.2135,0.242,-0.0285,0.293,0.3435,-0.0505,0.2635,0.29800000000000004,-0.0345,2.39,-1.341,3.735,5.05,1.0781753703383186
571927,549.75,377.0,0.25325,0.247,0.00625,0.42725,0.3995,0.02774999999999995,0.31875,0.309,0.00975,4.3125,0.23925000000000002,4.075,3.84,-0.6046131527808446
571945,792.3333333333334,602.6666666666666,0.24766666666666667,0.25833333333333336,-0.010666666666666635,0.39066666666666666,0.41,-0.019333333333333334,0.2896666666666667,0.3073333333333333,-0.017666666666666598,3.426666666666667,-0.6313333333333333,4.056666666666667,4.98,0.5656353520013667
571948,272.0,186.0,0.25,0.235,0.015,0.377,0.343,0.0339999999999999,0.302,0.287,0.015,3.76,0.368,3.39,3.01,-0.4965409379787209
572020,639.0,392.0,0.23299999999999998,0.2205,0.01249999999999995,0.40449999999999997,0.381,0.02349999999999995,0.2985,0.289,0.0095,3.79,0.222,3.5700000000000003,3.4,-0.35228114361247537
572403,245.5,169.0,0.263,0.2255,0.0374999999999999,0.4285,0.3735,0.05499999999999995,0.3265,0.30100000000000005,0.0254999999999999,5.265000000000001,1.28,3.985,4.09,-0.2297742497657424
572955,244.0,139.0,0.22,0.205,0.015,0.369,0.336,0.0329999999999999,0.292,0.284,0.008,3.22,-0.148,3.37,4.32,0.8467510415272463
573124,270.6666666666667,166.0,0.223,0.207,0.015999999999999934,0.351,0.34366666666666673,0.0073333333333333,0.27366666666666667,0.2683333333333333,0.005333333333333333,3.3333333333333335,0.263,3.0700000000000003,3.23,0.1643713720691532
573186,630.25,455.0,0.254,0.2545,-0.0004999999999999996,0.38475,0.3935,-0.00875,0.301,0.31025,-0.009250000000000001,3.8200000000000003,-0.28125,4.1025,4.03,-0.45157979674825655
579328,613.6666666666666,416.0,0.2603333333333333,0.262,-0.0016666666666666993,0.488,0.4676666666666667,0.0203333333333333,0.35333333333333333,0.351,0.002333333333333366,5.016666666666667,-0.39166666666666666,5.41,4.12,-2.1587447502226382
592094,237.0,138.0,0.147,0.162,-0.015,0.242,0.258,-0.016,0.213,0.226,-0.013,1.56,-0.527,2.09,4.41,2.696905108333132
592332,681.75,464.0,0.257,0.25,0.006999999999999974,0.40875,0.41475,-0.005999999999999999,0.30625,0.309,-0.0027499999999999747,3.95,-0.15274999999999997,4.1025,3.81,-0.6725531361720982
592351,636.0,422.75,0.248,0.24475,0.0032500000000000003,0.42075,0.39075,0.02999999999999997,0.31675,0.3085,0.00825,4.3774999999999995,0.31425,4.0625,4.23,-0.1957025713985782
592741,235.0,153.0,0.2365,0.22599999999999998,0.0105,0.431,0.40449999999999997,0.026499999999999947,0.3265,0.318,0.00849999999999995,3.56,-0.7575000000000001,4.32,4.12,-0.6602026315345262
592767,502.3333333333333,349.0,0.26333333333333336,0.259,0.004333333333333334,0.48666666666666664,0.4673333333333333,0.019333333333333334,0.3443333333333333,0.34,0.004333333333333334,4.73,-0.3456666666666666,5.073333333333333,4.15,-1.6657595634420188
592773,276.0,162.25,0.19475,0.20274999999999999,-0.007999999999999976,0.32275,0.3655,-0.04274999999999993,0.275,0.29500000000000004,-0.019999999999999976,2.88,-0.81875,3.7024999999999997,3.81,-0.12262942289205636
592789,677.6666666666666,481.6666666666667,0.25633333333333336,0.24100000000000002,0.015333333333333268,0.38866666666666666,0.36566666666666664,0.022999999999999934,0.2993333333333333,0.2906666666666667,0.0086666666666666,3.75,0.14833333333333334,3.6033333333333335,6.22,2.434368321986458
592791,705.3333333333334,502.0,0.24333333333333332,0.24266666666666667,0.0006666666666666331,0.4123333333333334,0.40199999999999997,0.0103333333333333,0.3036666666666667,0.3036666666666667,0.0,3.8033333333333332,-0.065,3.8699999999999997,5.26,1.1035052138290629
592826,470.5,305.25,0.2495,0.2405,0.008999999999999975,0.46575,0.43574999999999997,0.029999999999999975,0.3385,0.328,0.010499999999999975,5.21,0.54575,4.6625,4.09,-1.161207539133812
592836,651.5,457.5,0.23249999999999998,0.2455,-0.01299999999999995,0.382,0.4185,-0.03649999999999995,0.297,0.318,-0.020999999999999998,3.98,-0.2895,4.27,4.44,-0.2700464009398414
592866,528.5,382.25,0.26375,0.2535,0.01024999999999995,0.438,0.421,0.016999999999999973,0.32499999999999996,0.318,0.006999999999999951,4.012499999999999,-0.3425,4.355,5.5,0.6777845363030207
593334,419.25,283.0,0.235,0.23525,-0.00024999999999997485,0.43574999999999997,0.40349999999999997,0.03224999999999997,0.31375,0.306,0.00775,4.4475,0.46249999999999997,3.9825,4.29,-0.02545237253606801
593576,262.75,150.75,0.21075,0.20124999999999998,0.0095,0.37875000000000003,0.35275,0.026000000000000023,0.29000000000000004,0.27975,0.01025,3.8449999999999998,0.54875,3.295,3.65,0.27689747679464605
593958,619.5,411.5,0.25375000000000003,0.23325,0.020499999999999973,0.402,0.38175000000000003,0.02025,0.313,0.29925,0.01375,4.105,0.30925,3.795,3.5,-0.5611708053216611
593974,223.0,158.33333333333334,0.25366666666666665,0.24833333333333332,0.005333333333333333,0.3423333333333334,0.3546666666666667,-0.0123333333333333,0.2993333333333333,0.3056666666666667,-0.006333333333333333,3.81,-0.2303333333333333,4.04,5.08,0.6889912670655383
594835,730.0,553.25,0.259,0.26,-0.000999999999999974,0.4395,0.43274999999999997,0.006749999999999999,0.32,0.32325000000000004,-0.0032500000000000003,4.02,-0.47175,4.49,5.19,0.18081375933741262
595345,221.0,125.0,0.186,0.191,-0.005,0.339,0.294,0.045,0.291,0.28,0.0109999999999999,2.98,-0.239,3.22,3.32,0.04854816389889116
596001,669.0,474.6666666666667,0.27,0.26,0.01,0.45566666666666666,0.442,0.0136666666666667,0.333,0.328,0.005000000000000033,4.676666666666667,0.013000000000000012,4.663333333333333,3.84,-1.4134592810635715
596133,381.3333333333333,265.3333333333333,0.2456666666666667,0.255,-0.009333333333333268,0.4263333333333333,0.435,-0.008666666666666666,0.31033333333333335,0.323,-0.012666666666666632,4.046666666666667,-0.464,4.510000000000001,5.76,0.7258394076351802
596295,450.3333333333333,320.0,0.26333333333333336,0.26133333333333336,0.002000000000000033,0.44399999999999995,0.44166666666666665,0.002333333333333331,0.3313333333333333,0.3323333333333333,-0.0009999999999999998,4.843333333333334,0.09500000000000001,4.746666666666667,5.61,0.24980423676156782
600917,261.0,132.0,0.16749999999999998,0.14950000000000002,0.01799999999999995,0.2835,0.2295,0.05399999999999995,0.2555,0.2345,0.02099999999999995,2.9450000000000003,0.563,2.38,2.79,0.6710430986295424
601713,637.25,418.5,0.2565,0.238,0.0185,0.44525000000000003,0.4145,0.030749999999999923,0.33175,0.31775,0.014,4.81,0.4455,4.365,4.06,-0.7823345054850334
605130,302.0,183.66666666666666,0.22033333333333335,0.21166666666666667,0.008666666666666633,0.3496666666666666,0.34933333333333333,0.0003333333333333666,0.2833333333333334,0.2826666666666667,0.0006666666666667003,2.94,-0.4386666666666667,3.3800000000000003,3.79,0.3006580855378086
605135,549.5,373.5,0.2255,0.22825,-0.00275,0.354,0.369,-0.014999999999999975,0.2865,0.296,-0.009499999999999975,3.35,-0.35800000000000004,3.7075,4.38,0.4430183646537134
605177,236.25,150.75,0.223,0.21975,0.0032499999999999994,0.3165,0.34225,-0.025750000000000002,0.272,0.28425,-0.012249999999999974,2.88,-0.54225,3.4225000000000003,4.54,0.9955468935830818
605182,597.6666666666666,390.3333333333333,0.22166666666666668,0.223,-0.0013333333333333,0.36933333333333335,0.37833333333333335,-0.008999999999999966,0.2876666666666667,0.29433333333333334,-0.006666666666666665,3.3533333333333335,-0.3506666666666667,3.703333333333333,4.29,0.3583485523572943
605200,547.5,402.0,0.26175000000000004,0.27225,-0.010499999999999975,0.43775,0.44875,-0.011,0.329,0.34275,-0.01375,4.547499999999999,-0.603,5.15,5.19,-0.7265603675746558
605242,377.0,259.3333333333333,0.25233333333333335,0.24633333333333332,0.006000000000000001,0.393,0.3913333333333333,0.0016666666666666668,0.31,0.31233333333333335,-0.0023333333333333335,3.6833333333333336,-0.441,4.126666666666666,4.12,-0.39440617011583834
605280,264.0,161.33333333333334,0.21133333333333335,0.20533333333333334,0.005999999999999966,0.3036666666666667,0.30233333333333334,0.0013333333333333333,0.2816666666666667,0.2813333333333334,0.0003333333333333333,3.9066666666666667,0.445,3.4633333333333334,3.06,-0.5471390719079763
605288,505.0,353.3333333333333,0.24333333333333332,0.24433333333333332,-0.0010000000000000002,0.37566666666666665,0.37599999999999995,-0.00033333333333326654,0.3053333333333333,0.31133333333333335,-0.006000000000000033,3.893333333333333,-0.27066666666666667,4.163333333333333,4.26,-0.3041964460180045
605347,408.75,281.25,0.2645,0.256,0.00849999999999995,0.42975,0.4285,0.001249999999999975,0.33225,0.33499999999999996,-0.002749999999999975,4.9925,0.045999999999999985,4.945,5.4,-0.23379536779587684
605397,673.0,459.75,0.23675000000000002,0.2355,0.0012500000000000007,0.39325,0.3815,0.01175,0.295,0.2945,0.0005,3.6525,-0.023500000000000007,3.675,3.13,-0.7678306712777454
605400,809.75,521.5,0.2215,0.21775,0.00375,0.364,0.35675,0.007249999999999975,0.279,0.27749999999999997,0.0015000000000000002,3.5300000000000002,0.259,3.2725,3.87,0.5288040250904898
605447,255.5,150.5,0.1855,0.198,-0.0125,0.2865,0.32199999999999995,-0.03549999999999995,0.2475,0.267,-0.01949999999999995,2.125,-0.8290000000000001,2.955,3.2,0.2923417115339144
605483,556.5,321.5,0.21225,0.2115,0.0007499999999999994,0.352,0.35875,-0.006749999999999974,0.2835,0.28850000000000003,-0.00500000000000005,3.44,-0.11124999999999997,3.55,3.95,0.22764839061113107
606149,274.6666666666667,166.66666666666666,0.18333333333333335,0.19599999999999998,-0.012666666666666599,0.32,0.34833333333333333,-0.028333333333333235,0.243,0.264,-0.020999999999999963,2.793333333333333,-0.12766666666666668,2.9233333333333333,3.81,0.9485761436013569
606160,247.5,166.5,0.2445,0.2175,0.027000000000000003,0.34450000000000003,0.31,0.0345,0.2905,0.273,0.017499999999999998,4.375,1.2779999999999998,3.1,4.44,1.3384804604042786
606303,223.0,167.0,0.2525,0.22899999999999998,0.0235,0.403,0.36550000000000005,0.037499999999999895,0.3055,0.2855,0.01999999999999995,3.315,-0.08449999999999999,3.4,3.15,-0.36966963299555
607192,346.0,201.66666666666666,0.19299999999999998,0.19299999999999998,0.0,0.323,0.336,-0.012999999999999968,0.25666666666666665,0.26533333333333337,-0.008666666666666666,2.9033333333333338,-0.11633333333333334,3.02,4.12,1.1270494366256083
607259,448.0,308.0,0.239,0.233,0.0059999999999999,0.398,0.372,0.026,0.315,0.304,0.011,3.47,-0.36,3.83,4.41,0.30473695556495206
607481,252.5,154.5,0.193,0.184,0.009,0.251,0.2495,0.0014999999999999502,0.246,0.2475,-0.0014999999999999996,2.825,0.22150000000000003,2.6,3.15,0.7301777935645324
607536,649.25,470.5,0.27525,0.26025,0.014999999999999975,0.45975,0.43574999999999997,0.023999999999999976,0.33975,0.3295,0.010249999999999974,4.61,-0.12124999999999997,4.7299999999999995,5.4,0.06178862809214647
607625,332.0,216.0,0.214,0.21233333333333335,0.0016666666666666668,0.3393333333333333,0.34600000000000003,-0.006666666666666633,0.2623333333333333,0.26666666666666666,-0.004333333333333333,2.986666666666667,-0.011999999999999992,3.0,4.15,1.1846783503928617
608032,271.0,182.33333333333334,0.25133333333333335,0.24466666666666667,0.006666666666666665,0.426,0.4123333333333334,0.013666666666666666,0.317,0.3136666666666667,0.0033333333333333006,3.8666666666666667,-0.33266666666666667,4.2,4.06,-0.5554909737570164
608331,700.6666666666666,488.0,0.24066666666666667,0.236,0.004666666666666666,0.36366666666666664,0.35733333333333334,0.006333333333333302,0.2826666666666667,0.283,-0.0003333333333333001,3.1799999999999997,-0.21366666666666667,3.393333333333333,2.68,-0.8325836447251492
608337,724.25,470.5,0.2365,0.23525000000000001,0.0012499999999999994,0.4165,0.39,0.026499999999999975,0.313,0.30725,0.005749999999999976,4.4925,0.43125,4.0600000000000005,4.54,0.11910597554301572
608344,754.5,580.5,0.263,0.2695,-0.006500000000000001,0.42,0.448,-0.028000000000000004,0.3145,0.331,-0.0165,4.11,-0.5515,4.66,6.02,0.7807683253833415
608379,489.75,348.5,0.2535,0.272,-0.018499999999999975,0.431,0.47,-0.03899999999999997,0.32025,0.347,-0.026749999999999975,4.0825,-1.1905,5.2749999999999995,4.09,-2.003278225093875
608665,253.5,161.5,0.2185,0.23299999999999998,-0.0145,0.3085,0.3335,-0.02500000000000005,0.277,0.294,-0.01699999999999995,2.48,-1.1185,3.5949999999999998,4.47,0.6880825933234785
608678,220.5,145.5,0.23800000000000002,0.22449999999999998,0.013500000000000048,0.366,0.35550000000000004,0.010500000000000002,0.2985,0.2925,0.005999999999999998,2.76,-0.7935,3.555,4.69,0.9640483040753242
608717,396.25,277.0,0.27425,0.2585,0.015749999999999976,0.43325,0.4135,0.019750000000000024,0.33275,0.32425,0.0085,4.6375,0.08475,4.5525,3.35,-1.7532524778619951
608718,336.3333333333333,243.33333333333334,0.24866666666666667,0.248,0.0006666666666666666,0.4216666666666667,0.39233333333333337,0.029333333333333298,0.3136666666666667,0.3056666666666667,0.008,3.763333333333333,-0.16366666666666668,3.926666666666667,2.48,-1.7667001164535463
612434,332.6666666666667,216.0,0.219,0.22866666666666666,-0.009666666666666632,0.351,0.3793333333333333,-0.028333333333333297,0.30033333333333334,0.3183333333333333,-0.017999999999999964,4.026666666666666,-0.36333333333333334,4.39,4.06,-0.8167047375650353
614179,268.0,173.5,0.2205,0.2365,-0.016,0.388,0.4105,-0.0225,0.30200000000000005,0.32,-0.01799999999999995,3.8249999999999997,-0.49250000000000005,4.3149999999999995,5.4,0.6323344806201893
615698,609.6666666666666,449.0,0.24933333333333332,0.25533333333333336,-0.005999999999999966,0.3973333333333333,0.41333333333333333,-0.01599999999999997,0.304,0.31666666666666665,-0.012666666666666666,3.81,-0.4893333333333334,4.296666666666667,6.06,1.3204593357503804
621051,214.0,138.0,0.191,0.182,0.009,0.346,0.306,0.0399999999999999,0.277,0.263,0.014,3.06,0.227,2.83,3.47,0.7353874248631875
621074,229.0,159.0,0.242,0.23,0.0119999999999999,0.396,0.376,0.02,0.308,0.297,0.011,3.95,0.311,3.64,4.44,0.5960834474762229
621076,539.5,374.0,0.236,0.2465,-0.01049999999999995,0.422,0.426,-0.004,0.318,0.3275,-0.0095,4.15,-0.398,4.550000000000001,4.82,-0.2733117775946913
621107,502.0,364.75,0.2615,0.24175,0.019749999999999976,0.43475,0.394,0.040749999999999974,0.31575,0.296,0.01975,4.175,0.465,3.7125,2.99,-0.9600054172129209
621112,467.0,343.0,0.255,0.259,-0.004,0.441,0.401,0.0399999999999999,0.326,0.315,0.011,4.28,0.144,4.14,3.87,-0.6638430280855993
621244,793.25,542.75,0.246,0.2465,-0.0004999999999999996,0.40525,0.41375,-0.00849999999999995,0.307,0.314,-0.007,4.0675,-0.16,4.2275,4.5,-0.15135155019733576
621345,250.66666666666666,156.0,0.22266666666666668,0.21066666666666667,0.012000000000000002,0.328,0.32033333333333336,0.0076666666666666316,0.27099999999999996,0.2663333333333333,0.004666666666666634,3.0233333333333334,0.066,2.956666666666667,3.79,0.8826606820925189
621363,226.0,134.5,0.196,0.192,0.00399999999999995,0.391,0.348,0.0429999999999999,0.2885,0.276,0.012499999999999999,4.345000000000001,1.126,3.2199999999999998,2.99,-0.28291184523686996
621381,366.0,246.0,0.2225,0.22999999999999998,-0.007499999999999951,0.39149999999999996,0.425,-0.0335,0.28800000000000003,0.305,-0.01699999999999995,3.38,-0.6585000000000001,4.04,3.11,-1.2897245450479509
621383,217.0,149.0,0.213,0.252,-0.039,0.315,0.384,-0.069,0.268,0.313,-0.0449999999999999,3.06,-1.023,4.08,5.22,0.7746182935527056
621389,512.0,395.0,0.289,0.28,0.0089999999999999,0.399,0.413,-0.0139999999999999,0.325,0.331,-0.006,4.25,-0.453,4.7,6.5,1.2078996037073555
622065,297.5,210.0,0.268,0.266,0.0020000000000000503,0.47550000000000003,0.45799999999999996,0.0175,0.3435,0.3415,0.002,5.07,-0.10450000000000004,5.175,3.87,-2.086770636197706
622072,592.3333333333334,404.6666666666667,0.24833333333333332,0.24266666666666667,0.005666666666666667,0.38066666666666665,0.38033333333333336,0.0003333333333333001,0.30033333333333334,0.3013333333333333,-0.001,4.203333333333333,0.3983333333333334,3.8033333333333332,4.82,0.7532124871947202
622075,217.0,137.0,0.26,0.251,0.009,0.475,0.432,0.0429999999999999,0.361,0.351,0.01,7.55,2.182,5.37,4.23,-1.9932657091827135
622250,257.0,156.0,0.234,0.228,0.006,0.383,0.366,0.017,0.31,0.304,0.006,3.97,0.076,3.89,2.64,-1.5555825595188693
622491,726.5,470.25,0.2285,0.22625,0.0022500000000000003,0.377,0.36124999999999996,0.015750000000000028,0.2955,0.2935,0.0020000000000000248,3.6675,0.017249999999999988,3.65,3.81,-0.05045193552405125
622554,219.0,127.0,0.177,0.1985,-0.0214999999999999,0.28049999999999997,0.31,-0.02949999999999995,0.2475,0.27,-0.022499999999999902,2.975,-0.045999999999999985,3.02,4.69,1.6995712705873796
622663,592.5,384.0,0.217,0.2215,-0.0045000000000000005,0.366,0.36150000000000004,0.00449999999999995,0.2815,0.2835,-0.0019999999999999996,3.285,-0.0685,3.3499999999999996,6.76,3.3250424462556714
623149,253.33333333333334,151.66666666666666,0.19966666666666666,0.20366666666666666,-0.003999999999999999,0.37266666666666665,0.35533333333333333,0.017333333333333336,0.2753333333333333,0.2723333333333333,0.0030000000000000005,3.9333333333333336,0.8316666666666666,3.1033333333333335,2.42,-0.6950392628252964
623167,665.5,507.0,0.259,0.2585,0.0005,0.411,0.4285,-0.017499999999999998,0.313,0.324,-0.011,3.67,-0.7785,4.445,6.06,1.1165292920756982
623352,259.5,117.0,0.15975,0.1635,-0.0037499999999999747,0.30675,0.29775,0.009,0.24475,0.24675,-0.001999999999999975,2.875,0.2995,2.575,1.94,-0.4508053411865931
623465,233.0,138.0,0.155,0.175,-0.0199999999999999,0.211,0.266,-0.055,0.197,0.231,-0.034,1.14,-1.037,2.18,3.23,1.387951634117245
624133,428.3333333333333,298.6666666666667,0.24033333333333337,0.2363333333333333,0.004000000000000034,0.35600000000000004,0.3506666666666667,0.005333333333333301,0.28633333333333333,0.2853333333333333,0.0010000000000000002,2.716666666666667,-0.7626666666666666,3.48,4.44,0.8160529327882395
625643,521.0,365.5,0.23375,0.2445,-0.010749999999999975,0.40575,0.411,-0.0052499999999999734,0.296,0.30975,-0.01375,3.8675,-0.28975,4.16,3.73,-0.8319586115647739
628317,536.3333333333334,343.6666666666667,0.2333333333333333,0.223,0.0103333333333333,0.401,0.3606666666666667,0.04033333333333327,0.301,0.28633333333333333,0.014666666666666666,4.170000000000001,0.6873333333333335,3.48,3.73,0.10291170101129643
628452,272.25,164.75,0.2125,0.21525,-0.0027500000000000254,0.3735,0.368,0.0055,0.27475,0.27849999999999997,-0.0037499999999999747,2.895,-0.4005,3.295,2.6,-0.7777480068191425
628708,214.0,142.0,0.255,0.238,0.017,0.391,0.326,0.065,0.33,0.304,0.026,5.44,1.608,3.83,4.66,0.5558430230920446
628711,586.6666666666666,397.0,0.20633333333333334,0.21033333333333334,-0.003999999999999933,0.34,0.3383333333333334,0.001666666666666634,0.264,0.268,-0.004,2.533333333333333,-0.48266666666666663,3.016666666666667,3.92,0.9307472802146007
630023,450.0,325.0,0.2395,0.263,-0.0235,0.396,0.4375,-0.041499999999999954,0.2915,0.323,-0.0315,3.6799999999999997,-0.8545,4.535,6.14,1.0731503981963588
640448,281.0,182.5,0.236,0.221,0.015,0.3925,0.362,0.0305,0.306,0.291,0.015000000000000001,3.525,0.0025000000000000022,3.525,4.38,0.6939210588377325
640455,693.0,492.6666666666667,0.247,0.25033333333333335,-0.0033333333333333327,0.4183333333333333,0.426,-0.007666666666666669,0.309,0.3176666666666667,-0.008666666666666668,4.1499999999999995,-0.11499999999999995,4.266666666666667,4.29,-0.4161273438454307
640462,281.0,171.0,0.217,0.222,-0.005,0.357,0.358,-0.001,0.296,0.299,-0.003,3.12,-0.579,3.7,2.99,-0.94282030117292
640470,519.0,352.0,0.236,0.248,-0.012,0.439,0.451,-0.012,0.312,0.326,-0.014,4.58,0.044,4.54,2.97,-2.117748584463174
641154,467.5,321.5,0.245,0.24025,0.004750000000000025,0.41300000000000003,0.39925,0.01375,0.30774999999999997,0.30474999999999997,0.003,4.0125,0.060749999999999985,3.9525,3.08,-1.199561460871193
641302,371.0,283.6666666666667,0.2773333333333334,0.26666666666666666,0.010666666666666632,0.4696666666666667,0.4676666666666667,0.0019999999999999996,0.333,0.3323333333333333,0.0006666666666666661,4.493333333333333,-0.29866666666666664,4.793333333333333,3.63,-1.8031135846023423
641329,291.0,186.0,0.23,0.226,0.004,0.31,0.318,-0.008,0.277,0.28,-0.003,3.49,0.268,3.22,3.25,-0.0217615350086946
641360,227.0,145.0,0.21500000000000002,0.21,0.0050000000000000495,0.39949999999999997,0.381,0.01849999999999995,0.2875,0.28200000000000003,0.0055,3.7649999999999997,0.46799999999999997,3.295,5.19,1.8237108527615362
641482,429.0,285.3333333333333,0.229,0.22833333333333336,0.0006666666666666996,0.39766666666666667,0.3866666666666667,0.010999999999999968,0.29433333333333334,0.2933333333333334,0.0009999999999999339,3.67,-0.08100000000000002,3.7533333333333334,3.68,-0.3230907165688168
641540,591.0,403.5,0.2715,0.2575,0.013999999999999999,0.435,0.4095,0.02549999999999995,0.33999999999999997,0.33,0.00999999999999995,4.484999999999999,-0.138,4.625,4.35,-0.8485018807856326
641627,214.0,138.0,0.216,0.228,-0.012,0.316,0.399,-0.083,0.261,0.3,-0.0389999999999999,4.44,0.503,3.94,3.27,-0.9915357335106011
641712,676.5,487.0,0.259,0.2695,-0.010499999999999999,0.389,0.415,-0.025999999999999898,0.321,0.34,-0.019000000000000003,3.9000000000000004,-1.1525,5.05,4.92,-0.860273992183905
641729,241.0,140.5,0.22425,0.2,0.024249999999999976,0.3885,0.3575,0.030999999999999996,0.30425,0.28675,0.0175,4.5325,1.05075,3.4825,3.63,-0.0009677492075408356
641745,630.5,455.25,0.26825,0.263,0.00525,0.4,0.4205,-0.02049999999999995,0.323,0.33325,-0.010249999999999999,4.4375,-0.4305,4.8675,5.43,-0.09711492024461732
641771,446.3333333333333,307.3333333333333,0.2703333333333333,0.26533333333333337,0.005,0.4693333333333333,0.46,0.009333333333333298,0.35333333333333333,0.3516666666666666,0.0016666666666666334,5.026666666666666,-0.35166666666666674,5.38,8.88,2.663559053989207
641778,576.25,394.25,0.249,0.2445,0.0045000000000000005,0.4095,0.40449999999999997,0.004999999999999976,0.3145,0.3145,-6.505213034913027e-19,3.9175,-0.31225,4.2275,6.76,2.1186473002475803
641793,252.0,163.0,0.207,0.222,-0.015,0.374,0.395,-0.021,0.287,0.303,-0.016,2.92,-0.951,3.87,4.69,0.5309833798672917
641835,219.0,141.0,0.218,0.242,-0.023999999999999952,0.3635,0.379,-0.0155,0.2845,0.3045,-0.02,4.155,0.0675,4.085,3.2,-1.261192778482202
641927,303.0,213.0,0.2425,0.257,-0.014500000000000002,0.42,0.462,-0.04200000000000005,0.30100000000000005,0.33,-0.028999999999999998,3.7,-0.9225,4.625,3.81,-1.390890986644152
641941,266.5,167.75,0.22125,0.20800000000000002,0.01324999999999995,0.45275,0.39975,0.05299999999999995,0.30975,0.28725,0.022499999999999975,3.9825,0.4275,3.555,3.84,0.11028767448320909
642207,233.0,110.0,0.16849999999999998,0.16099999999999998,0.0075,0.2495,0.23650000000000002,0.0129999999999999,0.2465,0.241,0.0055,2.215,-0.20049999999999998,2.415,2.79,0.6229247737175383
642232,549.75,404.75,0.25425,0.25625,-0.001999999999999975,0.4255,0.41100000000000003,0.014499999999999975,0.31425000000000003,0.3135,0.0007499999999999998,4.4125,0.21724999999999997,4.195,4.41,-0.19706843280308595
642397,271.6666666666667,173.0,0.24366666666666667,0.237,0.006666666666666665,0.37733333333333335,0.3913333333333333,-0.013999999999999966,0.31966666666666665,0.327,-0.007333333333333333,4.1499999999999995,-0.5833333333333334,4.733333333333333,3.08,-2.2730583761699403
642545,367.0,270.0,0.26025,0.26475,-0.004499999999999975,0.46025,0.46149999999999997,-0.0012499999999999742,0.33399999999999996,0.33975,-0.00575,4.2625,-0.7905,5.0525,5.02,-0.7632685883810691
642547,400.0,232.0,0.1975,0.19425,0.0032500000000000254,0.34775,0.33675,0.011000000000000024,0.27975,0.27749999999999997,0.002250000000000025,3.9825,0.707,3.2750000000000004,3.35,0.0030663814261365774
642585,253.0,141.0,0.167,0.186,-0.0189999999999999,0.291,0.296,-0.005,0.24,0.255,-0.015,2.19,-0.467,2.66,2.08,-0.42704473244342966
643377,325.0,225.0,0.23399999999999999,0.2355,-0.0015,0.43500000000000005,0.439,-0.003999999999999951,0.3115,0.318,-0.0065,4.865,0.4675,4.395,2.88,-2.008799422708912
643410,282.0,177.0,0.21,0.231,-0.021,0.375,0.378,-0.003,0.296,0.306,-0.01,3.99,0.1,3.89,3.45,-0.7419989007310894
643493,257.5,204.0,0.247,0.2525,-0.005499999999999949,0.42200000000000004,0.4155,0.006500000000000001,0.303,0.309,-0.006,4.44,0.43499999999999994,4.005,4.15,-0.19700497922324178
643511,322.5,247.0,0.248,0.237,0.01099999999999995,0.34650000000000003,0.3165,0.02999999999999995,0.2855,0.274,0.0115,2.895,-0.21000000000000002,3.105,2.23,-0.88817122295122
645261,853.6666666666666,598.0,0.2253333333333333,0.23033333333333336,-0.005,0.36200000000000004,0.3746666666666667,-0.012666666666666633,0.2823333333333333,0.292,-0.009666666666666634,3.1166666666666667,-0.5386666666666667,3.6566666666666663,4.21,0.34215237729796305
650556,248.0,130.0,0.207,0.196,0.0109999999999999,0.267,0.274,-0.007,0.264,0.269,-0.005,1.94,-1.021,2.96,3.32,0.4059985775309184
650633,275.0,182.0,0.236,0.257,-0.021,0.355,0.417,-0.062,0.298,0.333,-0.035,3.55,-1.207,4.76,3.3,-2.0887466176314344
650644,377.3333333333333,269.3333333333333,0.23366666666666666,0.247,-0.013333333333333334,0.4116666666666666,0.4003333333333334,0.011333333333333301,0.2976666666666667,0.3046666666666667,-0.006999999999999999,3.6999999999999997,-0.2749999999999999,3.9733333333333327,3.6,-0.7059027004815083
650893,296.0,178.0,0.209,0.209,0.0,0.309,0.333,-0.024,0.283,0.296,-0.013,3.73,0.049,3.68,4.01,0.10918864000161899
656222,312.3333333333333,212.0,0.256,0.24966666666666668,0.006333333333333333,0.41733333333333333,0.40399999999999997,0.013333333333333301,0.32666666666666666,0.32233333333333336,0.0043333333333333,4.206666666666666,-0.29233333333333333,4.5,3.79,-1.2391283116463065
656232,218.0,148.0,0.254,0.246,0.008,0.381,0.369,0.012,0.314,0.309,0.005,4.5,0.47,4.03,5.36,0.9839781555278829
656234,211.0,142.0,0.249,0.254,-0.005,0.42,0.414,0.006,0.331,0.336,-0.005,4.91,0.129,4.78,4.57,-0.8406239802578068
656271,328.0,212.0,0.211,0.219,-0.008,0.356,0.362,-0.006,0.278,0.284,-0.0059999999999999,1.97,-1.342,3.31,3.73,0.33662927915531393
656288,330.5,217.5,0.2495,0.236,0.01349999999999995,0.4655,0.41900000000000004,0.04649999999999995,0.33499999999999996,0.3175,0.01749999999999995,5.09,0.712,4.380000000000001,4.06,-0.8029566447330357
656302,593.6666666666666,350.6666666666667,0.228,0.212,0.016,0.3853333333333333,0.3593333333333333,0.026,0.3036666666666667,0.2916666666666667,0.011999999999999967,3.966666666666667,0.309,3.66,4.15,0.2773042234807935
656353,243.0,172.0,0.266,0.25,0.016,0.448,0.379,0.069,0.363,0.338,0.0249999999999999,6.75,1.91,4.84,4.72,-0.7724488967335577
656412,244.0,174.0,0.293,0.277,0.0159999999999999,0.465,0.464,0.001,0.361,0.358,0.003,5.53,0.004,5.53,4.06,-2.3839873204131536
656427,569.6666666666666,349.0,0.19666666666666668,0.22066666666666668,-0.023999999999999935,0.34800000000000003,0.3826666666666667,-0.034666666666666665,0.27166666666666667,0.29833333333333334,-0.026666666666666634,3.1033333333333335,-0.7383333333333333,3.84,4.69,0.5722276583632951
656557,266.0,167.0,0.2245,0.22749999999999998,-0.0029999999999999498,0.304,0.346,-0.041999999999999996,0.2725,0.29100000000000004,-0.01849999999999995,3.335,-0.19399999999999998,3.5300000000000002,3.92,0.22501184817188125
656605,461.3333333333333,314.6666666666667,0.312,0.25933333333333336,0.05266666666666664,0.4703333333333333,0.39366666666666666,0.07666666666666663,0.3646666666666667,0.3203333333333333,0.044333333333333336,5.736666666666667,1.27,4.463333333333334,3.95,-1.0280107547116308
656629,389.5,243.0,0.20400000000000001,0.2005,0.0034999999999999996,0.3605,0.353,0.007499999999999949,0.28300000000000003,0.2845,-0.0014999999999999996,3.52,0.14,3.385,5.87,2.3829865209472185
656638,271.0,153.0,0.203,0.202,0.001,0.312,0.31,0.002,0.282,0.283,-0.001,3.41,0.121,3.29,4.01,0.6453642604496594
656731,379.0,250.0,0.255,0.22,0.035,0.467,0.412,0.055,0.332,0.302,0.03,4.52,0.677,3.84,6.34,2.229527704042105
656756,692.5,484.0,0.2425,0.253,-0.010499999999999999,0.382,0.402,-0.02,0.295,0.31,-0.015,3.6550000000000002,-0.3725,4.029999999999999,4.06,-0.32177339561299767
656849,370.5,228.5,0.2455,0.255,-0.00950000000000005,0.41600000000000004,0.4205,-0.00449999999999995,0.32899999999999996,0.3375,-0.008499999999999999,4.6850000000000005,-0.266,4.95,5.05,-0.5922179087498073
656876,445.5,316.0,0.213,0.242,-0.02899999999999995,0.32699999999999996,0.371,-0.044,0.261,0.2925,-0.0314999999999999,2.84,-0.716,3.5549999999999997,2.86,-0.874048110222993
656945,260.0,140.66666666666666,0.24433333333333332,0.2293333333333333,0.014999999999999966,0.375,0.3476666666666666,0.027333333333333303,0.32666666666666666,0.3173333333333333,0.009333333333333332,4.96,0.6986666666666667,4.26,2.6,-2.1044389651072417
657006,380.0,244.5,0.2385,0.23149999999999998,0.007,0.388,0.35250000000000004,0.035500000000000004,0.314,0.302,0.012,3.7199999999999998,-0.09049999999999998,3.81,3.5,-0.5817929445696628
657024,225.5,152.0,0.2225,0.23,-0.0075,0.40349999999999997,0.402,0.0015,0.28200000000000003,0.28900000000000003,-0.006999999999999999,3.71,-0.055999999999999994,3.765,2.79,-1.2330677586026009
657053,216.0,140.0,0.234,0.27,-0.036,0.446,0.471,-0.0249999999999999,0.334,0.361,-0.0269999999999999,4.5,-1.23,5.73,4.95,-1.765011576656725
657277,691.5,480.5,0.237,0.238,-0.001,0.33899999999999997,0.346,-0.007000000000000001,0.27849999999999997,0.2855,-0.007,2.965,-0.4175,3.385,3.65,0.15316464130663698
657376,236.0,155.0,0.222,0.222,0.0,0.343,0.359,-0.0159999999999999,0.285,0.292,-0.007,3.12,-0.389,3.51,4.18,0.51365834406406
657571,204.0,117.0,0.234,0.244,-0.0099999999999999,0.419,0.403,0.0159999999999999,0.331,0.333,-0.002,4.84,-0.124,4.96,3.68,-1.9820272516302744
657612,255.0,170.0,0.23,0.229,0.001,0.387,0.379,0.008,0.301,0.301,0.0,3.62,-0.19,3.81,4.57,0.4929410244462935
657746,604.0,396.0,0.211,0.215,-0.004,0.379,0.373,0.006,0.294,0.294,0.0,3.55,-0.019,3.57,3.27,-0.48285629872656277
660271,468.0,280.6666666666667,0.20433333333333334,0.206,-0.0016666666666666002,0.333,0.331,0.002,0.27033333333333337,0.27399999999999997,-0.0036666666666666,2.94,-0.18433333333333332,3.1233333333333335,3.84,0.7037470150645868
660853,215.0,135.0,0.208,0.237,-0.0289999999999999,0.328,0.4,-0.072,0.265,0.307,-0.0419999999999999,3.04,-0.872,3.91,4.23,0.01395584428943736
661395,266.0,157.0,0.207,0.187,0.0199999999999999,0.306,0.269,0.0369999999999999,0.251,0.232,0.0189999999999999,1.86,-0.338,2.2,2.75,0.8783317988012256
661403,275.0,186.0,0.181,0.2,-0.019,0.23249999999999998,0.2685,-0.036,0.1995,0.2235,-0.024,1.3250000000000002,-0.743,2.07,2.9,1.207720646133495
663372,428.0,303.0,0.266,0.26,0.006,0.46,0.454,0.006,0.343,0.34,0.003,5.83,0.915,4.91,5.02,-0.5673582655250543
663556,578.5,371.0,0.223,0.235,-0.01199999999999995,0.353,0.3845,-0.03149999999999995,0.276,0.2945,-0.0185,2.9850000000000003,-0.7084999999999999,3.695,4.01,0.08856650075361788
663559,349.0,252.0,0.263,0.262,0.001,0.477,0.455,0.0219999999999999,0.338,0.331,0.007,3.86,-0.763,4.62,4.47,-0.7210969219566278
663567,420.0,321.0,0.321,0.298,0.023,0.571,0.486,0.0849999999999999,0.395,0.364,0.031,7.25,1.174,6.08,5.08,-2.115619670662672
663738,455.5,321.0,0.2925,0.28200000000000003,0.01049999999999995,0.4605,0.47050000000000003,-0.00999999999999995,0.356,0.3605,-0.0045000000000000005,5.41,-0.28099999999999997,5.6899999999999995,4.88,-1.7803289042363053
663765,293.0,210.0,0.261,0.266,-0.005,0.403,0.405,-0.002,0.322,0.332,-0.01,3.99,-0.74,4.73,6.55,1.2168765387167704
663776,500.5,325.0,0.23049999999999998,0.23249999999999998,-0.002,0.34099999999999997,0.35050000000000003,-0.009500000000000001,0.291,0.299,-0.008,3.265,-0.4665,3.73,4.38,0.4120851557817111
663855,301.0,187.0,0.209,0.214,-0.005,0.2905,0.308,-0.01749999999999995,0.2885,0.3,-0.011499999999999951,4.215,0.462,3.755,3.23,-0.7773729869229169
663903,603.5,408.0,0.2635,0.252,0.0115,0.396,0.3975,-0.00150000000000005,0.319,0.3175,0.0015000000000000005,4.07,-0.1865,4.255,4.79,0.10212423284608896
663986,274.5,168.0,0.236,0.219,0.01699999999999995,0.39949999999999997,0.3725,0.026999999999999948,0.30900000000000005,0.294,0.01500000000000005,3.55,-0.2745,3.82,4.06,-0.03306344614097667
664062,368.5,240.0,0.187,0.21100000000000002,-0.024,0.33399999999999996,0.3375,-0.003500000000000048,0.27149999999999996,0.28500000000000003,-0.0135,2.685,-0.6875,3.375,5.8,2.326424914871633
664199,286.0,205.5,0.2615,0.2435,0.018,0.48850000000000005,0.4425,0.04599999999999995,0.33499999999999996,0.315,0.01999999999999995,4.68,0.273,4.405,4.69,-0.20453958664476363
664208,264.6666666666667,161.33333333333334,0.254,0.21966666666666668,0.034333333333333334,0.412,0.3433333333333333,0.0686666666666666,0.329,0.2956666666666667,0.0333333333333333,4.31,0.6386666666666666,3.6733333333333333,3.27,-0.6249199246572403
664285,576.0,382.0,0.23666666666666666,0.2336666666666667,0.0030000000000000005,0.35033333333333333,0.34500000000000003,0.0053333333333332985,0.3006666666666667,0.302,-0.0013333333333332992,3.94,0.041666666666666664,3.896666666666667,4.29,0.09255209093860703
664299,504.5,283.5,0.178,0.1945,-0.0165,0.32999999999999996,0.351,-0.020999999999999998,0.271,0.2855,-0.014499999999999999,3.045,-0.45199999999999996,3.5,4.63,0.9793973584448274
664353,552.0,407.0,0.23099999999999998,0.25,-0.01899999999999995,0.42200000000000004,0.4415,-0.019499999999999948,0.299,0.318,-0.019,3.7800000000000002,-0.49,4.27,4.12,-0.5914621673745201
664747,255.0,134.0,0.131,0.159,-0.0279999999999999,0.216,0.279,-0.063,0.223,0.26,-0.037,1.84,-0.922,2.76,2.84,0.1988367845189214
665152,378.5,278.5,0.277,0.2715,0.005499999999999949,0.489,0.48250000000000004,0.006500000000000002,0.35450000000000004,0.353,0.0014999999999999996,5.39,-0.07099999999999995,5.46,5.32,-1.0221760902525991
665795,291.0,174.0,0.177,0.209,-0.032,0.325,0.366,-0.0409999999999999,0.284,0.312,-0.028,3.01,-1.036,4.05,4.06,-0.34926958127700036
666129,373.0,249.0,0.254,0.247,0.007,0.402,0.389,0.013,0.319,0.312,0.007,3.58,-0.47,4.05,4.66,0.2533849807880222
666157,441.0,252.0,0.235,0.214,0.0209999999999999,0.392,0.361,0.031,0.325,0.308,0.017,3.66,-0.282,3.94,4.95,0.6958970402714607
666159,324.0,243.0,0.255,0.271,-0.0159999999999999,0.3905,0.4325,-0.042,0.30700000000000005,0.3315,-0.0244999999999999,4.615,-0.10499999999999998,4.720000000000001,5.61,0.2864658176469037
666200,418.5,265.0,0.23550000000000001,0.2365,-0.0009999999999999488,0.4295,0.40549999999999997,0.02400000000000005,0.321,0.3175,0.00350000000000005,4.965,0.6385000000000001,4.325,4.23,-0.5565900082386055
666201,622.5,407.5,0.197,0.21150000000000002,-0.01449999999999995,0.314,0.332,-0.018000000000000002,0.267,0.2825,-0.01549999999999995,2.7300000000000004,-0.5720000000000001,3.3049999999999997,6.18,2.804342787336821
666374,222.0,125.0,0.247,0.247,0.0,0.328,0.355,-0.0269999999999999,0.318,0.328,-0.01,4.44,-0.089,4.53,2.95,-2.124088977033341
666808,286.0,173.0,0.218,0.199,0.0189999999999999,0.319,0.287,0.032,0.278,0.266,0.012,2.53,-0.373,2.9,2.6,-0.2346983399551017
668678,523.6666666666666,330.3333333333333,0.21033333333333334,0.21866666666666668,-0.008333333333333299,0.35833333333333334,0.3586666666666667,-0.00033333333333336834,0.2833333333333333,0.29133333333333333,-0.008,3.216666666666667,-0.37733333333333335,3.5966666666666662,4.06,0.2739772937737134
668881,531.0,309.0,0.222,0.219,0.003,0.42,0.393,0.0269999999999999,0.318,0.31,0.008,4.44,0.44,4.0,4.01,-0.33075033062241377
668933,464.0,355.0,0.281,0.263,0.018,0.404,0.375,0.029,0.326,0.311,0.015,4.89,0.866,4.02,5.05,0.6863547246262895
669022,309.0,196.0,0.248,0.259,-0.011,0.376,0.432,-0.0559999999999999,0.323,0.349,-0.0259999999999999,4.5,-0.71,5.21,5.02,-0.979801050485085
669060,415.5,320.5,0.2885,0.288,0.0005,0.495,0.4885,0.0065,0.3545,0.358,-0.0035,5.435,-0.1375,5.575,4.12,-2.3855882819506555
669203,563.0,339.3333333333333,0.24266666666666667,0.22233333333333336,0.020333333333333335,0.4123333333333334,0.36766666666666664,0.04466666666666663,0.30533333333333335,0.2836666666666667,0.02166666666666663,4.726666666666667,1.0806666666666667,3.6466666666666665,3.3,-0.5581256156686532
669212,317.5,219.5,0.2255,0.2315,-0.006,0.4405,0.4305,0.01,0.3055,0.3075,-0.00199999999999995,4.359999999999999,0.2575,4.1,4.15,-0.3276118611272512
669302,634.5,439.0,0.2415,0.2475,-0.006,0.4075,0.418,-0.01049999999999995,0.302,0.3125,-0.010499999999999999,3.94,-0.16250000000000003,4.1,3.73,-0.749470054572767
669330,323.5,231.5,0.21150000000000002,0.226,-0.014499999999999999,0.3855,0.41100000000000003,-0.02549999999999995,0.27949999999999997,0.2975,-0.01799999999999995,4.18,0.4895,3.69,4.23,0.3164138865934603
669456,635.0,421.25,0.2435,0.24025,0.003250000000000025,0.395,0.40375,-0.008749999999999975,0.2945,0.3,-0.005499999999999949,3.4675,-0.34425,3.8125,4.92,0.8410524957762224
669467,457.0,343.0,0.274,0.254,0.02,0.387,0.35,0.037,0.32,0.301,0.019,3.17,-0.583,3.75,3.87,-0.12766740763755946
669923,542.0,382.0,0.264,0.233,0.031,0.393,0.379,0.014,0.302,0.284,0.018,3.39,0.082,3.31,3.79,0.3968947353618162
670174,316.0,243.0,0.3,0.272,0.0279999999999999,0.491,0.433,0.0579999999999999,0.366,0.338,0.0279999999999999,5.89,1.046,4.84,3.84,-1.6563422544289232
670280,223.5,132.0,0.2015,0.20600000000000002,-0.0045000000000000005,0.3305,0.3265,0.00400000000000005,0.26,0.263,-0.0029999999999999996,2.42,-0.44599999999999995,2.865,2.6,-0.1865800150430985
670912,265.0,178.0,0.239,0.2395,-0.0005000000000000004,0.3775,0.387,-0.009500000000000001,0.316,0.3205,-0.0045,4.0600000000000005,-0.4235,4.484999999999999,4.57,-0.43505524171377535
670950,414.75,266.0,0.22849999999999998,0.23324999999999999,-0.004749999999999999,0.401,0.412,-0.010999999999999975,0.306,0.316,-0.009999999999999974,4.33,0.05874999999999998,4.27,3.04,-1.6762403790915599
671345,256.0,200.0,0.298,0.263,0.0349999999999999,0.364,0.367,-0.003,0.309,0.296,0.013,3.88,0.258,3.62,3.6,-0.22013675375080616
672282,539.0,363.0,0.231,0.243,-0.0119999999999999,0.377,0.388,-0.011,0.3,0.312,-0.012,3.77,-0.283,4.05,4.44,0.03241164136418101
672335,234.0,157.0,0.22,0.237,-0.0169999999999999,0.278,0.361,-0.0829999999999999,0.257,0.296,-0.0389999999999999,1.41,-2.215,3.62,3.87,0.05105779917845382
672578,312.0,219.0,0.2685,0.253,0.01549999999999995,0.4085,0.41800000000000004,-0.009500000000000001,0.3345,0.3355,-0.0010000000000000009,5.535,0.72,4.8149999999999995,4.01,-1.4512198964304972
672710,408.0,281.0,0.225,0.24,-0.0149999999999999,0.414,0.43,-0.016,0.312,0.325,-0.013,3.79,-0.641,4.43,5.36,0.4340544422478424
674072,205.0,145.0,0.263,0.253,0.01,0.475,0.434,0.0409999999999999,0.357,0.339,0.0179999999999999,5.36,0.492,4.87,4.29,-1.24559561137616
675911,528.0,278.0,0.18,0.179,0.001,0.264,0.279,-0.015,0.235,0.242,-0.007,2.67,0.276,2.39,3.01,0.8782683452213824
676477,304.5,205.0,0.2275,0.227,0.0005,0.364,0.349,0.014999999999999951,0.275,0.272,0.003,2.705,-0.3495,3.0549999999999997,4.72,1.6815856737786268
676596,448.0,349.0,0.268,0.277,-0.009,0.407,0.433,-0.026,0.313,0.33,-0.017,5.09,0.429,4.66,5.29,0.04753860820423195
676664,288.0,212.0,0.256,0.258,-0.002,0.397,0.425,-0.0279999999999999,0.314,0.327,-0.013,3.86,-0.633,4.49,4.88,-0.1305577643961826
676710,334.0,226.0,0.269,0.253,0.016,0.458,0.438,0.02,0.344,0.331,0.0129999999999999,5.47,0.85,4.62,3.55,-1.6451672504563282
677960,401.0,296.0,0.279,0.277,0.002,0.497,0.474,0.023,0.356,0.349,0.007,5.32,0.024,5.3,4.92,-1.2039763129839307
678394,268.0,184.0,0.315,0.246,0.069,0.416,0.347,0.069,0.355,0.303,0.0519999999999999,4.71,0.909,3.8,4.09,0.02456546762627676
680686,478.0,308.0,0.2385,0.219,0.0194999999999999,0.4975,0.4365,0.06099999999999996,0.349,0.322,0.0269999999999999,5.255000000000001,0.8705,4.38,4.72,-0.14003662646151016
680694,509.0,344.0,0.265,0.253,0.012,0.419,0.404,0.0149999999999999,0.334,0.327,0.007,4.89,0.405,4.49,4.01,-1.0044068793904646
681911,227.0,122.0,0.187,0.188,-0.001,0.247,0.295,-0.0479999999999999,0.244,0.261,-0.017,2.15,-0.637,2.79,3.63,0.9510876794085305
693821,227.0,154.0,0.222,0.243,-0.0209999999999999,0.333,0.388,-0.0549999999999999,0.288,0.319,-0.031,3.17,-1.083,4.25,4.29,-0.3932138557920957
