player_id,name,year,pa,bip,ba,est_ba,est_ba_minus_ba_diff,est_slg,est_slg_minus_slg_diff,woba,est_woba,est_woba_minus_woba_diff,avg_slg,slg_2023,z_scores_avg_slg,zscore_difference
408234, Miguel Cabrera,2020.6666666666667,502.6666666666667,351.3333333333333,0.264,0.246,0.0179999999999999,0.39566666666666667,-0.0286666666666666,0.29933333333333334,0.307,-0.007666666666666666,0.367,0.332,-1.1451429532879456,-0.18227182780411133
444482, David Peralta,2020.0,516.25,365.5,0.2695,0.254,0.015499999999999976,0.39875,0.049749999999999975,0.33375,0.315,0.018750000000000003,0.4485,0.399,0.24266503385858224,-0.596952003650362
453568, Charlie Blackmon,2020.0,622.25,457.5,0.28475,0.27949999999999997,0.00525,0.449,0.027999999999999924,0.35125,0.34325,0.008000000000000024,0.477,0.46,0.727972121388349,-0.19627705402614515
455117, Martin Maldonado,2020.0,395.75,252.5,0.199,0.1945,0.004499999999999975,0.33425,0.010999999999999949,0.27125,0.268,0.0032499999999999994,0.34525,0.318,-1.515508888508031,-0.015246032258710907
456781, Donovan Solano,2020.6666666666667,292.0,213.66666666666666,0.298,0.28600000000000003,0.011999999999999967,0.425,-0.009999999999999967,0.32966666666666666,0.331,-0.0013333333333333662,0.41500000000000004,0.397,-0.3277836479746526,-0.05555191319922509
457705, Andrew McCutchen,2020.0,524.5,336.75,0.2425,0.2515,-0.008999999999999975,0.431,-0.00375,0.33725,0.3465,-0.009249999999999975,0.42725,0.404,-0.1191867419311564,-0.16247874940537876
457759, Justin Turner,2020.0,529.75,384.25,0.2895,0.27875,0.01075,0.47475,0.00925,0.36675,0.364,0.00275,0.484,0.484,0.8471703534132042,0.033107810534173
462101, Elvis Andrus,2020.0,548.5,427.75,0.25575000000000003,0.257,-0.0012499999999999994,0.371,2.2551405187698492e-17,0.294,0.29925,-0.005249999999999975,0.371,0.336,-1.0770296778451711,-0.19228792048269017
467793, Carlos Santana,2020.0,632.5,438.75,0.2315,0.252,-0.02049999999999995,0.43925,-0.027499999999999976,0.32875,0.35025,-0.02149999999999995,0.41175,0.411,-0.3831256842719073,0.20313026277271376
474832, Brandon Belt,2020.0,437.75,273.5,0.2435,0.2385,0.005000000000000025,0.46799999999999997,-0.027000000000000003,0.33875,0.34925,-0.010499999999999949,0.44099999999999995,0.47,0.11495264240337925,0.561985381869313
493329, Yuli Gurriel,2020.0,593.5,483.75,0.2875,0.26225,0.025249999999999925,0.37,0.07774999999999997,0.33375,0.302,0.031749999999999924,0.44775,0.368,0.22989379471306157,-1.034433930927358
500743, Miguel Rojas,2020.0,525.0,422.5,0.25925,0.262,-0.002750000000000025,0.35324999999999995,0.006750000000000024,0.29125,0.29525,-0.00399999999999995,0.36,0.292,-1.2643411853128008,-0.6440454234212132
500871, Eduardo Escobar,2020.0,617.75,440.5,0.2585,0.24825,0.01025,0.4435,0.03199999999999995,0.333,0.32275,0.010249999999999974,0.4755,0.359,0.7024296430973086,-1.6376884405310455
502054, Tommy Pham,2020.0,601.75,386.25,0.25325000000000003,0.261,-0.00774999999999995,0.4435,-0.02574999999999995,0.3325,0.34775,-0.015249999999999975,0.41775,0.475,-0.28095577110774567,1.0305152738356826
502110, J.D. Martinez,2020.0,634.0,422.5,0.2985,0.289,0.0095,0.5475,-0.009499999999999925,0.38,0.38425,-0.004249999999999975,0.538,0.547,1.766699571890659,0.028609220592800355
502671, Paul Goldschmidt,2020.0,675.5,437.5,0.29025,0.2705,0.019749999999999948,0.52475,0.0005000000000000004,0.382,0.37675000000000003,0.005249999999999975,0.52525,0.453,1.5495885064168151,-1.1195635088919538
514888, Jose Altuve,2020.0,607.25,459.75,0.298,0.27175,0.02624999999999995,0.4485,0.05725,0.37275,0.3455,0.027249999999999976,0.50575,0.511,1.2175362886332908,0.0548978589724074
516416, Jean Segura,2020.0,551.0,443.0,0.28775,0.26575000000000004,0.02199999999999995,0.38825,0.026249999999999926,0.325,0.3105,0.0145,0.4145,0.279,-0.3362978074050003,-1.7609046453126491
516782, Starling Marte,2020.0,555.75,411.25,0.2935,0.279,0.01449999999999995,0.45725,0.015,0.35225,0.345,0.007249999999999975,0.47225,0.324,0.647087606800055,-2.090696753420503
518595, Travis d'Arnaud,2020.6666666666667,348.6666666666667,245.0,0.24633333333333332,0.252,-0.005666666666666633,0.424,0.006999999999999999,0.316,0.32,-0.004000000000000001,0.431,0.444,-0.055330546203555854,0.3546368825089769
518692, Freddie Freeman,2020.0,700.5,494.0,0.30725,0.30625,0.001,0.55575,-0.03874999999999995,0.38425,0.401,-0.016749999999999977,0.517,0.572,1.4091048758160933,0.7493113089435874
518735, Yasmani Grandal,2020.0,475.25,287.75,0.23225,0.2345,-0.00225,0.4345,-0.0037499999999999496,0.34450000000000003,0.35125,-0.006749999999999975,0.43075,0.345,-0.05958762591872878,-1.079011311189693
518792, Jason Heyward,2019.3333333333333,476.6666666666667,348.3333333333333,0.245,0.25166666666666665,-0.006666666666666667,0.3833333333333333,0.0069999999999999655,0.30733333333333335,0.312,-0.004666666666666632,0.39033333333333337,0.457,-0.7478155132050945,1.2359376934941515
518934, DJ LeMahieu,2020.0,614.0,471.0,0.28300000000000003,0.28675,-0.003749999999999975,0.43525,-0.014000000000000002,0.33525,0.34650000000000003,-0.011249999999999975,0.42125,0.37,-0.22135665509531802,-0.5541348897368806
519058, Mike Moustakas,2019.6666666666667,501.3333333333333,361.0,0.23966666666666667,0.2373333333333333,0.0023333333333332997,0.4236666666666667,0.0163333333333333,0.321,0.31866666666666665,0.0023333333333332997,0.44,0.445,0.0979243235426866,0.21590630845378334
519203, Anthony Rizzo,2020.0,600.5,426.0,0.262,0.272,-0.009999999999999974,0.46125,0.016249999999999976,0.36,0.36275,-0.0027499999999999747,0.4775,0.378,0.7364862808186958,-1.395783460122503
519317, Giancarlo Stanton,2020.3333333333333,578.6666666666666,345.3333333333333,0.25,0.24766666666666667,0.0023333333333333665,0.48299999999999993,0.012666666666666701,0.35233333333333333,0.35266666666666663,-0.0003333333333333001,0.4956666666666667,0.423,1.0458340734546303,-1.0515379466612367
521692, Salvador Perez,2020.3333333333333,560.6666666666666,400.0,0.254,0.26,-0.006000000000000001,0.5066666666666667,-0.0239999999999999,0.329,0.3453333333333333,-0.016333333333333335,0.48266666666666674,0.426,0.8244659282656144,-0.786596914399074
527038, Wilmer Flores,2020.0,438.0,338.25,0.26875,0.25175,0.017,0.3925,0.04374999999999993,0.33075,0.3125,0.018249999999999975,0.43625,0.545,0.03406812781508605,1.7321920732862757
542194, Christian Bethancourt,2022.0,333.0,239.0,0.252,0.255,-0.003,0.449,-0.04,0.301,0.318,-0.017,0.409,0.379,-0.42995356113881517,-0.21481932247394314
542303, Marcell Ozuna,2019.6666666666667,561.3333333333334,400.0,0.249,0.27499999999999997,-0.02599999999999993,0.5026666666666667,-0.06333333333333334,0.32033333333333336,0.35766666666666663,-0.03733333333333327,0.43933333333333335,0.519,0.08657211096889117,1.3020564021651984
542932, Jon Berti,2020.6666666666667,320.6666666666667,209.66666666666666,0.241,0.24233333333333332,-0.0013333333333333333,0.35366666666666663,-0.0013333333333333,0.302,0.308,-0.006000000000000001,0.35233333333333333,0.366,-1.3948916299114515,0.5613029023150572
543063, Brandon Crawford,2020.0,540.25,374.25,0.25275000000000003,0.24125,0.0115,0.4005,0.001999999999999975,0.31325000000000003,0.3135,-0.00024999999999997463,0.40249999999999997,0.318,-0.5406376337333236,-0.9901172870334183
543068, C.J. Cron,2020.0,559.5,371.75,0.261,0.25625,0.00475,0.48675,0.0032499999999999994,0.34750000000000003,0.34875,-0.0012499999999999742,0.49,0.441,0.9493402665773659,-0.6936068173450918
543228, Yan Gomes,2020.0,365.25,256.25,0.244,0.249,-0.005000000000000001,0.42225,-0.016249999999999976,0.30075,0.313,-0.012249999999999976,0.406,0.434,-0.48103851772089506,0.6351018971158269
543257, Robbie Grossman,2020.0,523.75,338.0,0.24025,0.237,0.003249999999999975,0.359,0.005499999999999975,0.313,0.31425000000000003,-0.0012500000000000245,0.3645,0.388,-1.1877137504396797,0.6736595280463618
543760, Marcus Semien,2020.0,724.5,530.5,0.26325,0.25225,0.010999999999999975,0.432,0.03724999999999998,0.34125,0.3275,0.013749999999999974,0.46925,0.463,0.596002650217974,-0.020734695782623436
543807, George Springer,2020.0,524.5,358.5,0.272,0.262,0.01,0.49525,0.017749999999999974,0.36825,0.36225,0.006,0.513,0.397,1.3409916003733189,-1.7243271615471967
543877, Christian Vazquez,2020.0,428.5,327.25,0.25375000000000003,0.24825,0.0055,0.373,0.0047499999999999504,0.293,0.29275,0.0002499999999999742,0.37775,0.322,-0.9620885255354898,-0.5105692124670564
543939, Kolten Wong,2020.0,486.25,355.5,0.26425,0.2395,0.02474999999999995,0.35525,0.06674999999999998,0.33025000000000004,0.30125,0.029,0.422,0.227,-0.2085854159497983,-2.6438804127023947
545121, Ildemaro Vargas,2020.5,216.5,183.0,0.266,0.244,0.022,0.33799999999999997,0.06449999999999995,0.301,0.272,0.02899999999999995,0.40249999999999997,0.367,-0.5406376337333236,-0.27842679817202176
545341, Randal Grichuk,2020.0,543.25,378.0,0.24425,0.23525000000000001,0.009,0.421,0.03074999999999995,0.3155,0.30475,0.010749999999999975,0.45175,0.45,0.298007070155836,0.08844504029587857
545361, Mike Trout,2019.6666666666667,569.0,335.0,0.2953333333333333,0.2896666666666667,0.005666666666666633,0.621,0.01333333333333333,0.43366666666666664,0.4296666666666667,0.003999999999999966,0.6343333333333333,0.49,3.4070942888041404,-2.4396703507104696
547180, Bryce Harper,2020.0,600.5,359.75,0.276,0.28125,-0.0052499999999999995,0.5505,-0.01675,0.38525,0.397,-0.01175,0.53375,0.468,1.6943292167327098,-1.0464397838421147
547989, Jose Abreu,2020.0,646.0,454.0,0.27849999999999997,0.276,0.002499999999999975,0.48825,-0.012499999999999999,0.349,0.359,-0.009999999999999974,0.47575,0.343,0.7066867228124825,-1.8743342513030012
553869, Elias Diaz,2020.0,340.25,254.25,0.25025,0.24725,0.003,0.38075000000000003,0.016999999999999973,0.30475,0.3025,0.0022499999999999747,0.39775,0.425,-0.6215221483216178,0.6448668664971092
553993, Eugenio Suarez,2020.0,617.75,368.5,0.247,0.23925000000000002,0.007749999999999975,0.481,0.015249999999999974,0.35175,0.34825,0.0034999999999999745,0.49624999999999997,0.389,1.0557672594567005,-1.5552971861589695
570482, Gio Urshela,2020.6666666666667,489.6666666666667,361.0,0.2886666666666667,0.2683333333333333,0.0203333333333333,0.4426666666666666,0.018,0.33666666666666667,0.325,0.011666666666666667,0.4606666666666667,0.374,0.4498429133303551,-1.167237275398358
571448, Nolan Arenado,2020.0,652.0,492.75,0.29,0.26275000000000004,0.027249999999999927,0.4555,0.08724999999999997,0.375,0.3365,0.03849999999999995,0.5427500000000001,0.506,1.8475840864789541,-0.6477714173285005
571657, Kyle Farmer,2021.5,556.0,413.5,0.259,0.255,0.004,0.3815,0.019499999999999948,0.3125,0.3065,0.006,0.401,0.383,-0.566180112024363,-0.02049558882419955
571771, Enrique Hernandez,2020.0,477.25,338.25,0.24125,0.24525,-0.003999999999999975,0.41025,0.006749999999999976,0.31525000000000003,0.32,-0.0047499999999999504,0.417,0.338,-0.2937270102532663,-0.9465419966924971
571970, Max Muncy,2020.0,556.75,328.75,0.23975000000000002,0.24925,-0.009499999999999974,0.51225,-0.010249999999999976,0.369,0.38075000000000003,-0.01175,0.502,0.466,1.1536800929056892,-0.5348392513971918
572191, Michael A. Taylor,2020.3333333333333,456.3333333333333,298.3333333333333,0.24166666666666667,0.22633333333333336,0.015333333333333332,0.361,-0.004333333333333367,0.2876666666666667,0.286,0.0016666666666666663,0.35666666666666663,0.43,-1.3211022481817798,1.417068444812516
572233, Christian Walker,2020.6666666666667,571.6666666666666,377.0,0.24833333333333332,0.256,-0.007666666666666666,0.462,-0.017,0.332,0.3446666666666667,-0.012666666666666666,0.445,0.528,0.1830659178461546,1.3362812565073752
573262, Mike Yastrzemski,2020.6666666666667,500.3333333333333,320.0,0.23666666666666666,0.231,0.005666666666666667,0.4423333333333333,0.01333333333333333,0.32866666666666666,0.32466666666666666,0.003999999999999966,0.45566666666666666,0.439,0.3647013190268861,-0.1380164611767097
575929, Willson Contreras,2020.0,480.75,302.75,0.25025,0.24025,0.01,0.4385,0.01825,0.34575,0.33999999999999997,0.005750000000000025,0.45675,0.433,0.383148664459304,-0.2436095807554212
592178, Kris Bryant,2019.3333333333333,559.0,355.0,0.27299999999999996,0.25166666666666665,0.0213333333333333,0.44966666666666666,0.0376666666666666,0.36466666666666664,0.34733333333333327,0.017333333333333333,0.48733333333333334,0.379,0.9039314162821833,-1.5487042998949416
592192, Mark Canha,2020.0,518.75,336.5,0.25475000000000003,0.24275,0.012,0.41325,0.025749999999999974,0.34900000000000003,0.33875,0.01025,0.43900000000000006,0.376,0.08089600468199394,-0.7692417753678991
592206, Nick Castellanos,2020.0,621.25,439.75,0.28975,0.27949999999999997,0.010249999999999974,0.499,-0.001500000000000026,0.35375,0.3535,0.00025000000000000066,0.4975,0.465,1.0770526580325679,-0.47273611221511946
592273, Brandon Drury,2020.5,507.5,352.0,0.2405,0.244,-0.0034999999999999493,0.4215,0.014500000000000048,0.3105,0.311,-0.0005000000000000004,0.436,0.487,0.029811048099912175,0.8940400029206118
592450, Aaron Judge,2020.0,568.5,325.25,0.28700000000000003,0.29000000000000004,-0.0030000000000000005,0.5994999999999999,-0.024999999999999925,0.4045,0.41775,-0.013249999999999974,0.5745,0.645,2.3882332103059745,0.830456559900278
592518, Manny Machado,2020.0,663.5,478.75,0.28225,0.275,0.0072499999999999995,0.48700000000000004,0.018000000000000002,0.361,0.35650000000000004,0.004499999999999975,0.505,0.458,1.20476504948777,-0.702118573507664
592626, Joc Pederson,2020.0,467.75,314.0,0.25225,0.2495,0.00275,0.46625,0.0345,0.351,0.344,0.006999999999999975,0.50075,0.426,1.1323946943298226,-1.0945256804632824
592663, J.T. Realmuto,2020.0,555.25,384.75,0.27275000000000005,0.268,0.00475,0.45499999999999996,0.018499999999999975,0.34575,0.34299999999999997,0.00275,0.4735,0.454,0.6683730053759215,-0.22382371216001123
592669, Hunter Renfroe,2020.0,507.25,336.5,0.2445,0.24,0.0045,0.4655,0.030999999999999923,0.33725,0.329,0.008249999999999974,0.4965,0.43,1.0600243391718744,-0.9640581425411384
592696, Eddie Rosario,2020.0,466.0,362.25,0.25875,0.23925000000000002,0.01949999999999995,0.41575,0.019749999999999976,0.31075,0.2995,0.01125,0.4355,0.489,0.021296888669565372,0.9316027537330565
592885, Christian Yelich,2020.0,594.25,380.0,0.28875,0.28075,0.008,0.493,0.013250000000000001,0.37925,0.37625,0.0030000000000000005,0.50625,0.454,1.2260504480636365,-0.7815011548477262
593160, Whit Merrifield,2020.0,678.0,521.25,0.28325,0.266,0.01724999999999995,0.39949999999999997,0.018250000000000002,0.32225,0.314,0.008249999999999976,0.41775,0.414,-0.28095577110774567,0.14453323668169893
593428, Xander Bogaerts,2020.0,628.0,446.0,0.29974999999999996,0.272,0.0277499999999999,0.4545,0.05199999999999998,0.3735,0.35,0.023499999999999976,0.5065000000000001,0.397,1.2303075277788114,-1.613643088952689
594807, Adam Duvall,2020.3333333333333,432.3333333333333,266.0,0.212,0.221,-0.009,0.4403333333333333,-0.021333333333333333,0.2986666666666667,0.3136666666666667,-0.014999999999999966,0.41900000000000004,0.541,-0.2596703725318782,1.967833390869044
595281, Kevin Kiermaier,2019.3333333333333,412.3333333333333,281.0,0.23466666666666666,0.2293333333333333,0.005333333333333333,0.3426666666666667,0.04266666666666663,0.292,0.2826666666666667,0.0093333333333333,0.38533333333333336,0.418,-0.8329571075085626,0.7546317558467115
595777, Jurickson Profar,2020.0,545.5,399.0,0.2355,0.2475,-0.011999999999999976,0.37675000000000003,0.018000000000000002,0.31375,0.317,-0.0032500000000000003,0.39475,0.366,-0.6726071049036986,-0.16098162269269578
595879, Javier Baez,2020.0,585.75,388.25,0.2685,0.2505,0.01799999999999995,0.46075,0.03224999999999997,0.33699999999999997,0.3225,0.014499999999999949,0.493,0.328,1.0004252231594468,-2.3859371870156996
596019, Francisco Lindor,2020.0,657.25,484.0,0.26525,0.2675,-0.002249999999999975,0.46325,0.011249999999999975,0.344,0.34575,-0.0017499999999999998,0.47450000000000003,0.47,0.6854013242366159,-0.008463299963923698
596129, Daniel Vogelbach,2020.6666666666667,425.6666666666667,248.66666666666666,0.22166666666666668,0.23266666666666666,-0.010999999999999966,0.41933333333333334,-0.0016666666666666668,0.3356666666666667,0.34400000000000003,-0.0083333333333333,0.4176666666666667,0.39,-0.28237479767946994,-0.2026308333317502
596142, Gary Sanchez,2020.0,432.75,263.25,0.20675,0.22999999999999998,-0.023249999999999976,0.48175,-0.048999999999999974,0.3135,0.34375,-0.03025,0.43275,0.471,-0.02553098819734157,0.7169933081610828
596146, Max Kepler,2020.0,535.75,382.0,0.22849999999999998,0.25325,-0.02475,0.4315,-0.009500000000000026,0.3195,0.338,-0.018500000000000003,0.422,0.474,-0.2085854159497983,0.9436206229866863
600869, Jeimer Candelario,2020.0,524.5,341.75,0.22875,0.23575000000000002,-0.006999999999999975,0.39,-0.0064999999999999745,0.30374999999999996,0.312,-0.008249999999999976,0.3835,0.495,-0.8641756920865011,1.9042211086354166
602104, Ramon Urias,2021.5,370.5,249.0,0.2635,0.26,0.0034999999999999996,0.4235,-0.010499999999999999,0.327,0.33199999999999996,-0.00499999999999995,0.413,0.384,-0.36184028569604076,-0.21031111946147296
605119, Brian Anderson,2020.0,459.25,304.25,0.25125000000000003,0.2395,0.011750000000000002,0.40349999999999997,-0.005499999999999975,0.3205,0.3205,0.0,0.398,0.365,-0.6172650686064439,-0.2308479546809994
605137, Josh Bell,2020.0,602.75,418.5,0.26625,0.273,-0.006749999999999975,0.47250000000000003,-0.00300000000000005,0.3525,0.3605,-0.008,0.4695,0.426,0.600259729933147,-0.5623907160666066
605141, Mookie Betts,2020.0,627.25,449.0,0.2935,0.28425,0.009249999999999975,0.52325,0.02275,0.39175,0.38575,0.006000000000000025,0.546,0.598,1.9029261227762078,0.6331217499507451
605204, J.D. Davis,2020.5,409.0,256.5,0.27749999999999997,0.275,0.0025,0.505,-0.03249999999999995,0.353,0.367,-0.01399999999999995,0.47250000000000003,0.403,0.6513446865152288,-0.947534473542813
605612, Harold Castro,2020.6666666666667,383.6666666666667,290.6666666666667,0.2816666666666667,0.2733333333333334,0.008333333333333299,0.40233333333333327,-0.0276666666666666,0.2933333333333333,0.30333333333333334,-0.010000000000000033,0.3746666666666667,0.332,-1.014592508689294,-0.31282227240276295
606115, Orlando Arcia,2019.6666666666667,382.0,272.0,0.2343333333333333,0.22866666666666666,0.005666666666666633,0.35233333333333333,0.005333333333333333,0.28099999999999997,0.2813333333333334,-0.00033333333333333365,0.35766666666666663,0.438,-1.3040739293210863,1.5162344914802137
606192, Teoscar Hernandez,2020.0,529.25,333.0,0.258,0.24975,0.00825,0.496,-0.0072499999999999995,0.3425,0.34375,-0.0012500000000000002,0.48875,0.434,0.9280548680014994,-0.7739914886065676
606466, Ketel Marte,2020.0,535.0,401.5,0.28675,0.27875,0.008,0.44775,0.04424999999999993,0.35925,0.34550000000000003,0.01375,0.492,0.476,0.9833969042987531,-0.21931310587976738
606992, Eric Haase,2021.5,366.0,231.5,0.2425,0.2365,0.006,0.43000000000000005,0.02099999999999995,0.319,0.312,0.007,0.451,0.284,0.28523583101031624,-2.3098168052727215
607043, Brandon Nimmo,2020.3333333333333,531.3333333333334,337.0,0.2763333333333333,0.25833333333333336,0.017999999999999964,0.39966666666666667,0.051333333333333266,0.369,0.34833333333333333,0.020666666666666635,0.451,0.44,0.28523583101031624,-0.04402667746909095
607054, Jace Peterson,2020.3333333333333,292.0,185.0,0.22766666666666668,0.2233333333333333,0.004333333333333334,0.349,0.008666666666666668,0.3033333333333333,0.30266666666666664,0.0006666666666666666,0.35766666666666663,0.304,-1.3040739293210863,-0.43002113112034057
607208, Trea Turner,2020.0,665.75,490.0,0.29875,0.28300000000000003,0.01574999999999995,0.44675,0.03199999999999997,0.35575,0.34325,0.01249999999999995,0.47875,0.405,0.7577716793945634,-1.0249128750400496
608070, Jose Ramirez,2020.0,640.25,479.0,0.26775000000000004,0.2665,0.0012500000000000245,0.46199999999999997,0.058749999999999976,0.365,0.35075,0.014249999999999974,0.52075,0.476,1.4729610715436947,-0.7088772731247089
608324, Alex Bregman,2020.0,612.75,442.75,0.27775,0.26125,0.01649999999999995,0.4375,0.06249999999999997,0.377,0.356,0.020999999999999974,0.5,0.43,1.119623455184302,-1.023657258553566
608369, Corey Seager,2020.6666666666667,537.6666666666666,393.3333333333333,0.2743333333333333,0.2783333333333333,-0.003999999999999968,0.4996666666666667,-0.013333333333333334,0.35333333333333333,0.365,-0.011666666666666633,0.48633333333333334,0.651,0.8869030974214897,2.4189324469310565
608671, Travis Jankowski,2018.0,387.0,276.0,0.259,0.235,0.024,0.286,0.06,0.303,0.276,0.0269999999999999,0.346,0.356,-1.5027376493625113,0.5239059648556277
608841, Joey Meneses,2022.0,240.0,172.0,0.324,0.267,0.0569999999999999,0.457,0.1059999999999999,0.395,0.332,0.063,0.563,0.415,2.192407543407997,-2.314305782142995
621020, Dansby Swanson,2020.0,606.75,405.25,0.2535,0.2525,0.0009999999999999749,0.439,-0.010749999999999975,0.31725000000000003,0.325,-0.00775,0.42825,0.437,-0.10215842307046279,0.2997946895385413
621028, Kevin Newman,2020.6666666666667,464.6666666666667,387.3333333333333,0.26933333333333337,0.26266666666666666,0.006666666666666665,0.3453333333333333,0.030333333333333296,0.297,0.2876666666666667,0.009333333333333332,0.37566666666666665,0.364,-0.9975641898286014,0.13492687085010924
621035, Chris Taylor,2020.0,513.5,302.25,0.24775,0.226,0.02174999999999995,0.38775000000000004,0.04149999999999995,0.3255,0.3065,0.018999999999999975,0.42925,0.422,-0.08513010420976919,0.06490193531211383
621043, Carlos Correa,2020.0,504.75,340.25,0.272,0.27075,0.0012499999999999998,0.47250000000000003,0.00875,0.35475,0.3585,-0.00375,0.48125,0.4,0.8003424765462973,-1.1401051506470283
621439, Byron Buxton,2020.6666666666667,310.3333333333333,201.33333333333334,0.264,0.262,0.0020000000000000317,0.513,0.048999999999999995,0.37166666666666665,0.35666666666666663,0.015000000000000001,0.5619999999999999,0.438,2.175379224547304,-1.9632186623881764
621493, Taylor Ward,2021.5,400.5,268.0,0.2655,0.2635,0.002,0.4635,-0.008,0.34750000000000003,0.3525,-0.004999999999999951,0.4555,0.421,0.3618632658834375,-0.39661573047214177
621563, Joey Wendle,2020.0,420.0,312.0,0.26375000000000004,0.25125,0.012499999999999999,0.349,0.04024999999999998,0.30475,0.29,0.014750000000000001,0.38925,0.328,-0.7662628586375134,-0.6192491052187393
621566, Matt Olson,2020.0,644.75,419.5,0.25625,0.26,-0.00375,0.5115,-0.007749999999999974,0.35775,0.3675,-0.009749999999999976,0.50375,0.593,1.1834796509119034,1.2799467433598049
622534, Manuel Margot,2020.0,446.75,333.75,0.25175000000000003,0.251,0.0007499999999999998,0.3625,0.019499999999999976,0.29825,0.2965,0.0017499999999999742,0.382,0.354,-0.8897181703775415,-0.11816210551144002
622761, Jorge Mateo,2022.0,533.0,352.0,0.221,0.222,-0.001,0.344,0.035,0.281,0.272,0.009,0.379,0.347,-0.9408031269596224,-0.1687472187667014
623912, Harold Ramirez,2020.6666666666667,414.0,317.3333333333333,0.2813333333333334,0.26666666666666666,0.014666666666666633,0.39266666666666666,0.0133333333333333,0.31233333333333335,0.30433333333333334,0.008,0.40599999999999997,0.444,-0.481038517720896,0.780344854026317
623993, Anthony Santander,2020.6666666666667,496.6666666666667,355.0,0.24733333333333332,0.262,-0.014666666666666666,0.459,-0.004333333333333333,0.3213333333333333,0.333,-0.011666666666666633,0.4546666666666666,0.473,0.34767300016619157,0.37283791117964743
624413, Pete Alonso,2020.6666666666667,671.6666666666666,444.3333333333333,0.26433333333333336,0.26333333333333336,0.001,0.5263333333333334,0.013666666666666633,0.371,0.36999999999999994,0.0009999999999999998,0.54,0.526,1.8007562096120462,-0.31045762664061405
624414, Christian Arroyo,2022.0,300.0,235.0,0.286,0.292,-0.006,0.43,-0.016,0.319,0.33,-0.011,0.414,0.369,-0.34481196683534715,-0.44520387368790043
624424, Michael Conforto,2019.3333333333333,588.3333333333334,365.6666666666667,0.244,0.252,-0.007999999999999967,0.4563333333333333,-0.0143333333333333,0.3406666666666667,0.35333333333333333,-0.012666666666666632,0.442,0.405,0.1319809612640738,-0.3991221569095601
624428, Adam Frazier,2020.0,550.25,435.25,0.2745,0.273,0.0015000000000000005,0.37775000000000003,0.02099999999999995,0.3195,0.3145,0.005000000000000026,0.39875,0.411,-0.6044938294609241,0.42449840796173055
624585, Jorge Soler,2020.0,461.0,282.75,0.24,0.2485,-0.008499999999999975,0.49124999999999996,-0.024499999999999973,0.33999999999999997,0.3565,-0.016499999999999973,0.46675,0.503,0.5534318530662401,0.6028079290110666
624641, Edmundo Sosa,2021.0,326.0,228.0,0.271,0.266,0.005,0.394,-0.005,0.322,0.326,-0.004,0.389,0.434,-0.7705199383526863,0.924583317747618
628451, Andy Ibanez,2021.0,272.0,220.0,0.277,0.264,0.013,0.415,0.02,0.325,0.32,0.005,0.435,0.425,0.01278272923921857,0.010561988936272854
630105, Jake Cronenworth,2021.5,663.5,473.5,0.2525,0.2485,0.003999999999999951,0.39949999999999997,0.025500000000000002,0.3295,0.3235,0.0060000000000000496,0.42500000000000004,0.378,-0.15750045936771653,-0.5017967199360908
641313, Tim Anderson,2020.0,506.5,375.0,0.29625,0.27475,0.021499999999999977,0.426,0.018499999999999975,0.33125,0.3175,0.013749999999999925,0.4445,0.285,0.17455175841580783,-2.1846084369871646
641355, Cody Bellinger,2020.0,548.25,362.0,0.235,0.2445,-0.009499999999999975,0.44475,0.0027500000000000024,0.31999999999999995,0.329,-0.009000000000000048,0.4475,0.552,0.22563671499788865,1.6422935559408154
641487, J.P. Crawford,2020.6666666666667,562.0,407.6666666666667,0.24733333333333332,0.24833333333333332,-0.0009999999999999998,0.33666666666666667,0.024333333333333266,0.3053333333333333,0.3016666666666667,0.003666666666666667,0.361,0.402,-1.2473128664521074,0.9365987837334744
641584, Jake Fraley,2022.0,247.0,164.0,0.259,0.248,0.011,0.417,0.051,0.352,0.333,0.0189999999999999,0.468,0.467,0.5747172516421075,0.05864788555743872
641680, Jonah Heim,2021.5,367.5,266.0,0.21150000000000002,0.227,-0.015500000000000002,0.3665,0.012,0.281,0.288,-0.006999999999999951,0.3785,0.457,-0.9493172863899692,1.4374394666790262
641820, Trey Mancini,2020.0,629.5,425.25,0.25675,0.25975000000000004,-0.0030000000000000248,0.44975,-0.006249999999999974,0.32975,0.3395,-0.00975,0.4435,0.336,0.15752343955511422,-1.4268410378829754
641857, Ryan McMahon,2020.6666666666667,577.3333333333334,360.6666666666667,0.25,0.24466666666666667,0.005333333333333333,0.426,0.011666666666666667,0.33,0.32666666666666666,0.0033333333333333335,0.43766666666666665,0.461,0.058191579534401204,0.4880277835188515
642086, Dominic Smith,2021.0,493.0,340.0,0.244,0.262,-0.018,0.42,-0.0569999999999999,0.291,0.325,-0.034,0.363,0.35,-1.21325622873072,0.14727877007754286
642133, Rowdy Tellez,2020.6666666666667,444.3333333333333,300.3333333333333,0.2293333333333333,0.25566666666666665,-0.026333333333333302,0.4756666666666667,-0.03433333333333324,0.3136666666666667,0.3413333333333333,-0.027666666666666635,0.44133333333333336,0.382,0.12062874869027838,-0.7218287452298899
642350, Jose Siri,2022.0,325.0,194.0,0.213,0.207,0.006,0.323,0.016,0.268,0.261,0.007,0.339,0.515,-1.6219358813873657,2.9524672117572592
642708, Amed Rosario,2020.0,626.25,475.5,0.27699999999999997,0.27025,0.0067499999999999505,0.38675,0.019499999999999976,0.3085,0.30425,0.00425,0.40625,0.381,-0.4767814380057221,-0.1389428542249384
642715, Willy Adames,2020.0,519.75,330.25,0.258,0.2345,0.0235,0.4195,0.021249999999999977,0.32875,0.31325000000000003,0.015499999999999974,0.44075,0.4,0.11069556268820632,-0.45045823678893726
642731, Thairo Estrada,2022.0,541.0,405.0,0.26,0.246,0.014,0.352,0.048,0.317,0.299,0.018,0.4,0.434,-0.5832084308850567,0.7372718102799884
643217, Andrew Benintendi,2020.0,583.75,421.0,0.28400000000000003,0.2695,0.014499999999999975,0.442,-0.007749999999999976,0.33925,0.33925,0.0,0.43425,0.363,1.1490093698838439e-05,-0.87717310476324
643265, Garrett Cooper,2020.5,445.0,286.5,0.271,0.265,0.006,0.4515,-0.021,0.3335,0.34299999999999997,-0.00949999999999995,0.4305,0.43,-0.06384470563390265,0.1598109022646387
643289, Mauricio Dubon,2022.0,265.0,221.0,0.214,0.24,-0.0259999999999999,0.331,-0.018,0.248,0.272,-0.024,0.313,0.375,-2.0646721717653995,1.3618021053884455
643376, Danny Jansen,2020.5,316.0,223.0,0.23349999999999999,0.252,-0.0185,0.46299999999999997,-0.024999999999999953,0.3195,0.33899999999999997,-0.01949999999999995,0.438,0.452,0.06386768582129938,0.351633016012513
643393, Tony Kemp,2020.0,382.0,285.5,0.24725,0.22225,0.02499999999999995,0.307,0.074,0.3125,0.28225,0.030249999999999923,0.381,0.305,-0.9067464892382352,-0.8128242755121428
643396, Isiah Kiner-Falefa,2020.0,456.5,355.5,0.25775000000000003,0.2515,0.006249999999999975,0.325,0.015749999999999976,0.28775,0.28325,0.0045,0.34075,0.361,-1.5921363233811523,0.6859261173295134
643446, Jeff McNeil,2020.0,457.5,361.75,0.306,0.2735,0.03249999999999995,0.41200000000000003,0.042,0.3545,0.32825,0.02624999999999995,0.454,0.353,0.3363207875923971,-1.3587253591724273
643565, Mike Tauchman,2019.0,296.0,190.0,0.277,0.246,0.031,0.407,0.097,0.364,0.322,0.0419999999999999,0.504,0.407,1.1877367306270763,-1.4258293348904656
645277, Ozzie Albies,2020.0,585.25,442.75,0.2655,0.25525,0.010249999999999999,0.431,0.031249999999999924,0.32975,0.3175,0.01225,0.46225,0.514,0.47680441819311886,0.839202616485726
646240, Rafael Devers,2020.0,617.5,439.5,0.28125,0.27599999999999997,0.0052499999999999995,0.49975,0.012000000000000025,0.35825,0.3565,0.001749999999999999,0.51175,0.521,1.3197062017974523,0.09797090271873499
647304, Josh Naylor,2020.6666666666667,342.3333333333333,250.66666666666666,0.25266666666666665,0.24966666666666668,0.0029999999999999996,0.409,0.009000000000000032,0.313,0.312,0.0010000000000000002,0.418,0.5,-0.2766986913925727,1.3893655863967327
649557, Aledmys Diaz,2020.0,336.25,259.5,0.259,0.2655,-0.0065,0.42125,0.010750000000000023,0.3195,0.32525000000000004,-0.005750000000000025,0.43200000000000005,0.326,-0.0383022273428613,-1.3762583278954892
650333, Luis Arraez,2020.6666666666667,482.6666666666667,397.6666666666667,0.31466666666666665,0.29,0.024666666666666667,0.4083333333333334,0.0033333333333333327,0.3436666666666666,0.33466666666666667,0.008999999999999933,0.4116666666666666,0.456,-0.3845447108436325,0.8581425954416406
650391, Eloy Jimenez,2020.6666666666667,354.0,239.0,0.2703333333333333,0.25833333333333336,0.011999999999999967,0.49066666666666664,-0.007333333333333333,0.3433333333333333,0.3456666666666666,-0.0023333333333332997,0.48333333333333334,0.446,0.8358181408394089,-0.50746321315189
650402, Gleyber Torres,2020.0,544.0,375.25,0.26625,0.255,0.01125,0.45425,0.0037499999999999994,0.3355,0.332,0.0034999999999999498,0.458,0.434,0.4044340630351715,-0.25037068364023973
650489, Willi Castro,2021.5,421.0,298.5,0.23049999999999998,0.2525,-0.02199999999999995,0.35150000000000003,0.00749999999999995,0.278,0.2905,-0.01249999999999995,0.359,0.371,-1.2813695041734945,0.5204022550323447
650490, Yandy Diaz,2020.6666666666667,482.0,349.3333333333333,0.27299999999999996,0.27366666666666667,-0.0006666666666666666,0.4363333333333333,-0.007666666666666666,0.34400000000000003,0.3506666666666667,-0.006666666666666633,0.4286666666666667,0.506,-0.0950632902118403,1.2948759593622938
650559, Bryan De La Cruz,2022.0,355.0,243.0,0.252,0.287,-0.0349999999999999,0.498,-0.066,0.313,0.355,-0.0419999999999999,0.432,0.419,-0.03830222734286225,-0.025498828627939882
650859, Luis Rengifo,2020.5,458.5,339.5,0.251,0.2445,0.006500000000000001,0.3795,0.01699999999999995,0.306,0.301,0.004999999999999999,0.39649999999999996,0.398,-0.6428075468974852,0.2739962814146565
656305, Matt Chapman,2020.0,632.25,387.75,0.2415,0.23775000000000002,0.0037500000000000003,0.44925,0.013250000000000024,0.34125,0.33975,0.0014999999999999749,0.4625,0.435,0.4810614979082927,-0.31247382282231206
656582, Connor Joe,2022.0,467.0,308.0,0.238,0.241,-0.003,0.34,0.0189999999999999,0.314,0.311,0.003,0.359,0.44,-1.2813695041734945,1.5225786577147198
656775, Cedric Mullins,2021.5,673.5,485.0,0.27449999999999997,0.252,0.022499999999999902,0.398,0.0625,0.3435,0.31599999999999995,0.0275,0.4605,0.433,0.4470048601869055,-0.30746577648302265
656811, Ryan O'Hearn,2020.0,312.0,199.5,0.21000000000000002,0.23249999999999998,-0.02249999999999995,0.406,-0.03699999999999995,0.276,0.3035,-0.0274999999999999,0.369,0.504,-1.1110863155665585,2.2818503933349144
656896, Emmanuel Rivera,2022.0,359.0,248.0,0.233,0.238,-0.0049999999999999,0.41,-0.001,0.306,0.31,-0.004,0.409,0.376,-0.42995356113881517,-0.2583922095470899
656941, Kyle Schwarber,2020.0,565.0,330.75,0.243,0.25275000000000003,-0.009749999999999974,0.53175,-0.017749999999999926,0.36175,0.375,-0.013249999999999975,0.514,0.44,1.3580199192340126,-1.1168107656927873
657041, Lane Thomas,2021.5,406.0,267.5,0.238,0.228,0.0099999999999999,0.3695,0.03849999999999995,0.318,0.304,0.013999999999999999,0.40800000000000003,0.476,-0.44698187999950784,1.2110656784184937
657077, Alex Verdugo,2020.6666666666667,541.6666666666666,422.0,0.2876666666666667,0.2836666666666667,0.004,0.4423333333333333,-0.006999999999999999,0.3313333333333333,0.336,-0.004666666666666667,0.43533333333333335,0.429,0.018458835526116754,0.06298306541357038
657557, Paul DeJong,2019.3333333333333,518.6666666666666,337.6666666666667,0.22366666666666668,0.2273333333333333,-0.0036666666666666328,0.43533333333333335,-0.012999999999999968,0.312,0.323,-0.011000000000000001,0.4223333333333333,0.378,-0.20290930966290105,-0.4563878696409062
657656, Ramon Laureano,2020.6666666666667,414.0,268.6666666666667,0.24833333333333332,0.244,0.0043333333333333,0.4483333333333333,-0.001666666666666667,0.32566666666666666,0.328,-0.0023333333333333665,0.4466666666666667,0.347,0.2114464492806446,-1.3209967950069683
657757, Gavin Sheets,2022.0,410.0,294.0,0.241,0.224,0.0169999999999999,0.359,0.0519999999999999,0.308,0.283,0.025,0.411,0.359,-0.39589692341742794,-0.5393618740163089
660162, Yoan Moncada,2020.0,564.5,344.0,0.25625,0.2435,0.012749999999999975,0.42525,0.002999999999999999,0.328,0.3245,0.003500000000000025,0.42825,0.349,-0.10215842307046279,-0.9783433312737634
660271, Shohei Ohtani,2020.0,524.0,320.25,0.27525,0.27325,0.00199999999999995,0.5475,-0.0025000000000000248,0.37625,0.3805,-0.004249999999999975,0.5449999999999999,0.664,1.8858978039155123,1.6087535844206697
660670, Ronald Acuna Jr.,2020.0,523.75,328.25,0.28049999999999997,0.27925,0.0012499999999999755,0.5489999999999999,-0.02924999999999997,0.376,0.38975,-0.013749999999999974,0.51975,0.568,1.455932752683001,0.6443862493124843
660688, Keibert Ruiz,2022.0,433.0,347.0,0.251,0.277,-0.026,0.403,-0.043,0.299,0.328,-0.029,0.36,0.417,-1.2643411853128008,1.171491537959901
660821, Jesus Sanchez,2021.5,297.0,186.0,0.23249999999999998,0.235,-0.0025,0.431,0.015,0.3185,0.3175,0.001,0.446,0.461,0.20009423670684823,0.34612512634640447
661388, William Contreras,2022.0,376.0,232.0,0.278,0.243,0.035,0.479,0.027,0.37,0.347,0.023,0.506,0.449,1.2217933683484636,-0.849865553587798
662139, Daulton Varsho,2021.5,453.5,305.5,0.2405,0.23049999999999998,0.00999999999999995,0.4095,0.03049999999999995,0.3225,0.3105,0.012,0.44,0.385,0.0979243235426866,-0.6555514330091514
663457, Lars Nootbaar,2022.0,347.0,224.0,0.228,0.247,-0.0189999999999999,0.414,0.034,0.342,0.346,-0.0039999999999999,0.448,0.453,0.23415087442823543,0.1958741230966259
663538, Nico Hoerner,2022.0,517.0,426.0,0.281,0.27,0.011,0.367,0.0429999999999999,0.32,0.301,0.019,0.41,0.393,-0.41292524227812155,-0.028507501659951806
663586, Austin Riley,2020.6666666666667,550.6666666666666,349.6666666666667,0.26733333333333337,0.25966666666666666,0.007666666666666634,0.5006666666666667,0.0093333333333333,0.35433333333333333,0.351,0.0033333333333333327,0.51,0.502,1.289906643791238,-0.14819115740498034
663611, Nick Madrigal,2021.5,221.5,184.0,0.277,0.2595,0.01749999999999995,0.3195,0.033999999999999954,0.30100000000000005,0.286,0.01500000000000005,0.3535,0.376,-1.3750252579073092,0.6866794872214042
663624, Ryan Mountcastle,2021.5,597.5,394.0,0.2525,0.261,-0.0085,0.483,-0.028000000000000046,0.3255,0.344,-0.01849999999999995,0.45499999999999996,0.475,0.35334910645308976,0.39621039627484717
663647, Ke'Bryan Hayes,2021.5,478.0,331.0,0.2505,0.2495,0.001,0.3615,-0.0024999999999999996,0.2975,0.301,-0.0034999999999999996,0.359,0.424,-1.2813695041734945,1.290189926657937
663656, Kyle Tucker,2021.5,588.0,436.0,0.27549999999999997,0.2825,-0.006999999999999999,0.5289999999999999,-0.01149999999999995,0.3655,0.3745,-0.009,0.5175000000000001,0.522,1.417619035246441,0.014582364960795235
663697, Jonathan India,2021.5,531.0,344.0,0.259,0.246,0.013,0.39449999999999996,0.024,0.3385,0.3265,0.012,0.4185,0.409,-0.2681845319622259,0.05914051908093454
663728, Cal Raleigh,2022.0,415.0,253.0,0.211,0.216,-0.005,0.461,0.0279999999999999,0.33,0.324,0.006,0.489,0.464,0.9323119477166724,-0.3425196975902729
663743, Nick Fortes,2022.0,240.0,172.0,0.23,0.249,-0.0189999999999999,0.398,-0.006,0.308,0.319,-0.011,0.392,0.298,-0.7194349817706055,-1.1018058528171149
663757, Trent Grisham,2021.5,525.5,329.0,0.213,0.22299999999999998,-0.00999999999999995,0.363,0.014,0.30000000000000004,0.3025,-0.00249999999999995,0.377,0.372,-0.9748597646810095,0.22841681123090873
663837, Matt Vierling,2022.0,357.0,261.0,0.246,0.275,-0.029,0.404,-0.053,0.285,0.324,-0.039,0.351,0.372,-1.4175960550590434,0.6711531016089426
663886, Tyler Stephenson,2021.0,402.0,280.0,0.286,0.257,0.0289999999999999,0.391,0.0399999999999999,0.346,0.324,0.0219999999999999,0.431,0.362,-0.055330546203555854,-0.8363553641570343
663993, Nathaniel Lowe,2021.5,643.5,422.0,0.28300000000000003,0.2555,0.027499999999999948,0.43000000000000005,0.0234999999999999,0.35250000000000004,0.3335,0.019,0.4535,0.451,0.32780662816205025,0.07316977798071322
664023, Ian Happ,2020.3333333333333,546.0,320.6666666666667,0.24333333333333332,0.22366666666666668,0.01966666666666667,0.3906666666666667,0.0366666666666666,0.332,0.315,0.017,0.42733333333333334,0.402,-0.11776771535943209,-0.19294636735920095
664034, Ty France,2021.5,631.5,466.5,0.2825,0.266,0.016499999999999952,0.41600000000000004,0.024499999999999952,0.345,0.3335,0.0115,0.4405,0.382,0.1064384829730334,-0.7076384795126449
664040, Brandon Lowe,2020.6666666666667,402.6666666666667,243.33333333333334,0.246,0.241,0.005000000000000035,0.4666666666666666,0.006666666666666667,0.34099999999999997,0.3403333333333333,0.0006666666666666337,0.47333333333333333,0.426,0.6655349522324728,-0.6276659383659324
664056, Harrison Bader,2020.0,386.75,252.25,0.2465,0.226,0.020499999999999977,0.3695,0.03149999999999997,0.309,0.29225,0.016749999999999973,0.401,0.388,-0.566180112024363,0.05212588963104503
664702, Myles Straw,2021.5,617.0,451.0,0.246,0.246,4.9439619065339e-17,0.317,-0.0065,0.28400000000000003,0.28900000000000003,-0.004999999999999999,0.3105,0.303,-2.1072429689171335,0.3586236127846576
664728, Kyle Isbel,2022.0,278.0,184.0,0.211,0.22,-0.009,0.323,0.017,0.265,0.266,-0.001,0.34,0.378,-1.604907562526672,0.9456103832228647
664761, Alec Bohm,2021.5,524.0,379.5,0.2635,0.27549999999999997,-0.01199999999999995,0.41400000000000003,-0.0439999999999999,0.2975,0.323,-0.025500000000000002,0.37,0.424,-1.0940579967058648,1.1028784191903074
664774, LaMonte Wade Jr.,2021.5,316.0,211.5,0.22999999999999998,0.2385,-0.0085,0.44099999999999995,-0.02049999999999995,0.3205,0.33399999999999996,-0.01349999999999995,0.4205,0.413,-0.2341278942408387,0.08318106412374304
664913, Seth Brown,2021.5,431.0,274.5,0.222,0.238,-0.015999999999999952,0.458,0.003999999999999951,0.319,0.328,-0.009,0.46199999999999997,0.402,0.47254733847794494,-0.783261421196578
664983, Jake McCarthy,2022.0,354.0,249.0,0.283,0.249,0.0339999999999999,0.357,0.07,0.337,0.298,0.039,0.427,0.331,-0.12344382164633028,-1.2184952551367756
665161, Jeremy Pena,2022.0,558.0,392.0,0.253,0.248,0.005,0.397,0.0289999999999999,0.309,0.3,0.009,0.426,0.37,-0.1404721405070239,-0.6350194043251747
665487, Fernando Tatis Jr.,2020.0,459.0,278.0,0.2995,0.2675,0.03199999999999995,0.5529999999999999,0.047499999999999945,0.4005,0.377,0.02350000000000005,0.6005,0.461,2.8309695006840085,-2.284750137630756
665489, Vladimir Guerrero Jr.,2020.6666666666667,639.3333333333334,465.6666666666667,0.2856666666666667,0.2796666666666667,0.006000000000000001,0.49466666666666664,0.009999999999999967,0.36633333333333334,0.36433333333333334,0.002,0.5046666666666667,0.435,1.1990889432008727,-1.030501268114892
665742, Juan Soto,2020.0,617.75,393.5,0.28225,0.27949999999999997,0.0027499999999999747,0.526,-0.01324999999999995,0.3955,0.40275,-0.007249999999999975,0.51275,0.482,1.336734520658146,-0.4855049480928667
665750, Leody Taveras,2022.0,341.0,230.0,0.261,0.226,0.035,0.318,0.0479999999999999,0.297,0.267,0.0299999999999999,0.366,0.417,-1.1621712721486392,1.0693216247957393
665862, Jazz Chisholm Jr.,2021.5,374.0,237.0,0.251,0.24,0.011,0.44099999999999995,0.039,0.3385,0.32599999999999996,0.0125,0.48,0.444,0.7790570779704299,-0.47975074166500886
665926, Andres Gimenez,2022.0,557.0,386.0,0.297,0.257,0.0399999999999999,0.4,0.066,0.364,0.326,0.0379999999999999,0.466,0.389,0.5406606139207203,-1.0401905406229894
666135, Alex Kirilloff,2021.0,231.0,164.0,0.251,0.291,-0.0399999999999999,0.538,-0.115,0.307,0.366,-0.059,0.423,0.442,-0.1915570970891047,0.46181484201242784
666182, Bo Bichette,2021.5,693.5,503.0,0.294,0.2845,0.00949999999999995,0.4665,0.00999999999999995,0.3505,0.34450000000000003,0.00599999999999995,0.4765,0.496,0.7194579619580023,0.33511175028196194
666185, Dylan Carlson,2021.5,553.5,370.5,0.251,0.2405,0.01049999999999995,0.381,0.0275,0.321,0.3115,0.0095,0.4085,0.333,-0.43846772056916195,-0.8744227648318462
666624, Christopher Morel,2022.0,425.0,247.0,0.235,0.233,0.0019999999999999,0.435,-0.002,0.322,0.324,-0.002,0.433,0.492,-0.02127390848216864,1.0177464379579373
666969, Adolis Garcia,2021.5,639.5,409.5,0.2465,0.23199999999999998,0.01449999999999995,0.4345,0.0205,0.319,0.3105,0.0085,0.455,0.504,0.3533491064530907,0.817414971315265
666971, Lourdes Gurriel Jr.,2020.0,410.0,300.5,0.28125,0.266,0.015249999999999975,0.45375000000000004,0.009500000000000001,0.335,0.33025000000000004,0.004749999999999976,0.46325,0.462,0.4938327370538124,0.06691092169048923
668227, Randy Arozarena,2021.5,624.5,398.0,0.2685,0.228,0.04049999999999995,0.3755,0.0765,0.34299999999999997,0.3025,0.04049999999999995,0.452,0.435,0.30226414987100986,-0.13367647478502917
668731, Akil Baddoo,2021.0,461.0,294.0,0.259,0.227,0.032,0.403,0.0329999999999999,0.329,0.309,0.02,0.436,0.367,0.029811048099912175,-0.8488754800052576
668804, Bryan Reynolds,2020.6666666666667,602.0,406.6666666666667,0.2926666666666667,0.2786666666666667,0.014,0.47100000000000003,0.024333333333333332,0.36833333333333335,0.35800000000000004,0.0103333333333333,0.49533333333333335,0.465,1.0401579671677321,-0.4358414213502837
668939, Adley Rutschman,2022.0,470.0,315.0,0.254,0.248,0.006,0.411,0.034,0.354,0.342,0.0119999999999999,0.445,0.427,0.1830659178461546,-0.13067260828856533
668942, Josh Rojas,2021.5,530.0,353.0,0.2665,0.2355,0.031,0.3565,0.0445,0.3265,0.3,0.026500000000000003,0.401,0.329,-0.566180112024363,-0.8048075561408408
669004, MJ Melendez,2022.0,534.0,336.0,0.217,0.237,-0.0199999999999999,0.41,-0.0169999999999999,0.31,0.332,-0.022,0.393,0.391,-0.7024066629099119,0.23192532758974072
669016, Brandon Marsh,2022.0,461.0,272.0,0.245,0.226,0.0189999999999999,0.372,0.012,0.296,0.287,0.009,0.384,0.458,-0.8556615326561543,1.3583080086362602
669221, Sean Murphy,2021.5,530.0,350.0,0.23299999999999998,0.2475,-0.01449999999999995,0.44,-0.02449999999999995,0.32,0.3405,-0.02049999999999995,0.4155,0.523,-0.31926948854430676,1.765995184442592
669222, Nick Senzel,2020.5,417.0,287.5,0.2435,0.244,-0.0004999999999999501,0.381,-0.014499999999999949,0.2935,0.302,-0.008499999999999949,0.3665,0.368,-1.1536571127182924,0.34911697650399587
669242, Tommy Edman,2020.6666666666667,556.6666666666666,428.3333333333333,0.27699999999999997,0.27166666666666667,0.005333333333333333,0.4073333333333333,0.021666666666666667,0.3253333333333333,0.31833333333333336,0.006999999999999967,0.429,0.409,-0.08938718392494306,-0.11965682895634831
669257, Will Smith,2021.5,539.5,370.0,0.259,0.2535,0.0055,0.4725,0.00750000000000005,0.3565,0.358,-0.0015,0.48,0.464,0.7790570779704299,-0.18926482784403043
669261, Jack Suwinski,2022.0,372.0,213.0,0.202,0.204,-0.0019999999999999,0.393,0.0179999999999999,0.311,0.307,0.004,0.411,0.44,-0.39589692341742794,0.6371060769586532
669289, Santiago Espinal,2021.5,368.5,289.0,0.28900000000000003,0.265,0.023999999999999952,0.347,0.040499999999999994,0.3245,0.3025,0.02199999999999995,0.3875,0.296,-0.7960624166437268,-1.0542270093260915
669357, Nolan Gorman,2022.0,313.0,180.0,0.226,0.239,-0.0129999999999999,0.476,-0.0559999999999999,0.316,0.341,-0.025,0.42,0.487,-0.24264205367118552,1.1664931046917095
669397, Nick Allen,2022.0,326.0,242.0,0.207,0.21,-0.003,0.266,0.0249999999999999,0.245,0.238,0.007,0.291,0.262,-2.4392951867006585,0.09517970723517744
669720, Austin Hays,2021.5,555.5,404.5,0.253,0.2425,0.010499999999999999,0.402,0.03499999999999995,0.321,0.307,0.014,0.437,0.453,0.04683936696060578,0.3831856305642556
670032, Nicky Lopez,2020.6666666666667,482.3333333333333,384.6666666666667,0.25566666666666665,0.235,0.020666666666666667,0.2996666666666667,0.0256666666666667,0.28,0.266,0.014,0.3253333333333333,0.321,-1.8546562391501789,0.3674742054565836
670541, Yordan Alvarez,2020.6666666666667,509.3333333333333,329.0,0.2986666666666667,0.2986666666666667,0.0,0.613,-0.0133333333333333,0.4093333333333333,0.4203333333333334,-0.011000000000000001,0.5996666666666667,0.556,2.8167792349667633,-0.8907517812638635
670623, Isaac Paredes,2022.0,381.0,266.0,0.205,0.21,-0.005,0.348,0.087,0.323,0.297,0.026,0.435,0.508,0.01278272923921857,1.2160785312933327
670764, Taylor Walls,2022.0,466.0,291.0,0.172,0.196,-0.024,0.304,-0.019,0.252,0.27,-0.018,0.285,0.36,-2.5414650998648205,1.6207305981221327
670770, TJ Friedl,2022.0,258.0,191.0,0.24,0.215,0.0249999999999999,0.335,0.1009999999999999,0.323,0.283,0.04,0.436,0.444,0.029811048099912175,0.26949528820550883
671277, Luis Garcia,2021.5,312.0,237.0,0.2585,0.2505,0.008,0.38749999999999996,0.02199999999999995,0.297,0.29200000000000004,0.00499999999999995,0.4095,0.362,-0.4214394017084684,-0.4702465086521217
671739, Michael Harris II,2022.0,441.0,308.0,0.297,0.268,0.0289999999999999,0.46,0.0539999999999999,0.368,0.335,0.0329999999999999,0.514,0.445,1.3580199192340126,-1.0441892872375427
672284, Jarred Kelenic,2021.0,377.0,232.0,0.181,0.223,-0.042,0.413,-0.063,0.27,0.314,-0.0439999999999999,0.35,0.439,-1.4346243739197369,1.6613092317699132
672386, Alejandro Kirk,2022.0,541.0,416.0,0.285,0.278,0.0069999999999999,0.431,-0.016,0.347,0.351,-0.004,0.415,0.332,-0.32778364797465354,-0.9996311331174034
672695, Geraldo Perdomo,2022.0,500.0,342.0,0.195,0.213,-0.0179999999999999,0.282,-0.0199999999999999,0.253,0.269,-0.016,0.262,0.402,-2.9331164336607722,2.622402350942139
673357, Luis Robert Jr.,2021.5,348.5,260.0,0.311,0.28700000000000003,0.02399999999999995,0.49750000000000005,-0.0010000000000000495,0.36150000000000004,0.35450000000000004,0.007000000000000001,0.49649999999999994,0.551,1.0600243391718733,0.7933816360757819
673490, Ha-Seong Kim,2021.5,440.0,312.5,0.2265,0.22949999999999998,-0.00299999999999995,0.3385,0.02899999999999995,0.2915,0.28700000000000003,0.0045000000000000005,0.3675,0.448,-1.1366287938575987,1.4940323129272155
673548, Seiya Suzuki,2022.0,446.0,290.0,0.262,0.247,0.015,0.418,0.015,0.334,0.326,0.008,0.433,0.429,-0.02127390848216864,0.10271580942185576
676801, Chas McCormick,2021.5,363.5,220.5,0.251,0.228,0.02299999999999995,0.419,0.008,0.3265,0.318,0.0085,0.427,0.534,-0.12344382164633028,1.7299367701461537
677551, Wander Franco,2021.5,326.0,265.0,0.2825,0.28049999999999997,0.002,0.4075,0.0325,0.3355,0.33,0.005499999999999949,0.44,0.475,0.0979243235426866,0.6516351791852504
677594, Julio Rodriguez,2022.0,560.0,367.0,0.284,0.254,0.0299999999999999,0.46,0.0489999999999999,0.366,0.337,0.0289999999999999,0.509,0.461,1.2728783249305444,-0.7266589618772917
677649, Ezequiel Duran,2022.0,220.0,154.0,0.236,0.216,0.0199999999999999,0.317,0.0479999999999999,0.282,0.256,0.0259999999999999,0.365,0.474,-1.179199591009333,1.9142347980462209
677950, Alek Thomas,2022.0,411.0,312.0,0.231,0.238,-0.0069999999999999,0.335,0.0089999999999999,0.272,0.277,-0.005,0.344,0.414,-1.5367942870838986,1.4003717526578519
677951, Bobby Witt Jr.,2022.0,632.0,461.0,0.254,0.252,0.002,0.427,0.001,0.311,0.313,-0.002,0.428,0.506,-0.10641550278563666,1.3062281719360902
679529, Spencer Torkelson,2022.0,404.0,263.0,0.203,0.226,-0.0229999999999999,0.378,-0.059,0.272,0.305,-0.0329999999999999,0.319,0.443,-1.9625022586012377,2.2472842992156097
680757, Steven Kwan,2022.0,638.0,509.0,0.298,0.268,0.0299999999999999,0.341,0.059,0.341,0.312,0.029,0.4,0.382,-0.5832084308850567,-0.017991565654554842
680911, Owen Miller,2022.0,472.0,340.0,0.243,0.246,-0.003,0.341,0.0099999999999999,0.287,0.291,-0.004,0.351,0.375,-1.4175960550590434,0.7147259886820894
680977, Brendan Donovan,2022.0,468.0,324.0,0.281,0.266,0.015,0.365,0.014,0.349,0.339,0.0099999999999999,0.379,0.422,-0.9408031269596224,0.9205749580619671
681082, Bryson Stott,2022.0,466.0,340.0,0.234,0.237,-0.0029999999999999,0.34,0.0179999999999999,0.289,0.284,0.005,0.358,0.441,-1.2983978230341882,1.5541312722664624
682928, CJ Abrams,2022.0,302.0,238.0,0.246,0.241,0.005,0.316,0.008,0.267,0.266,0.001,0.324,0.411,-1.8773606642977698,1.6973652427985764
682985, Riley Greene,2022.0,418.0,259.0,0.253,0.246,0.007,0.388,-0.026,0.303,0.316,-0.013,0.362,0.464,-1.2302845475914137,1.8200767977178132
683734, Andrew Vaughn,2021.5,512.0,370.0,0.253,0.249,0.004,0.4245,-0.011999999999999952,0.3165,0.3255,-0.009,0.4125,0.427,-0.37035444512638754,0.4227477546839768
686469, Vinnie Pasquantino,2022.0,298.0,226.0,0.295,0.289,0.006,0.475,-0.0249999999999999,0.365,0.374,-0.009,0.45,0.437,0.26820751214962263,-0.0705712456815441
