last_name, first_name,player_id,name_abbrev,team_id,position_name,age,bat_side,seconds_since_hit_000,seconds_since_hit_005,seconds_since_hit_010,seconds_since_hit_015,seconds_since_hit_020,seconds_since_hit_025,seconds_since_hit_030,seconds_since_hit_035,seconds_since_hit_040,seconds_since_hit_045,seconds_since_hit_050,seconds_since_hit_055,seconds_since_hit_060,seconds_since_hit_065,seconds_since_hit_070,seconds_since_hit_075,seconds_since_hit_080,seconds_since_hit_085,seconds_since_hit_090
Abrams, CJ,682928,WSH,120,SS,22,L,0.00,0.53,0.82,1.07,1.30,1.51,1.72,1.91,2.10,2.28,2.46,2.63,2.80,2.97,3.14,3.31,3.48,3.66,3.85
Abreu, José,547989,HOU,117,1B,36,R,0.00,0.58,0.93,1.22,1.47,1.71,1.93,2.15,2.35,2.55,2.75,2.95,3.14,3.33,3.51,3.70,3.89,4.09,4.29
Acuña Jr., Ronald,660670,ATL,144,RF,25,R,0.00,0.55,0.85,1.11,1.34,1.55,1.75,1.95,2.13,2.32,2.50,2.67,2.84,3.01,3.18,3.35,3.52,3.69,3.87
Adames, Willy,642715,MIL,158,SS,27,R,0.00,0.57,0.89,1.15,1.39,1.61,1.82,2.02,2.22,2.41,2.60,2.78,2.96,3.14,3.31,3.49,3.66,3.84,4.02
Adams, Riley,656180,WSH,120,C,27,R,0.00,0.55,0.88,1.15,1.40,1.63,1.85,2.06,2.26,2.46,2.66,2.85,3.04,3.23,3.41,3.60,3.79,3.98,4.19
Ahmed, Nick,605113,AZ,109,SS,33,R,0.00,0.57,0.90,1.18,1.42,1.65,1.86,2.07,2.27,2.46,2.64,2.83,3.00,3.18,3.36,3.53,3.71,3.89,4.08
Alberto, Hanser,593643,CWS,145,3B,30,R,0.00,0.58,0.93,1.21,1.47,1.71,1.94,2.15,2.36,2.57,2.78,2.98,3.17,3.37,3.57,3.77,3.97,4.18,4.41
Albies, Ozzie,645277,ATL,144,2B,26,L,0.00,0.53,0.82,1.07,1.30,1.51,1.71,1.90,2.09,2.27,2.45,2.63,2.80,2.98,3.15,3.32,3.50,3.69,3.88
Albies, Ozzie,645277,ATL,144,2B,26,R,0.00,0.56,0.88,1.15,1.38,1.60,1.80,2.00,2.19,2.37,2.56,2.74,2.92,3.09,3.26,3.44,3.61,3.78,3.97
Alfaro, Jorge,595751,BOS,111,DH,30,R,0.00,0.56,0.89,1.16,1.40,1.62,1.83,2.03,2.23,2.42,2.60,2.79,2.97,3.14,3.32,3.49,3.66,3.83,4.01
Allen, Nick,669397,OAK,133,SS,24,R,0.00,0.55,0.87,1.13,1.36,1.59,1.79,2.00,2.19,2.38,2.57,2.75,2.93,3.11,3.29,3.46,3.64,3.81,3.99
Alonso, Pete,624413,NYM,121,1B,28,R,0.00,0.56,0.88,1.16,1.40,1.63,1.85,2.06,2.27,2.47,2.67,2.86,3.05,3.24,3.43,3.61,3.80,4.00,4.20
Altuve, Jose,514888,HOU,117,2B,33,R,0.00,0.55,0.86,1.11,1.35,1.56,1.77,1.96,2.15,2.34,2.52,2.70,2.88,3.06,3.23,3.41,3.59,3.78,3.97
Alu, Jake,666906,WSH,120,2B,26,L,0.00,0.55,0.85,1.10,1.34,1.55,1.76,1.96,2.15,2.33,2.52,2.69,2.87,3.04,3.22,3.39,3.57,3.74,3.93
Alvarez, Francisco,682626,NYM,121,C,21,R,0.00,0.56,0.89,1.16,1.40,1.63,1.85,2.06,2.26,2.45,2.65,2.83,3.02,3.21,3.39,3.57,3.75,3.93,4.12
Alvarez, Yordan,670541,HOU,117,DH,26,L,0.00,0.56,0.87,1.14,1.37,1.60,1.81,2.01,2.21,2.40,2.58,2.76,2.94,3.12,3.30,3.48,3.66,3.85,4.04
Amaya, Miguel,665804,CHC,112,C,24,R,0.00,0.56,0.89,1.17,1.42,1.65,1.87,2.08,2.28,2.48,2.67,2.87,3.05,3.24,3.43,3.61,3.80,4.00,4.20
Anderson, Brian,605119,MIL,158,3B,30,R,0.00,0.56,0.89,1.17,1.42,1.65,1.87,2.08,2.29,2.49,2.68,2.88,3.07,3.26,3.44,3.63,3.82,4.01,4.21
Anderson, Tim,641313,CWS,145,SS,30,R,0.00,0.57,0.89,1.15,1.39,1.61,1.82,2.02,2.21,2.40,2.59,2.77,2.95,3.12,3.30,3.48,3.66,3.84,4.04
Andrus, Elvis,462101,CWS,145,2B,34,R,0.00,0.55,0.88,1.16,1.40,1.63,1.85,2.05,2.25,2.45,2.64,2.83,3.01,3.20,3.38,3.56,3.75,3.94,4.13
Andujar, Miguel,609280,PIT,134,RF,28,R,0.00,0.56,0.87,1.14,1.37,1.60,1.81,2.01,2.20,2.39,2.58,2.76,2.95,3.12,3.30,3.48,3.66,3.84,4.02
Arcia, Orlando,606115,ATL,144,SS,28,R,0.00,0.57,0.90,1.18,1.42,1.65,1.87,2.08,2.29,2.49,2.68,2.87,3.06,3.25,3.44,3.63,3.81,4.01,4.20
Arenado, Nolan,571448,STL,138,3B,32,R,0.00,0.58,0.94,1.23,1.50,1.75,1.99,2.21,2.43,2.64,2.85,3.05,3.25,3.44,3.64,3.83,4.03,4.24,4.45
Arias, Gabriel,672356,CLE,114,SS,23,R,0.00,0.55,0.87,1.13,1.37,1.60,1.81,2.01,2.20,2.39,2.58,2.76,2.95,3.12,3.30,3.48,3.65,3.82,4.01
Arozarena, Randy,668227,TB,139,LF,28,R,0.00,0.56,0.87,1.13,1.36,1.57,1.78,1.97,2.16,2.34,2.52,2.69,2.87,3.04,3.20,3.37,3.54,3.71,3.89
Arraez, Luis,650333,MIA,146,2B,26,L,0.00,0.54,0.84,1.10,1.34,1.56,1.78,1.98,2.18,2.37,2.56,2.75,2.93,3.11,3.30,3.48,3.67,3.87,4.08
Arroyo, Christian,624414,BOS,111,2B,28,R,0.00,0.54,0.86,1.13,1.37,1.59,1.80,2.01,2.20,2.39,2.58,2.77,2.95,3.13,3.30,3.48,3.66,3.83,4.02
Azocar, José,640492,SD,135,RF,27,R,0.00,0.57,0.88,1.14,1.37,1.59,1.79,1.99,2.17,2.35,2.53,2.70,2.87,3.03,3.20,3.36,3.53,3.69,3.85
Baddoo, Akil,668731,DET,116,LF,24,L,0.00,0.52,0.81,1.06,1.29,1.50,1.70,1.90,2.08,2.26,2.44,2.61,2.79,2.95,3.12,3.28,3.45,3.63,3.81
Bader, Harrison,664056,NYY,147,CF,29,R,0.00,0.55,0.86,1.12,1.35,1.56,1.77,1.96,2.15,2.33,2.51,2.69,2.86,3.03,3.20,3.37,3.54,3.70,3.88
Bae, Ji Hwan,678225,PIT,134,2B,23,L,0.00,0.54,0.83,1.07,1.30,1.50,1.70,1.89,2.07,2.25,2.42,2.59,2.76,2.92,3.09,3.25,3.41,3.57,3.75
Bailey, Patrick,672275,SF,137,C,24,L,0.00,0.57,0.89,1.16,1.41,1.65,1.87,2.09,2.29,2.50,2.70,2.90,3.09,3.28,3.48,3.67,3.87,4.09,4.32
Bailey, Patrick,672275,SF,137,C,24,R,0.00,0.55,0.88,1.16,1.41,1.65,1.87,2.09,2.29,2.49,2.69,2.88,3.07,3.26,3.45,3.63,3.81,4.00,4.19
Barnes, Austin,605131,LAD,119,C,33,R,0.00,0.58,0.91,1.19,1.43,1.67,1.89,2.10,2.31,2.51,2.71,2.90,3.09,3.28,3.47,3.65,3.84,4.02,4.23
Barnhart, Tucker,571466,CHC,112,C,32,L,0.00,0.53,0.86,1.15,1.41,1.66,1.89,2.12,2.34,2.55,2.77,2.98,3.19,3.40,3.61,3.83,4.06,4.29,4.54
Barrero, Jose,676480,CIN,113,SS,25,R,0.00,0.54,0.85,1.12,1.35,1.58,1.79,1.99,2.18,2.37,2.55,2.73,2.91,3.09,3.27,3.44,3.62,3.79,3.97
Bart, Joey,663698,SF,137,C,26,R,0.00,0.55,0.88,1.15,1.40,1.63,1.85,2.06,2.26,2.45,2.64,2.83,3.02,3.20,3.38,3.56,3.74,3.92,4.10
Baty, Brett,683146,NYM,121,3B,23,L,0.00,0.54,0.83,1.10,1.33,1.55,1.75,1.96,2.15,2.34,2.53,2.71,2.89,3.07,3.24,3.42,3.60,3.79,3.98
Bauers, Jake,641343,NYY,147,RF,27,L,0.00,0.54,0.86,1.12,1.35,1.58,1.78,1.98,2.18,2.37,2.55,2.73,2.91,3.09,3.27,3.45,3.62,3.81,4.01
Beaty, Matt,607461,KC,118,1B,30,L,0.00,0.53,0.85,1.13,1.37,1.60,1.82,2.03,2.23,2.43,2.62,2.82,3.01,3.20,3.39,3.58,3.78,3.98,4.20
Bell, Josh,605137,MIA,146,DH,30,L,0.00,0.56,0.89,1.16,1.42,1.65,1.88,2.09,2.30,2.51,2.71,2.90,3.09,3.28,3.47,3.66,3.85,4.05,4.27
Bell, Josh,605137,MIA,146,DH,30,R,0.00,0.57,0.90,1.18,1.43,1.67,1.89,2.10,2.31,2.51,2.70,2.89,3.08,3.27,3.45,3.64,3.82,4.01,4.21
Bellinger, Cody,641355,CHC,112,CF,27,L,0.00,0.53,0.83,1.08,1.31,1.53,1.73,1.93,2.12,2.31,2.49,2.66,2.84,3.01,3.18,3.36,3.53,3.71,3.91
Belt, Brandon,474832,TOR,141,DH,35,L,0.00,0.55,0.85,1.12,1.36,1.59,1.80,2.01,2.21,2.41,2.60,2.79,2.98,3.16,3.34,3.53,3.71,3.90,4.12
Benintendi, Andrew,643217,CWS,145,LF,28,L,0.00,0.54,0.83,1.09,1.32,1.54,1.75,1.95,2.14,2.33,2.52,2.70,2.88,3.06,3.23,3.41,3.59,3.78,3.97
Benson, Will,666181,CIN,113,LF,25,L,0.00,0.54,0.84,1.10,1.33,1.54,1.74,1.93,2.12,2.30,2.48,2.66,2.82,2.99,3.16,3.33,3.50,3.67,3.85
Berti, Jon,542932,MIA,146,SS,33,R,0.00,0.54,0.85,1.10,1.33,1.55,1.75,1.94,2.13,2.31,2.49,2.66,2.83,3.00,3.17,3.34,3.51,3.67,3.85
Bethancourt, Christian,542194,TB,139,C,31,R,0.00,0.56,0.89,1.15,1.40,1.62,1.83,2.03,2.23,2.41,2.60,2.78,2.96,3.14,3.31,3.49,3.66,3.84,4.02
Betts, Mookie,605141,LAD,119,RF,30,R,0.00,0.55,0.86,1.12,1.36,1.59,1.80,2.00,2.19,2.38,2.56,2.74,2.92,3.10,3.28,3.46,3.63,3.82,4.01
Bichette, Bo,666182,TOR,141,SS,25,R,0.00,0.57,0.90,1.16,1.40,1.63,1.84,2.04,2.24,2.43,2.62,2.81,2.99,3.18,3.36,3.54,3.72,3.90,4.10
Biggio, Cavan,624415,TOR,141,2B,28,L,0.00,0.53,0.82,1.08,1.31,1.53,1.73,1.93,2.11,2.30,2.48,2.66,2.84,3.01,3.18,3.36,3.53,3.71,3.90
Blackmon, Charlie,453568,COL,115,DH,36,L,0.00,0.55,0.85,1.11,1.35,1.57,1.78,1.98,2.17,2.36,2.55,2.73,2.91,3.08,3.26,3.43,3.61,3.79,3.97
Blanco, Dairon,680118,KC,118,RF,30,R,0.00,0.53,0.83,1.08,1.30,1.50,1.69,1.87,2.05,2.22,2.39,2.56,2.72,2.88,3.04,3.20,3.36,3.52,3.69
Bleday, JJ,668709,OAK,133,LF,25,L,0.00,0.55,0.85,1.12,1.35,1.58,1.78,1.99,2.18,2.37,2.55,2.74,2.92,3.10,3.28,3.45,3.63,3.82,4.02
Bogaerts, Xander,593428,SD,135,SS,30,R,0.00,0.56,0.89,1.16,1.40,1.62,1.84,2.04,2.24,2.43,2.61,2.80,2.98,3.16,3.33,3.51,3.68,3.86,4.06
Bohm, Alec,664761,PHI,143,3B,26,R,0.00,0.55,0.87,1.15,1.39,1.62,1.84,2.05,2.25,2.44,2.64,2.83,3.01,3.20,3.38,3.56,3.74,3.92,4.11
Bradley Jr., Jackie,598265,KC,118,CF,33,L,0.00,0.53,0.82,1.08,1.32,1.54,1.75,1.96,2.15,2.34,2.53,2.72,2.90,3.08,3.26,3.44,3.62,3.81,4.01
Bregman, Alex,608324,HOU,117,3B,29,R,0.00,0.57,0.89,1.16,1.39,1.62,1.83,2.04,2.24,2.43,2.62,2.81,3.00,3.18,3.36,3.54,3.72,3.91,4.10
Brennan, Will,686823,CLE,114,RF,25,L,0.00,0.53,0.83,1.08,1.31,1.53,1.73,1.93,2.12,2.31,2.49,2.67,2.85,3.02,3.19,3.37,3.54,3.72,3.90
Bride, Jonah,681146,OAK,133,3B,27,R,0.00,0.56,0.88,1.16,1.40,1.63,1.84,2.05,2.25,2.45,2.64,2.83,3.02,3.20,3.38,3.56,3.74,3.92,4.12
Brosseau, Mike,670712,MIL,158,3B,29,R,0.00,0.57,0.89,1.16,1.40,1.62,1.84,2.04,2.24,2.44,2.63,2.81,3.00,3.18,3.36,3.54,3.72,3.90,4.09
Brown, Seth,664913,OAK,133,RF,30,L,0.00,0.54,0.84,1.10,1.33,1.55,1.76,1.96,2.15,2.35,2.53,2.71,2.89,3.07,3.25,3.43,3.61,3.80,4.00
Bryant, Kris,592178,COL,115,RF,31,R,0.00,0.57,0.90,1.18,1.44,1.67,1.89,2.10,2.31,2.51,2.71,2.90,3.09,3.27,3.46,3.65,3.83,4.02,4.22
Burger, Jake,669394,MIA,146,3B,27,R,0.00,0.56,0.90,1.18,1.42,1.65,1.86,2.06,2.26,2.45,2.63,2.81,2.99,3.17,3.34,3.52,3.69,3.87,4.04
Burleson, Alec,676475,STL,138,LF,24,L,0.00,0.56,0.88,1.16,1.41,1.65,1.87,2.08,2.29,2.49,2.69,2.88,3.08,3.26,3.45,3.64,3.83,4.03,4.23
Busch, Michael,683737,LAD,119,3B,25,L,0.00,0.54,0.84,1.10,1.33,1.55,1.76,1.97,2.16,2.35,2.54,2.72,2.91,3.09,3.27,3.44,3.62,3.80,3.99
Buxton, Byron,621439,MIN,142,DH,29,R,0.00,0.56,0.86,1.11,1.35,1.55,1.76,1.94,2.13,2.31,2.49,2.66,2.83,3.00,3.16,3.33,3.49,3.66,3.83
Báez, Javier,595879,DET,116,SS,30,R,0.00,0.57,0.89,1.16,1.40,1.62,1.83,2.03,2.23,2.42,2.61,2.79,2.96,3.14,3.32,3.49,3.66,3.84,4.03
Caballero, José,676609,SEA,136,2B,26,R,0.00,0.54,0.85,1.11,1.34,1.55,1.76,1.95,2.14,2.32,2.50,2.67,2.85,3.02,3.19,3.36,3.52,3.69,3.86
Cabrera, Miguel,408234,DET,116,DH,40,R,0.00,0.59,0.95,1.25,1.53,1.78,2.02,2.25,2.47,2.69,2.90,3.11,3.31,3.51,3.72,3.91,4.11,4.32,4.53
Cabrera, Oswaldo,665828,NYY,147,LF,24,L,0.00,0.55,0.85,1.10,1.34,1.55,1.76,1.96,2.15,2.34,2.52,2.71,2.88,3.06,3.23,3.40,3.58,3.76,3.95
Cabrera, Oswaldo,665828,NYY,147,LF,24,R,0.00,0.56,0.88,1.14,1.38,1.60,1.81,2.01,2.21,2.40,2.58,2.77,2.95,3.12,3.30,3.47,3.64,3.81,3.99
Calhoun, Willie,641432,NYY,147,DH,28,L,0.00,0.54,0.86,1.14,1.40,1.63,1.86,2.07,2.28,2.48,2.69,2.88,3.08,3.27,3.46,3.66,3.86,4.07,4.29
Call, Alex,669743,WSH,120,CF,28,R,0.00,0.56,0.88,1.14,1.38,1.60,1.81,2.01,2.21,2.39,2.58,2.76,2.94,3.11,3.28,3.45,3.62,3.79,3.97
Campusano, Luis,669134,SD,135,C,24,R,0.00,0.54,0.87,1.16,1.41,1.65,1.87,2.09,2.29,2.49,2.69,2.89,3.08,3.27,3.46,3.64,3.83,4.03,4.23
Candelario, Jeimer,600869,CHC,112,3B,29,L,0.00,0.54,0.85,1.12,1.36,1.59,1.80,2.01,2.20,2.39,2.58,2.77,2.95,3.13,3.31,3.48,3.66,3.84,4.04
Candelario, Jeimer,600869,CHC,112,3B,29,R,0.00,0.58,0.92,1.19,1.44,1.67,1.89,2.09,2.30,2.49,2.68,2.87,3.05,3.23,3.41,3.59,3.76,3.94,4.12
Canha, Mark,592192,MIL,158,LF,34,R,0.00,0.56,0.88,1.15,1.39,1.61,1.82,2.03,2.22,2.41,2.60,2.79,2.97,3.15,3.33,3.50,3.68,3.85,4.04
Canzone, Dominic,686527,SEA,136,DH,25,L,0.00,0.56,0.87,1.14,1.38,1.60,1.81,2.01,2.20,2.39,2.57,2.75,2.93,3.12,3.29,3.47,3.66,3.84,4.04
Caratini, Victor,605170,MIL,158,C,29,L,0.00,0.54,0.86,1.14,1.39,1.63,1.85,2.07,2.28,2.49,2.68,2.88,3.08,3.27,3.47,3.67,3.88,4.10,4.34
Carlson, Dylan,666185,STL,138,CF,24,L,0.00,0.55,0.86,1.12,1.36,1.58,1.79,1.99,2.19,2.38,2.56,2.74,2.92,3.10,3.28,3.45,3.62,3.80,4.00
Carlson, Dylan,666185,STL,138,CF,24,R,0.00,0.58,0.89,1.17,1.41,1.64,1.85,2.05,2.25,2.44,2.63,2.81,2.99,3.17,3.35,3.53,3.70,3.88,4.07
Carpenter, Kerry,681481,DET,116,RF,25,L,0.00,0.55,0.85,1.11,1.34,1.56,1.76,1.96,2.15,2.34,2.52,2.70,2.88,3.05,3.22,3.40,3.57,3.75,3.94
Carpenter, Matt,572761,SD,135,DH,37,L,0.00,0.57,0.89,1.17,1.42,1.65,1.87,2.09,2.30,2.50,2.69,2.89,3.08,3.27,3.47,3.66,3.86,4.07,4.31
Carroll, Corbin,682998,AZ,109,LF,22,L,0.00,0.52,0.80,1.04,1.26,1.47,1.66,1.84,2.02,2.20,2.37,2.54,2.70,2.87,3.03,3.19,3.35,3.52,3.69
Casas, Triston,671213,BOS,111,1B,23,L,0.00,0.54,0.86,1.14,1.39,1.62,1.85,2.06,2.27,2.47,2.67,2.87,3.07,3.26,3.46,3.65,3.85,4.05,4.26
Castellanos, Nick,592206,PHI,143,RF,31,R,0.00,0.56,0.88,1.15,1.40,1.63,1.85,2.05,2.25,2.45,2.64,2.83,3.01,3.19,3.38,3.55,3.74,3.92,4.11
Castro, Harold,605612,COL,115,2B,29,L,0.00,0.54,0.86,1.12,1.36,1.59,1.80,2.00,2.20,2.39,2.58,2.77,2.95,3.13,3.31,3.50,3.69,3.90,4.12
Castro, Rodolfo,666801,PHI,143,SS,24,L,0.00,0.52,0.83,1.09,1.33,1.56,1.76,1.97,2.16,2.36,2.54,2.73,2.91,3.09,3.27,3.45,3.63,3.81,4.01
Castro, Rodolfo,666801,PHI,143,SS,24,R,0.00,0.56,0.89,1.16,1.41,1.64,1.85,2.06,2.25,2.45,2.63,2.82,3.00,3.18,3.36,3.53,3.71,3.89,4.08
Castro, Willi,650489,MIN,142,LF,26,L,0.00,0.54,0.84,1.10,1.33,1.54,1.75,1.94,2.13,2.31,2.49,2.67,2.84,3.02,3.19,3.36,3.54,3.71,3.89
Castro, Willi,650489,MIN,142,LF,26,R,0.00,0.57,0.89,1.15,1.39,1.60,1.81,2.01,2.20,2.38,2.56,2.74,2.92,3.09,3.26,3.43,3.60,3.77,3.94
Cave, Jake,595909,PHI,143,LF,30,L,0.00,0.53,0.83,1.08,1.32,1.54,1.75,1.94,2.14,2.33,2.51,2.70,2.88,3.06,3.24,3.42,3.60,3.78,3.97
Chang, Yu,644374,BOS,111,SS,27,R,0.00,0.56,0.87,1.14,1.38,1.60,1.81,2.01,2.20,2.39,2.57,2.75,2.93,3.11,3.29,3.46,3.63,3.81,3.99
Chapman, Matt,656305,TOR,141,3B,30,R,0.00,0.55,0.87,1.14,1.37,1.59,1.80,2.00,2.19,2.38,2.56,2.74,2.92,3.09,3.26,3.43,3.60,3.78,3.95
Chavis, Michael,656308,WSH,120,2B,27,R,0.00,0.56,0.87,1.13,1.36,1.58,1.79,1.99,2.18,2.37,2.55,2.73,2.91,3.08,3.25,3.43,3.60,3.77,3.94
Chisholm Jr., Jazz,665862,MIA,146,CF,25,L,0.00,0.54,0.83,1.08,1.31,1.52,1.72,1.92,2.11,2.29,2.47,2.64,2.81,2.98,3.15,3.32,3.49,3.67,3.87
Choi, Ji Man,596847,SD,135,DH,32,L,0.00,0.55,0.87,1.15,1.40,1.64,1.86,2.07,2.28,2.49,2.69,2.88,3.08,3.28,3.48,3.67,3.88,4.11,4.34
Clemens, Kody,665019,PHI,143,1B,27,L,0.00,0.56,0.86,1.12,1.36,1.58,1.79,1.99,2.18,2.37,2.55,2.74,2.92,3.09,3.27,3.45,3.62,3.80,3.98
Colás, Oscar,693049,CWS,145,RF,24,L,0.00,0.54,0.85,1.12,1.36,1.58,1.79,2.00,2.19,2.38,2.57,2.76,2.94,3.12,3.30,3.47,3.66,3.84,4.03
Conforto, Michael,624424,SF,137,RF,30,L,0.00,0.53,0.85,1.11,1.35,1.58,1.80,2.00,2.21,2.40,2.60,2.79,2.98,3.16,3.35,3.53,3.72,3.91,4.12
Contreras, William,661388,MIL,158,C,25,R,0.00,0.56,0.89,1.16,1.41,1.64,1.85,2.06,2.26,2.45,2.65,2.83,3.02,3.20,3.38,3.57,3.75,3.93,4.12
Contreras, Willson,575929,STL,138,C,31,R,0.00,0.56,0.88,1.14,1.39,1.61,1.82,2.03,2.23,2.42,2.61,2.80,2.98,3.17,3.35,3.53,3.70,3.89,4.08
Cooper, Garrett,643265,SD,135,1B,32,R,0.00,0.59,0.92,1.20,1.45,1.69,1.90,2.12,2.31,2.51,2.71,2.89,3.08,3.26,3.45,3.63,3.81,4.00,4.19
Cordero, Franchy,614173,NYY,147,RF,28,L,0.00,0.55,0.86,1.13,1.36,1.59,1.79,1.99,2.19,2.38,2.56,2.75,2.93,3.11,3.28,3.46,3.65,3.84,4.04
Correa, Carlos,621043,MIN,142,SS,28,R,0.00,0.56,0.88,1.16,1.40,1.62,1.84,2.04,2.24,2.43,2.62,2.80,2.99,3.17,3.35,3.53,3.71,3.90,4.09
Cowser, Colton,681297,BAL,110,CF,23,L,0.00,0.53,0.82,1.08,1.31,1.52,1.72,1.92,2.11,2.30,2.48,2.66,2.83,3.01,3.18,3.36,3.53,3.72,3.91
Crawford, Brandon,543063,SF,137,SS,36,L,0.00,0.54,0.85,1.12,1.37,1.60,1.81,2.02,2.23,2.42,2.62,2.81,3.00,3.19,3.38,3.57,3.76,3.95,4.16
Crawford, J.P.,641487,SEA,136,SS,28,L,0.00,0.55,0.86,1.12,1.36,1.59,1.80,2.01,2.20,2.40,2.59,2.77,2.96,3.14,3.32,3.50,3.68,3.87,4.07
Cron, C.J.,543068,LAA,108,1B,33,R,0.00,0.59,0.94,1.23,1.49,1.73,1.95,2.17,2.39,2.59,2.80,3.00,3.19,3.39,3.58,3.78,3.98,4.18,4.40
Cronenworth, Jake,630105,SD,135,1B,29,L,0.00,0.54,0.84,1.10,1.33,1.54,1.75,1.94,2.13,2.32,2.50,2.68,2.85,3.03,3.20,3.37,3.54,3.72,3.91
Cruz, Nelson,443558,SD,135,DH,42,R,0.00,0.57,0.91,1.19,1.45,1.69,1.92,2.14,2.35,2.56,2.76,2.96,3.16,3.36,3.55,3.75,3.95,4.15,4.37
Davis, Henry,680779,PIT,134,RF,23,R,0.00,0.56,0.88,1.14,1.38,1.60,1.81,2.01,2.20,2.39,2.58,2.76,2.94,3.12,3.29,3.47,3.64,3.81,3.99
Davis, J.D.,605204,SF,137,3B,30,R,0.00,0.55,0.87,1.14,1.39,1.62,1.84,2.05,2.25,2.45,2.65,2.84,3.03,3.21,3.40,3.58,3.77,3.95,4.15
Davis, Jonathan,641505,MIA,146,CF,31,R,0.00,0.56,0.87,1.13,1.36,1.57,1.78,1.98,2.17,2.35,2.53,2.70,2.88,3.05,3.22,3.39,3.56,3.73,3.91
Daza, Yonathan,602074,COL,115,CF,29,R,0.00,0.56,0.89,1.16,1.40,1.63,1.84,2.05,2.25,2.44,2.63,2.81,2.99,3.17,3.35,3.53,3.70,3.87,4.05
De La Cruz, Bryan,650559,MIA,146,LF,26,R,0.00,0.56,0.88,1.15,1.39,1.61,1.82,2.02,2.21,2.40,2.59,2.77,2.95,3.13,3.30,3.48,3.65,3.83,4.02
De La Cruz, Elly,682829,CIN,113,SS,21,R,0.00,0.55,0.86,1.11,1.33,1.54,1.74,1.92,2.11,2.28,2.46,2.62,2.79,2.95,3.11,3.26,3.42,3.58,3.74
De La Cruz, Elly,682829,CIN,113,SS,21,L,0.00,0.52,0.81,1.05,1.27,1.48,1.67,1.85,2.03,2.21,2.38,2.54,2.71,2.87,3.02,3.18,3.34,3.50,3.67
DeJong, Paul,657557,SF,137,SS,29,R,0.00,0.56,0.89,1.16,1.40,1.63,1.85,2.05,2.25,2.45,2.64,2.83,3.02,3.20,3.38,3.57,3.75,3.94,4.13
Delay, Jason,641511,PIT,134,C,28,R,0.00,0.57,0.90,1.17,1.42,1.65,1.86,2.07,2.28,2.47,2.67,2.86,3.04,3.23,3.41,3.59,3.78,3.96,4.15
Deluca, Jonny,676356,LAD,119,CF,24,R,0.00,0.54,0.85,1.10,1.33,1.54,1.74,1.93,2.11,2.29,2.47,2.64,2.81,2.97,3.14,3.30,3.47,3.63,3.80
Devers, Rafael,646240,BOS,111,3B,26,L,0.00,0.55,0.88,1.15,1.39,1.62,1.84,2.05,2.25,2.45,2.64,2.83,3.02,3.21,3.40,3.59,3.79,4.00,4.21
Diaz, Jordan,672478,OAK,133,2B,22,R,0.00,0.57,0.91,1.19,1.44,1.67,1.89,2.10,2.31,2.51,2.70,2.89,3.08,3.26,3.45,3.64,3.83,4.02,4.22
Diaz, Yainer,673237,HOU,117,C,24,R,0.00,0.56,0.88,1.15,1.39,1.61,1.82,2.02,2.22,2.41,2.59,2.78,2.96,3.13,3.31,3.48,3.66,3.83,4.01
Dickerson, Corey,572816,WSH,120,LF,34,L,0.00,0.55,0.85,1.11,1.35,1.57,1.79,1.99,2.19,2.39,2.57,2.76,2.95,3.13,3.31,3.50,3.68,3.87,4.07
Dixon, Brandon,641525,SD,135,1B,31,R,0.00,0.56,0.89,1.16,1.39,1.61,1.82,2.02,2.21,2.39,2.57,2.75,2.93,3.10,3.27,3.44,3.61,3.78,3.95
Donaldson, Josh,518626,NYY,147,3B,37,R,0.00,0.55,0.90,1.18,1.43,1.67,1.90,2.12,2.33,2.54,2.74,2.95,3.14,3.34,3.54,3.74,3.94,4.15,4.37
Donovan, Brendan,680977,STL,138,2B,26,L,0.00,0.54,0.85,1.12,1.36,1.58,1.79,2.00,2.19,2.39,2.58,2.76,2.94,3.12,3.30,3.48,3.66,3.84,4.03
Doyle, Brenton,686668,COL,115,CF,25,R,0.00,0.54,0.85,1.10,1.32,1.53,1.73,1.92,2.10,2.28,2.45,2.62,2.79,2.96,3.12,3.28,3.44,3.60,3.77
Dozier, Hunter,641531,KC,118,3B,31,R,0.00,0.55,0.88,1.15,1.39,1.61,1.82,2.03,2.22,2.41,2.60,2.78,2.96,3.14,3.32,3.50,3.67,3.84,4.02
Drury, Brandon,592273,LAA,108,2B,30,R,0.00,0.57,0.90,1.17,1.42,1.65,1.86,2.07,2.27,2.46,2.65,2.84,3.02,3.21,3.39,3.57,3.75,3.93,4.12
Dubón, Mauricio,643289,HOU,117,2B,28,R,0.00,0.54,0.85,1.11,1.35,1.56,1.77,1.96,2.16,2.34,2.52,2.70,2.88,3.05,3.22,3.39,3.57,3.74,3.92
Duffy, Matt,622110,KC,118,3B,32,R,0.00,0.56,0.89,1.16,1.41,1.63,1.85,2.05,2.26,2.45,2.64,2.83,3.01,3.19,3.37,3.55,3.73,3.92,4.11
Duran, Ezequiel,677649,TEX,140,SS,24,R,0.00,0.56,0.87,1.13,1.36,1.58,1.78,1.98,2.17,2.35,2.53,2.71,2.88,3.05,3.22,3.39,3.56,3.72,3.90
Duran, Jarren,680776,BOS,111,CF,26,L,0.00,0.53,0.82,1.07,1.30,1.51,1.71,1.90,2.08,2.26,2.44,2.61,2.78,2.95,3.11,3.28,3.44,3.62,3.80
Duvall, Adam,594807,BOS,111,CF,34,R,0.00,0.56,0.88,1.14,1.38,1.61,1.82,2.02,2.21,2.40,2.59,2.77,2.95,3.13,3.31,3.49,3.66,3.84,4.02
Díaz, Aledmys,649557,OAK,133,SS,32,R,0.00,0.57,0.90,1.17,1.42,1.65,1.86,2.07,2.27,2.46,2.65,2.84,3.02,3.21,3.39,3.57,3.75,3.94,4.13
Díaz, Elias,553869,COL,115,C,32,R,0.00,0.58,0.93,1.21,1.47,1.71,1.93,2.15,2.36,2.56,2.77,2.96,3.16,3.35,3.54,3.74,3.93,4.14,4.35
Díaz, Yandy,650490,TB,139,1B,31,R,0.00,0.57,0.90,1.18,1.42,1.65,1.87,2.08,2.27,2.47,2.66,2.84,3.03,3.20,3.39,3.56,3.74,3.93,4.13
Eaton, Nate,681987,KC,118,LF,26,R,0.00,0.56,0.87,1.13,1.37,1.58,1.79,1.98,2.17,2.35,2.53,2.70,2.87,3.05,3.22,3.38,3.55,3.72,3.89
Edman, Tommy,669242,STL,138,SS,28,L,0.00,0.53,0.82,1.08,1.30,1.52,1.72,1.92,2.11,2.29,2.47,2.65,2.82,2.99,3.16,3.33,3.50,3.68,3.87
Edman, Tommy,669242,STL,138,SS,28,R,0.00,0.55,0.86,1.12,1.35,1.57,1.77,1.97,2.16,2.34,2.52,2.70,2.87,3.04,3.21,3.38,3.55,3.72,3.90
Encarnacion-Strand, Christian,687952,CIN,113,DH,23,R,0.00,0.55,0.88,1.15,1.39,1.62,1.83,2.04,2.24,2.43,2.62,2.81,3.00,3.18,3.36,3.54,3.72,3.90,4.09
Escobar, Eduardo,500871,LAA,108,3B,34,L,0.00,0.54,0.85,1.11,1.35,1.58,1.79,2.00,2.19,2.39,2.58,2.76,2.95,3.13,3.31,3.49,3.67,3.86,4.07
Escobar, Eduardo,500871,LAA,108,3B,34,R,0.00,0.56,0.88,1.15,1.40,1.62,1.84,2.04,2.24,2.43,2.62,2.80,2.99,3.17,3.34,3.52,3.70,3.88,4.06
Espinal, Santiago,669289,TOR,141,2B,28,R,0.00,0.56,0.88,1.14,1.38,1.61,1.82,2.03,2.23,2.42,2.61,2.80,2.98,3.16,3.34,3.53,3.71,3.89,4.09
Estrada, Thairo,642731,SF,137,2B,27,R,0.00,0.56,0.87,1.13,1.37,1.59,1.80,2.00,2.19,2.38,2.56,2.74,2.92,3.09,3.26,3.44,3.61,3.78,3.96
Fairchild, Stuart,656413,CIN,113,LF,27,R,0.00,0.54,0.84,1.10,1.33,1.54,1.75,1.94,2.13,2.31,2.50,2.67,2.85,3.02,3.19,3.36,3.53,3.69,3.87
Farmer, Kyle,571657,MIN,142,3B,32,R,0.00,0.57,0.91,1.19,1.43,1.66,1.88,2.09,2.29,2.49,2.68,2.86,3.05,3.23,3.42,3.60,3.78,3.97,4.17
Fermin, Freddy,666023,KC,118,C,28,R,0.00,0.56,0.88,1.15,1.39,1.61,1.82,2.02,2.21,2.40,2.59,2.77,2.95,3.13,3.31,3.49,3.66,3.84,4.03
Fletcher, David,664058,LAA,108,SS,29,R,0.00,0.58,0.91,1.18,1.43,1.66,1.87,2.08,2.28,2.47,2.67,2.85,3.03,3.21,3.40,3.58,3.76,3.95,4.15
Fletcher, Dominic,666150,AZ,109,CF,25,L,0.00,0.54,0.84,1.10,1.35,1.57,1.79,1.99,2.19,2.39,2.58,2.77,2.96,3.14,3.32,3.50,3.69,3.88,4.08
Flores, Wilmer,527038,SF,137,1B,31,R,0.00,0.58,0.93,1.22,1.47,1.72,1.95,2.18,2.39,2.61,2.82,3.02,3.22,3.42,3.63,3.83,4.03,4.23,4.45
Ford, Mike,645801,SEA,136,DH,30,L,0.00,0.56,0.90,1.19,1.45,1.70,1.93,2.15,2.37,2.57,2.78,2.98,3.18,3.38,3.57,3.77,3.97,4.18,4.40
Fortes, Nick,663743,MIA,146,C,26,R,0.00,0.57,0.90,1.18,1.42,1.65,1.86,2.06,2.26,2.45,2.64,2.82,3.00,3.18,3.36,3.53,3.71,3.89,4.07
Fraley, Jake,641584,CIN,113,RF,28,L,0.00,0.53,0.81,1.07,1.29,1.51,1.71,1.91,2.09,2.28,2.46,2.64,2.81,2.98,3.15,3.32,3.49,3.67,3.86
France, Ty,664034,SEA,136,1B,28,R,0.00,0.55,0.89,1.18,1.44,1.68,1.91,2.13,2.34,2.55,2.75,2.95,3.15,3.35,3.54,3.74,3.93,4.14,4.36
Franco, Wander,677551,TB,139,SS,22,L,0.00,0.55,0.85,1.11,1.35,1.56,1.77,1.97,2.16,2.35,2.53,2.71,2.89,3.06,3.23,3.41,3.58,3.76,3.96
Franco, Wander,677551,TB,139,SS,22,R,0.00,0.55,0.87,1.14,1.37,1.60,1.81,2.01,2.20,2.39,2.57,2.76,2.94,3.12,3.30,3.48,3.67,3.87,4.09
Frazier, Adam,624428,BAL,110,2B,31,L,0.00,0.53,0.84,1.11,1.36,1.59,1.80,2.01,2.21,2.41,2.60,2.80,2.99,3.17,3.36,3.55,3.74,3.94,4.15
Frazier, Clint,640449,CWS,145,RF,28,R,0.00,0.55,0.87,1.13,1.37,1.59,1.80,2.00,2.20,2.39,2.57,2.76,2.94,3.12,3.30,3.48,3.66,3.85,4.04
Freeman, Freddie,518692,LAD,119,1B,33,L,0.00,0.54,0.85,1.12,1.36,1.59,1.80,2.01,2.21,2.40,2.59,2.78,2.96,3.15,3.33,3.51,3.69,3.88,4.09
Freeman, Tyler,671289,CLE,114,3B,24,R,0.00,0.55,0.85,1.11,1.34,1.56,1.76,1.96,2.15,2.34,2.52,2.70,2.87,3.04,3.21,3.39,3.56,3.72,3.91
Frelick, Sal,686217,MIL,158,RF,23,L,0.00,0.51,0.80,1.05,1.27,1.49,1.68,1.88,2.06,2.24,2.41,2.59,2.76,2.92,3.09,3.25,3.41,3.58,3.76
Friedl, TJ,670770,CIN,113,CF,27,L,0.00,0.53,0.82,1.07,1.29,1.50,1.70,1.90,2.08,2.27,2.45,2.62,2.79,2.96,3.14,3.31,3.48,3.66,3.84
Fry, David,681807,CLE,114,C,27,R,0.00,0.56,0.89,1.17,1.42,1.65,1.87,2.08,2.28,2.48,2.68,2.87,3.06,3.24,3.42,3.61,3.79,3.97,4.16
Gallagher, Cam,595956,CLE,114,C,30,R,0.00,0.57,0.92,1.20,1.46,1.70,1.92,2.14,2.35,2.56,2.76,2.96,3.15,3.35,3.54,3.74,3.94,4.14,4.36
Gallo, Joey,608336,MIN,142,LF,29,L,0.00,0.55,0.86,1.13,1.37,1.60,1.81,2.02,2.22,2.42,2.61,2.80,2.99,3.17,3.36,3.54,3.73,3.92,4.12
Garcia, Maikel,672580,KC,118,3B,23,R,0.00,0.55,0.86,1.12,1.35,1.57,1.78,1.97,2.16,2.35,2.53,2.71,2.88,3.06,3.23,3.40,3.58,3.75,3.94
García, Adolis,666969,TEX,140,RF,30,R,0.00,0.55,0.86,1.12,1.36,1.57,1.78,1.98,2.17,2.36,2.54,2.72,2.89,3.07,3.24,3.42,3.59,3.77,3.95
García, Avisaíl,541645,MIA,146,RF,32,R,0.00,0.58,0.91,1.18,1.42,1.64,1.85,2.06,2.25,2.43,2.61,2.79,2.97,3.14,3.31,3.48,3.65,3.82,4.00
García, Luis,671277,WSH,120,2B,23,L,0.00,0.55,0.86,1.12,1.36,1.58,1.79,1.99,2.19,2.38,2.56,2.75,2.93,3.10,3.28,3.46,3.64,3.83,4.05
Garrett, Stone,656448,WSH,120,LF,27,R,0.00,0.55,0.86,1.12,1.35,1.57,1.77,1.97,2.16,2.35,2.53,2.70,2.88,3.05,3.22,3.39,3.56,3.73,3.90
Garver, Mitch,641598,TEX,140,DH,32,R,0.00,0.55,0.87,1.15,1.40,1.63,1.85,2.06,2.27,2.47,2.67,2.86,3.05,3.24,3.42,3.61,3.79,3.98,4.18
Gelof, Zack,680869,OAK,133,2B,23,R,0.00,0.55,0.86,1.12,1.35,1.57,1.77,1.97,2.15,2.33,2.51,2.69,2.86,3.03,3.20,3.37,3.54,3.71,3.89
Giménez, Andrés,665926,CLE,114,2B,24,L,0.00,0.54,0.84,1.10,1.32,1.54,1.74,1.93,2.12,2.30,2.47,2.65,2.82,2.99,3.15,3.32,3.48,3.66,3.88
Goldschmidt, Paul,502671,STL,138,1B,35,R,0.00,0.56,0.88,1.15,1.39,1.62,1.84,2.04,2.24,2.44,2.63,2.82,3.00,3.19,3.37,3.55,3.73,3.91,4.10
Gomes, Yan,543228,CHC,112,C,35,R,0.00,0.57,0.91,1.19,1.44,1.68,1.90,2.12,2.33,2.53,2.73,2.92,3.11,3.30,3.49,3.68,3.86,4.05,4.26
Gonzales, Nick,693304,PIT,134,2B,24,R,0.00,0.55,0.86,1.12,1.35,1.57,1.77,1.97,2.16,2.35,2.53,2.70,2.88,3.05,3.22,3.39,3.55,3.72,3.90
Gonzalez, Oscar,660757,CLE,114,RF,25,R,0.00,0.59,0.92,1.20,1.45,1.68,1.89,2.10,2.30,2.49,2.67,2.86,3.04,3.21,3.39,3.56,3.74,3.91,4.09
Gonzalez, Romy,663853,CWS,145,2B,26,R,0.00,0.54,0.85,1.10,1.34,1.55,1.76,1.95,2.14,2.33,2.51,2.68,2.86,3.03,3.20,3.37,3.53,3.70,3.87
Gordon, Nick,624503,MIN,142,CF,27,L,0.00,0.54,0.84,1.09,1.33,1.54,1.75,1.95,2.14,2.33,2.52,2.70,2.88,3.05,3.23,3.40,3.58,3.76,3.95
Gorman, Nolan,669357,STL,138,2B,23,L,0.00,0.56,0.88,1.15,1.40,1.62,1.84,2.05,2.25,2.45,2.64,2.82,3.01,3.19,3.38,3.56,3.74,3.93,4.14
Grandal, Yasmani,518735,CWS,145,C,34,L,0.00,0.56,0.90,1.19,1.46,1.72,1.96,2.20,2.42,2.65,2.87,3.08,3.30,3.51,3.73,3.94,4.17,4.43,4.70
Greene, Riley,682985,DET,116,CF,22,L,0.00,0.53,0.83,1.08,1.31,1.53,1.73,1.93,2.12,2.30,2.48,2.66,2.83,3.00,3.17,3.34,3.51,3.69,3.88
Grichuk, Randal,545341,LAA,108,LF,31,R,0.00,0.55,0.87,1.13,1.37,1.59,1.81,2.01,2.21,2.40,2.59,2.77,2.96,3.14,3.32,3.49,3.67,3.86,4.05
Grisham, Trent,663757,SD,135,CF,26,L,0.00,0.54,0.83,1.09,1.32,1.53,1.73,1.93,2.12,2.30,2.48,2.66,2.83,3.01,3.18,3.35,3.53,3.70,3.89
Grissom, Vaughn,687093,ATL,144,SS,22,R,0.00,0.56,0.88,1.15,1.39,1.61,1.82,2.02,2.22,2.41,2.59,2.78,2.95,3.13,3.31,3.48,3.66,3.84,4.03
Grossman, Robbie,543257,TEX,140,DH,33,R,0.00,0.57,0.89,1.16,1.40,1.62,1.83,2.03,2.23,2.42,2.60,2.79,2.97,3.15,3.32,3.50,3.68,3.86,4.04
Grossman, Robbie,543257,TEX,140,DH,33,L,0.00,0.53,0.83,1.09,1.33,1.55,1.75,1.95,2.15,2.33,2.52,2.70,2.88,3.06,3.23,3.41,3.59,3.76,3.95
Guerrero Jr., Vladimir,665489,TOR,141,1B,24,R,0.00,0.57,0.91,1.18,1.43,1.66,1.88,2.09,2.29,2.48,2.67,2.86,3.04,3.22,3.40,3.58,3.76,3.94,4.13
Guillorme, Luis,641645,NYM,121,2B,28,L,0.00,0.56,0.89,1.16,1.42,1.65,1.87,2.08,2.29,2.49,2.69,2.88,3.07,3.26,3.45,3.63,3.81,4.00,4.21
Gurriel Jr., Lourdes,666971,AZ,109,LF,29,R,0.00,0.57,0.89,1.16,1.41,1.63,1.85,2.05,2.25,2.44,2.63,2.82,3.01,3.19,3.37,3.55,3.74,3.92,4.12
Gurriel, Yuli,493329,MIA,146,1B,39,R,0.00,0.57,0.90,1.18,1.42,1.65,1.86,2.07,2.27,2.46,2.65,2.83,3.01,3.19,3.37,3.54,3.72,3.90,4.09
Haase, Eric,606992,CLE,114,C,30,R,0.00,0.56,0.87,1.14,1.38,1.60,1.81,2.02,2.21,2.40,2.59,2.77,2.95,3.13,3.31,3.48,3.66,3.84,4.02
Hampson, Garrett,641658,MIA,146,CF,28,R,0.00,0.56,0.87,1.13,1.36,1.57,1.78,1.97,2.15,2.33,2.51,2.68,2.85,3.01,3.18,3.34,3.51,3.67,3.84
Haniger, Mitch,571745,SF,137,LF,32,R,0.00,0.56,0.89,1.16,1.40,1.63,1.85,2.06,2.26,2.45,2.65,2.84,3.02,3.21,3.39,3.58,3.76,3.95,4.15
Happ, Ian,664023,CHC,112,LF,28,L,0.00,0.55,0.85,1.11,1.35,1.57,1.78,1.98,2.17,2.36,2.54,2.72,2.90,3.08,3.25,3.43,3.60,3.78,3.96
Happ, Ian,664023,CHC,112,LF,28,R,0.00,0.57,0.90,1.16,1.41,1.63,1.84,2.04,2.24,2.43,2.61,2.79,2.97,3.14,3.32,3.49,3.67,3.84,4.02
Harper, Bryce,547180,PHI,143,DH,30,L,0.00,0.54,0.86,1.12,1.35,1.58,1.78,1.99,2.18,2.37,2.55,2.74,2.92,3.10,3.28,3.45,3.63,3.82,4.03
Harris II, Michael,671739,ATL,144,CF,22,L,0.00,0.53,0.83,1.08,1.30,1.52,1.72,1.91,2.10,2.28,2.46,2.63,2.80,2.97,3.14,3.31,3.48,3.65,3.84
Harrison, Josh,543281,PHI,143,2B,35,R,0.00,0.56,0.88,1.15,1.39,1.62,1.83,2.04,2.24,2.43,2.62,2.81,3.00,3.18,3.37,3.55,3.74,3.93,4.15
Haseley, Adam,656514,CWS,145,RF,27,L,0.00,0.52,0.82,1.08,1.31,1.53,1.73,1.93,2.12,2.31,2.49,2.67,2.85,3.02,3.20,3.37,3.54,3.71,3.90
Hayes, Ke'Bryan,663647,PIT,134,3B,26,R,0.00,0.57,0.90,1.16,1.40,1.63,1.84,2.04,2.24,2.43,2.62,2.80,2.99,3.17,3.35,3.53,3.71,3.90,4.10
Hays, Austin,669720,BAL,110,LF,27,R,0.00,0.56,0.87,1.14,1.38,1.60,1.81,2.01,2.21,2.40,2.58,2.77,2.95,3.13,3.31,3.49,3.66,3.84,4.03
Hedges, Austin,595978,TEX,140,C,30,R,0.00,0.59,0.93,1.22,1.48,1.72,1.95,2.18,2.39,2.60,2.81,3.01,3.21,3.41,3.61,3.80,4.00,4.21,4.42
Heim, Jonah,641680,TEX,140,C,28,R,0.00,0.56,0.89,1.16,1.41,1.65,1.87,2.08,2.29,2.49,2.68,2.87,3.06,3.25,3.43,3.62,3.80,3.98,4.18
Heim, Jonah,641680,TEX,140,C,28,L,0.00,0.55,0.88,1.16,1.41,1.65,1.86,2.08,2.28,2.48,2.68,2.87,3.06,3.25,3.44,3.63,3.82,4.02,4.23
Henderson, Gunnar,683002,BAL,110,3B,22,L,0.00,0.53,0.83,1.09,1.32,1.54,1.74,1.93,2.12,2.30,2.48,2.66,2.83,3.00,3.17,3.34,3.50,3.68,3.87
Hensley, David,682073,HOU,117,DH,27,R,0.00,0.56,0.88,1.14,1.39,1.61,1.83,2.03,2.23,2.42,2.61,2.79,2.97,3.15,3.33,3.51,3.69,3.86,4.05
Hernández, Enrique,571771,LAD,119,SS,31,R,0.00,0.56,0.90,1.17,1.42,1.65,1.86,2.07,2.27,2.47,2.66,2.85,3.04,3.22,3.41,3.59,3.78,3.96,4.17
Hernández, Teoscar,606192,SEA,136,RF,30,R,0.00,0.58,0.91,1.17,1.41,1.63,1.83,2.03,2.22,2.41,2.59,2.77,2.94,3.12,3.29,3.46,3.63,3.80,3.98
Heyward, Jason,518792,LAD,119,RF,33,L,0.00,0.53,0.84,1.10,1.33,1.56,1.77,1.97,2.17,2.36,2.55,2.73,2.91,3.09,3.27,3.46,3.64,3.82,4.02
Hicks, Aaron,543305,BAL,110,CF,33,L,0.00,0.55,0.86,1.12,1.36,1.58,1.79,1.99,2.19,2.38,2.56,2.74,2.92,3.10,3.27,3.45,3.64,3.83,4.04
Hicks, Aaron,543305,BAL,110,CF,33,R,0.00,0.59,0.91,1.17,1.42,1.64,1.85,2.05,2.24,2.43,2.62,2.80,2.97,3.15,3.32,3.49,3.66,3.83,4.01
Higashioka, Kyle,543309,NYY,147,C,33,R,0.00,0.57,0.90,1.17,1.42,1.66,1.88,2.10,2.31,2.52,2.72,2.92,3.11,3.31,3.50,3.70,3.90,4.10,4.31
Hill, Derek,656537,WSH,120,CF,27,R,0.00,0.54,0.85,1.11,1.34,1.55,1.75,1.94,2.13,2.31,2.49,2.66,2.83,3.00,3.16,3.33,3.49,3.66,3.83
Hoerner, Nico,663538,CHC,112,2B,26,R,0.00,0.55,0.86,1.12,1.35,1.57,1.78,1.98,2.17,2.35,2.53,2.71,2.89,3.06,3.23,3.40,3.57,3.75,3.92
Hopkins, TJ,686759,CIN,113,RF,26,R,0.00,0.54,0.85,1.11,1.34,1.55,1.75,1.95,2.13,2.31,2.49,2.67,2.84,3.01,3.18,3.35,3.52,3.69,3.86
Hosmer, Eric,543333,CHC,112,1B,33,L,0.00,0.57,0.91,1.19,1.45,1.69,1.91,2.13,2.34,2.55,2.75,2.95,3.15,3.34,3.54,3.74,3.94,4.15,4.37
Ibáñez, Andy,628451,DET,116,2B,30,R,0.00,0.55,0.87,1.14,1.38,1.60,1.82,2.02,2.22,2.41,2.60,2.78,2.97,3.15,3.33,3.51,3.69,3.87,4.06
India, Jonathan,663697,CIN,113,2B,26,R,0.00,0.58,0.91,1.18,1.42,1.65,1.86,2.06,2.26,2.44,2.63,2.81,2.99,3.17,3.34,3.51,3.69,3.86,4.05
Isbel, Kyle,664728,KC,118,CF,26,L,0.00,0.54,0.83,1.09,1.31,1.53,1.73,1.92,2.11,2.30,2.48,2.66,2.83,3.01,3.18,3.36,3.54,3.73,3.93
Jankowski, Travis,608671,TEX,140,LF,32,L,0.00,0.53,0.81,1.06,1.28,1.49,1.68,1.87,2.05,2.23,2.40,2.57,2.74,2.91,3.07,3.24,3.41,3.58,3.77
Jansen, Danny,643376,TOR,141,C,28,R,0.00,0.56,0.90,1.17,1.42,1.65,1.86,2.07,2.27,2.46,2.66,2.84,3.03,3.21,3.39,3.57,3.75,3.93,4.12
Jeffers, Ryan,680777,MIN,142,C,26,R,0.00,0.53,0.85,1.12,1.36,1.59,1.81,2.01,2.21,2.41,2.60,2.79,2.97,3.16,3.34,3.53,3.71,3.90,4.09
Jiménez, Eloy,650391,CWS,145,DH,26,R,0.00,0.57,0.91,1.19,1.43,1.66,1.88,2.09,2.29,2.48,2.67,2.86,3.04,3.22,3.40,3.58,3.76,3.94,4.13
Joe, Connor,656582,PIT,134,RF,30,R,0.00,0.58,0.91,1.18,1.42,1.65,1.87,2.07,2.27,2.46,2.65,2.84,3.02,3.21,3.39,3.56,3.74,3.93,4.12
Jones, Nolan,666134,COL,115,RF,25,L,0.00,0.54,0.84,1.10,1.33,1.54,1.75,1.94,2.13,2.32,2.50,2.67,2.85,3.02,3.19,3.36,3.54,3.72,3.92
Judge, Aaron,592450,NYY,147,RF,31,R,0.00,0.57,0.89,1.16,1.40,1.62,1.84,2.04,2.24,2.43,2.62,2.81,2.99,3.17,3.35,3.53,3.72,3.90,4.11
Julien, Edouard,666397,MIN,142,2B,24,L,0.00,0.54,0.85,1.11,1.34,1.56,1.77,1.97,2.17,2.35,2.54,2.72,2.90,3.07,3.25,3.42,3.59,3.77,3.95
Julks, Corey,667452,HOU,117,LF,27,R,0.00,0.54,0.85,1.12,1.35,1.57,1.77,1.97,2.16,2.35,2.53,2.70,2.88,3.05,3.22,3.39,3.56,3.74,3.91
Jung, Josh,673962,TEX,140,3B,25,R,0.00,0.56,0.89,1.16,1.41,1.64,1.86,2.07,2.28,2.47,2.66,2.85,3.04,3.23,3.41,3.59,3.77,3.96,4.16
Kelenic, Jarred,672284,SEA,136,LF,23,L,0.00,0.52,0.81,1.07,1.30,1.51,1.72,1.91,2.10,2.29,2.47,2.64,2.82,2.99,3.16,3.33,3.50,3.67,3.85
Kelly, Carson,608348,DET,116,C,28,R,0.00,0.56,0.90,1.19,1.44,1.68,1.90,2.11,2.32,2.53,2.72,2.92,3.11,3.30,3.49,3.68,3.87,4.06,4.27
Kemp, Tony,643393,OAK,133,2B,31,L,0.00,0.53,0.83,1.09,1.32,1.55,1.76,1.96,2.16,2.36,2.55,2.73,2.92,3.11,3.29,3.48,3.68,3.88,4.10
Kepler, Max,596146,MIN,142,RF,30,L,0.00,0.53,0.83,1.09,1.31,1.53,1.73,1.93,2.12,2.31,2.49,2.67,2.85,3.02,3.19,3.37,3.55,3.73,3.92
Kessinger, Grae,666197,HOU,117,SS,25,R,0.00,0.55,0.87,1.13,1.37,1.59,1.81,2.01,2.21,2.40,2.59,2.78,2.96,3.15,3.33,3.51,3.70,3.88,4.07
Kiermaier, Kevin,595281,TOR,141,CF,33,L,0.00,0.55,0.85,1.11,1.34,1.56,1.77,1.96,2.15,2.34,2.52,2.70,2.87,3.05,3.22,3.39,3.56,3.73,3.92
Kim, Ha-Seong,673490,SD,135,2B,27,R,0.00,0.56,0.89,1.15,1.39,1.61,1.82,2.03,2.22,2.41,2.60,2.77,2.95,3.13,3.30,3.47,3.65,3.82,4.00
Kiner-Falefa, Isiah,643396,NYY,147,LF,28,R,0.00,0.55,0.87,1.14,1.38,1.60,1.81,2.01,2.21,2.40,2.59,2.77,2.95,3.13,3.30,3.48,3.66,3.84,4.03
Kirilloff, Alex,666135,MIN,142,1B,25,L,0.00,0.55,0.87,1.14,1.38,1.60,1.82,2.02,2.22,2.41,2.59,2.78,2.96,3.14,3.32,3.50,3.68,3.86,4.04
Kirk, Alejandro,672386,TOR,141,C,24,R,0.00,0.58,0.94,1.23,1.50,1.74,1.98,2.21,2.43,2.64,2.85,3.06,3.27,3.47,3.68,3.89,4.10,4.32,4.56
Knizner, Andrew,668800,STL,138,C,28,R,0.00,0.55,0.88,1.16,1.41,1.65,1.87,2.08,2.29,2.50,2.70,2.89,3.08,3.28,3.46,3.65,3.84,4.03,4.22
Kwan, Steven,680757,CLE,114,LF,25,L,0.00,0.53,0.83,1.08,1.31,1.52,1.72,1.92,2.10,2.29,2.47,2.65,2.82,3.00,3.17,3.34,3.52,3.70,3.89
Langeliers, Shea,669127,OAK,133,C,25,R,0.00,0.55,0.87,1.14,1.38,1.60,1.81,2.02,2.21,2.40,2.58,2.77,2.94,3.12,3.30,3.47,3.64,3.81,3.99
Larnach, Trevor,663616,MIN,142,LF,26,L,0.00,0.52,0.82,1.08,1.31,1.53,1.74,1.94,2.14,2.33,2.52,2.70,2.88,3.06,3.23,3.41,3.59,3.77,3.96
Laureano, Ramón,657656,CLE,114,RF,28,R,0.00,0.53,0.83,1.10,1.33,1.55,1.76,1.96,2.16,2.35,2.53,2.71,2.89,3.06,3.24,3.41,3.59,3.76,3.95
LeMahieu, DJ,518934,NYY,147,3B,34,R,0.00,0.56,0.89,1.17,1.41,1.65,1.87,2.08,2.28,2.48,2.68,2.87,3.06,3.25,3.44,3.63,3.82,4.02,4.23
Lewis, Royce,668904,MIN,142,3B,24,R,0.00,0.58,0.89,1.16,1.39,1.61,1.82,2.02,2.21,2.40,2.58,2.76,2.94,3.11,3.28,3.46,3.63,3.80,3.99
Lindor, Francisco,596019,NYM,121,SS,29,R,0.00,0.56,0.88,1.15,1.38,1.60,1.81,2.01,2.21,2.39,2.58,2.76,2.93,3.11,3.28,3.46,3.63,3.80,3.98
Lindor, Francisco,596019,NYM,121,SS,29,L,0.00,0.53,0.83,1.09,1.32,1.54,1.74,1.94,2.13,2.32,2.50,2.68,2.86,3.03,3.21,3.38,3.56,3.74,3.93
Longoria, Evan,446334,AZ,109,3B,37,R,0.00,0.55,0.88,1.15,1.40,1.63,1.85,2.06,2.26,2.46,2.65,2.85,3.04,3.22,3.41,3.60,3.79,3.98,4.18
Lopez, Nicky,670032,ATL,144,2B,28,L,0.00,0.55,0.86,1.12,1.36,1.58,1.79,1.99,2.18,2.37,2.56,2.74,2.92,3.09,3.27,3.45,3.63,3.82,4.02
Lowe, Brandon,664040,TB,139,2B,28,L,0.00,0.53,0.83,1.09,1.32,1.54,1.74,1.94,2.13,2.31,2.50,2.67,2.85,3.03,3.20,3.37,3.55,3.73,3.93
Lowe, Josh,666139,TB,139,RF,25,L,0.00,0.54,0.83,1.09,1.31,1.53,1.73,1.92,2.11,2.29,2.47,2.65,2.82,2.99,3.16,3.32,3.49,3.66,3.84
Lowe, Nathaniel,663993,TEX,140,1B,27,L,0.00,0.53,0.84,1.10,1.34,1.56,1.77,1.98,2.17,2.36,2.55,2.73,2.91,3.09,3.27,3.45,3.62,3.80,3.99
Machado, Manny,592518,SD,135,3B,30,R,0.00,0.57,0.89,1.17,1.42,1.65,1.87,2.07,2.28,2.47,2.66,2.85,3.04,3.22,3.40,3.58,3.77,3.95,4.14
Madrigal, Nick,663611,CHC,112,3B,26,R,0.00,0.55,0.86,1.12,1.36,1.57,1.78,1.98,2.17,2.36,2.54,2.72,2.90,3.07,3.25,3.42,3.59,3.77,3.95
Maile, Luke,571912,CIN,113,C,32,R,0.00,0.55,0.87,1.15,1.39,1.62,1.84,2.05,2.25,2.45,2.65,2.84,3.03,3.22,3.40,3.59,3.78,3.97,4.16
Maldonado, Martín,455117,HOU,117,C,36,R,0.00,0.58,0.93,1.22,1.49,1.74,1.97,2.20,2.42,2.63,2.84,3.05,3.25,3.45,3.65,3.86,4.06,4.28,4.51
Mancini, Trey,641820,CHC,112,1B,31,R,0.00,0.56,0.90,1.19,1.44,1.68,1.91,2.12,2.34,2.54,2.74,2.94,3.14,3.33,3.53,3.72,3.92,4.11,4.32
Marcano, Tucupita,672779,PIT,134,SS,23,L,0.00,0.53,0.83,1.09,1.32,1.54,1.74,1.94,2.13,2.32,2.50,2.68,2.85,3.03,3.20,3.38,3.55,3.75,3.95
Margot, Manuel,622534,TB,139,CF,28,R,0.00,0.56,0.88,1.15,1.39,1.61,1.81,2.01,2.20,2.39,2.57,2.75,2.92,3.09,3.27,3.44,3.61,3.78,3.96
Marisnick, Jake,545350,LAD,119,CF,32,R,0.00,0.57,0.88,1.15,1.38,1.60,1.81,2.01,2.20,2.39,2.57,2.75,2.92,3.10,3.27,3.44,3.61,3.78,3.95
Marsh, Brandon,669016,PHI,143,CF,25,L,0.00,0.54,0.83,1.09,1.31,1.53,1.73,1.93,2.11,2.30,2.47,2.65,2.83,2.99,3.17,3.33,3.50,3.67,3.85
Marte, Ketel,606466,AZ,109,2B,29,L,0.00,0.53,0.83,1.09,1.32,1.54,1.74,1.94,2.13,2.32,2.50,2.68,2.86,3.04,3.22,3.40,3.58,3.77,3.98
Marte, Ketel,606466,AZ,109,2B,29,R,0.00,0.59,0.91,1.18,1.42,1.64,1.85,2.05,2.25,2.44,2.62,2.81,2.99,3.17,3.34,3.52,3.70,3.87,4.06
Marte, Starling,516782,NYM,121,RF,34,R,0.00,0.55,0.86,1.12,1.36,1.58,1.79,1.99,2.18,2.37,2.55,2.73,2.91,3.09,3.26,3.43,3.61,3.78,3.97
Martinez, J.D.,502110,LAD,119,DH,35,R,0.00,0.55,0.88,1.15,1.40,1.63,1.85,2.06,2.26,2.46,2.65,2.84,3.03,3.22,3.40,3.59,3.77,3.95,4.14
Massey, Michael,686681,KC,118,2B,25,L,0.00,0.54,0.84,1.10,1.34,1.56,1.77,1.97,2.17,2.36,2.55,2.73,2.91,3.09,3.27,3.44,3.62,3.80,3.99
Mastrobuoni, Miles,670156,CHC,112,3B,27,L,0.00,0.54,0.84,1.10,1.33,1.54,1.75,1.95,2.14,2.32,2.51,2.68,2.86,3.03,3.20,3.37,3.54,3.71,3.90
Mateo, Jorge,622761,BAL,110,SS,28,R,0.00,0.56,0.87,1.13,1.36,1.57,1.77,1.96,2.15,2.33,2.50,2.67,2.84,3.00,3.17,3.33,3.49,3.66,3.83
Mathias, Mark,664029,SF,137,2B,28,R,0.00,0.52,0.84,1.11,1.35,1.57,1.79,1.99,2.19,2.38,2.57,2.76,2.94,3.12,3.30,3.48,3.66,3.84,4.03
Maton, Nick,665155,DET,116,3B,26,L,0.00,0.54,0.84,1.10,1.34,1.56,1.77,1.97,2.16,2.35,2.54,2.72,2.91,3.08,3.26,3.44,3.63,3.82,4.02
Matos, Luis,682641,SF,137,CF,21,R,0.00,0.56,0.88,1.14,1.38,1.60,1.81,2.02,2.21,2.40,2.59,2.77,2.95,3.13,3.31,3.49,3.67,3.84,4.03
McCann, James,543510,BAL,110,C,33,R,0.00,0.58,0.92,1.21,1.46,1.69,1.91,2.12,2.33,2.53,2.72,2.91,3.10,3.29,3.47,3.65,3.83,4.02,4.21
McCarthy, Jake,664983,AZ,109,RF,25,L,0.00,0.54,0.83,1.08,1.31,1.52,1.72,1.91,2.09,2.27,2.44,2.61,2.78,2.95,3.11,3.27,3.43,3.60,3.78
McCormick, Chas,676801,HOU,117,CF,28,R,0.00,0.55,0.85,1.11,1.35,1.56,1.77,1.96,2.15,2.34,2.52,2.70,2.87,3.05,3.22,3.39,3.56,3.73,3.91
McCutchen, Andrew,457705,PIT,134,DH,36,R,0.00,0.55,0.87,1.14,1.38,1.60,1.81,2.02,2.21,2.40,2.58,2.76,2.94,3.12,3.29,3.46,3.63,3.81,3.98
McGuire, Reese,624512,BOS,111,C,28,L,0.00,0.56,0.89,1.17,1.42,1.66,1.88,2.09,2.30,2.50,2.70,2.89,3.08,3.27,3.46,3.66,3.85,4.06,4.28
McKenna, Ryan,663630,BAL,110,CF,26,R,0.00,0.53,0.84,1.10,1.33,1.55,1.75,1.95,2.14,2.32,2.50,2.68,2.85,3.02,3.20,3.37,3.53,3.70,3.88
McKinney, Billy,641856,NYY,147,LF,28,L,0.00,0.53,0.83,1.09,1.33,1.55,1.76,1.96,2.16,2.35,2.53,2.71,2.90,3.08,3.26,3.44,3.62,3.81,4.01
McKinstry, Zach,656716,DET,116,3B,28,L,0.00,0.55,0.86,1.11,1.35,1.56,1.77,1.97,2.16,2.34,2.53,2.71,2.88,3.06,3.23,3.40,3.57,3.75,3.94
McLain, Matt,680574,CIN,113,SS,23,R,0.00,0.55,0.86,1.12,1.35,1.56,1.76,1.96,2.15,2.33,2.51,2.68,2.86,3.03,3.20,3.37,3.54,3.70,3.87
McMahon, Ryan,641857,COL,115,3B,28,L,0.00,0.54,0.85,1.11,1.35,1.58,1.80,2.01,2.21,2.41,2.61,2.80,2.99,3.18,3.36,3.56,3.75,3.95,4.18
McNeil, Jeff,643446,NYM,121,2B,31,L,0.00,0.54,0.85,1.11,1.34,1.57,1.77,1.97,2.17,2.36,2.54,2.72,2.90,3.08,3.25,3.42,3.60,3.78,3.98
Mejía, Francisco,642336,TB,139,C,27,L,0.00,0.53,0.84,1.10,1.33,1.55,1.76,1.97,2.16,2.35,2.54,2.73,2.91,3.09,3.28,3.47,3.66,3.87,4.10
Melendez, MJ,669004,KC,118,RF,24,L,0.00,0.56,0.87,1.13,1.37,1.59,1.81,2.01,2.21,2.40,2.58,2.77,2.95,3.13,3.31,3.48,3.66,3.85,4.05
Mendick, Danny,664901,NYM,121,2B,29,R,0.00,0.56,0.89,1.16,1.41,1.64,1.86,2.07,2.27,2.47,2.67,2.86,3.05,3.25,3.43,3.62,3.81,4.00,4.20
Meneses, Joey,608841,WSH,120,DH,31,R,0.00,0.56,0.90,1.18,1.43,1.66,1.89,2.10,2.31,2.51,2.71,2.90,3.10,3.29,3.48,3.68,3.87,4.07,4.28
Merrifield, Whit,593160,TOR,141,2B,34,R,0.00,0.58,0.91,1.18,1.42,1.64,1.85,2.05,2.25,2.43,2.62,2.80,2.97,3.14,3.32,3.49,3.66,3.83,4.01
Meyers, Jake,676694,HOU,117,CF,27,R,0.00,0.54,0.84,1.10,1.33,1.54,1.74,1.94,2.12,2.31,2.49,2.66,2.84,3.01,3.17,3.34,3.51,3.68,3.86
Miller, Brad,543543,TEX,140,DH,33,L,0.00,0.55,0.87,1.15,1.40,1.63,1.85,2.07,2.27,2.47,2.67,2.87,3.06,3.25,3.44,3.63,3.83,4.03,4.24
Miller, Owen,680911,MIL,158,2B,26,R,0.00,0.55,0.87,1.13,1.37,1.59,1.79,1.99,2.18,2.37,2.55,2.73,2.90,3.07,3.24,3.41,3.58,3.74,3.91
Miranda, Jose,669304,MIN,142,3B,25,R,0.00,0.57,0.90,1.18,1.43,1.66,1.87,2.08,2.29,2.48,2.67,2.86,3.05,3.23,3.42,3.60,3.78,3.97,4.16
Mitchell, Garrett,669003,MIL,158,CF,24,L,0.00,0.54,0.83,1.07,1.30,1.50,1.70,1.88,2.07,2.25,2.42,2.59,2.76,2.93,3.09,3.26,3.42,3.59,3.77
Monasterio, Andruw,655316,MIL,158,3B,26,R,0.00,0.55,0.87,1.14,1.37,1.60,1.81,2.01,2.20,2.39,2.58,2.76,2.94,3.12,3.30,3.47,3.65,3.83,4.02
Moncada, Yoán,660162,CWS,145,3B,28,L,0.00,0.55,0.86,1.13,1.37,1.60,1.81,2.01,2.21,2.41,2.60,2.79,2.98,3.17,3.37,3.57,3.79,4.01,4.25
Moniak, Mickey,666160,LAA,108,CF,25,L,0.00,0.55,0.85,1.11,1.34,1.55,1.75,1.95,2.14,2.32,2.50,2.67,2.84,3.01,3.18,3.35,3.52,3.69,3.88
Montero, Elehuris,660707,COL,115,1B,24,R,0.00,0.57,0.90,1.18,1.43,1.66,1.88,2.09,2.29,2.48,2.68,2.86,3.05,3.24,3.42,3.60,3.77,3.95,4.13
Moore, Dylan,664238,SEA,136,LF,30,R,0.00,0.54,0.87,1.14,1.38,1.61,1.82,2.02,2.22,2.42,2.61,2.79,2.98,3.16,3.34,3.52,3.70,3.88,4.06
Morel, Christopher,666624,CHC,112,DH,24,R,0.00,0.55,0.87,1.13,1.37,1.59,1.80,1.99,2.19,2.37,2.55,2.73,2.91,3.08,3.25,3.42,3.59,3.75,3.93
Moreno, Gabriel,672515,AZ,109,C,23,R,0.00,0.56,0.87,1.14,1.38,1.60,1.81,2.01,2.20,2.39,2.57,2.75,2.93,3.11,3.28,3.45,3.63,3.80,3.99
Mountcastle, Ryan,663624,BAL,110,1B,26,R,0.00,0.57,0.90,1.17,1.41,1.63,1.84,2.04,2.24,2.42,2.61,2.79,2.97,3.14,3.32,3.49,3.66,3.83,4.01
Moustakas, Mike,519058,LAA,108,1B,34,L,0.00,0.57,0.90,1.18,1.44,1.68,1.90,2.12,2.33,2.54,2.74,2.94,3.14,3.33,3.53,3.72,3.93,4.14,4.37
Mullins, Cedric,656775,BAL,110,CF,28,L,0.00,0.54,0.83,1.09,1.32,1.53,1.73,1.93,2.12,2.30,2.48,2.66,2.84,3.01,3.19,3.36,3.54,3.73,3.93
Muncy, Max,571970,LAD,119,3B,32,L,0.00,0.54,0.84,1.11,1.34,1.56,1.77,1.97,2.17,2.36,2.54,2.73,2.91,3.09,3.27,3.45,3.64,3.83,4.03
Murphy, Sean,669221,ATL,144,C,28,R,0.00,0.56,0.89,1.15,1.40,1.62,1.84,2.05,2.25,2.44,2.63,2.82,3.01,3.19,3.37,3.55,3.73,3.92,4.10
Murphy, Tom,608596,SEA,136,C,32,R,0.00,0.56,0.88,1.16,1.40,1.63,1.85,2.06,2.26,2.46,2.65,2.84,3.03,3.21,3.40,3.59,3.77,3.97,4.16
Myers, Dane,667472,MIA,146,CF,27,R,0.00,0.56,0.87,1.13,1.36,1.57,1.77,1.97,2.15,2.34,2.51,2.69,2.86,3.03,3.20,3.37,3.54,3.71,3.88
Myers, Wil,571976,CIN,113,RF,32,R,0.00,0.54,0.86,1.13,1.38,1.60,1.81,2.02,2.21,2.41,2.59,2.77,2.95,3.13,3.31,3.48,3.66,3.83,4.02
Naylor, Bo,666310,CLE,114,C,23,L,0.00,0.53,0.83,1.08,1.32,1.54,1.75,1.95,2.14,2.33,2.52,2.70,2.88,3.05,3.23,3.40,3.58,3.75,3.95
Naylor, Josh,647304,CLE,114,1B,26,L,0.00,0.55,0.87,1.14,1.38,1.61,1.83,2.03,2.23,2.43,2.62,2.81,3.00,3.18,3.37,3.56,3.75,3.95,4.16
Neto, Zach,687263,LAA,108,SS,22,R,0.00,0.57,0.89,1.16,1.39,1.62,1.83,2.03,2.23,2.42,2.61,2.79,2.97,3.15,3.33,3.51,3.68,3.86,4.05
Nevin, Tyler,663527,DET,116,3B,26,R,0.00,0.57,0.90,1.18,1.43,1.66,1.88,2.10,2.31,2.51,2.71,2.90,3.10,3.29,3.48,3.67,3.86,4.06,4.27
Newman, Kevin,621028,CIN,113,3B,29,R,0.00,0.56,0.88,1.15,1.39,1.61,1.83,2.03,2.22,2.42,2.60,2.79,2.97,3.15,3.32,3.50,3.67,3.85,4.03
Nido, Tomás,621512,NYM,121,C,29,R,0.00,0.57,0.93,1.22,1.48,1.72,1.95,2.17,2.39,2.60,2.80,3.00,3.20,3.39,3.59,3.78,3.98,4.19,4.40
Nimmo, Brandon,607043,NYM,121,CF,30,L,0.00,0.54,0.84,1.10,1.33,1.54,1.75,1.94,2.13,2.32,2.50,2.68,2.85,3.02,3.19,3.36,3.54,3.72,3.91
Noda, Ryan,676116,OAK,133,1B,27,L,0.00,0.54,0.86,1.12,1.37,1.59,1.81,2.01,2.21,2.40,2.59,2.78,2.96,3.14,3.32,3.50,3.68,3.87,4.08
Nola, Austin,543592,SD,135,C,33,R,0.00,0.57,0.91,1.20,1.46,1.69,1.92,2.13,2.34,2.55,2.75,2.94,3.13,3.32,3.51,3.70,3.89,4.08,4.28
Nootbaar, Lars,663457,STL,138,CF,25,L,0.00,0.54,0.85,1.11,1.34,1.56,1.77,1.97,2.16,2.35,2.54,2.72,2.90,3.07,3.25,3.42,3.60,3.79,3.98
O'Hearn, Ryan,656811,BAL,110,1B,29,L,0.00,0.53,0.83,1.09,1.32,1.53,1.74,1.94,2.12,2.31,2.49,2.67,2.84,3.02,3.19,3.36,3.53,3.71,3.90
O'Hoppe, Logan,681351,LAA,108,C,23,R,0.00,0.55,0.88,1.14,1.38,1.60,1.81,2.01,2.21,2.40,2.59,2.77,2.95,3.13,3.31,3.48,3.66,3.84,4.02
O'Neill, Tyler,641933,STL,138,LF,28,R,0.00,0.55,0.86,1.12,1.35,1.56,1.77,1.96,2.15,2.34,2.52,2.70,2.87,3.04,3.21,3.38,3.54,3.71,3.88
Odor, Rougned,596059,SD,135,2B,29,L,0.00,0.52,0.83,1.09,1.33,1.55,1.77,1.97,2.17,2.36,2.55,2.73,2.91,3.10,3.28,3.46,3.65,3.85,4.05
Ohtani, Shohei,660271,LAA,108,DH,28,L,0.00,0.54,0.84,1.10,1.33,1.54,1.74,1.94,2.13,2.31,2.49,2.67,2.85,3.02,3.19,3.36,3.53,3.71,3.91
Olivares, Edward,658668,KC,118,LF,27,R,0.00,0.55,0.86,1.12,1.35,1.57,1.78,1.97,2.17,2.35,2.53,2.71,2.89,3.06,3.23,3.40,3.58,3.75,3.93
Olson, Matt,621566,ATL,144,1B,29,L,0.00,0.55,0.87,1.15,1.39,1.62,1.84,2.05,2.26,2.46,2.65,2.85,3.03,3.22,3.41,3.59,3.78,3.98,4.19
Ortega, Rafael,542364,NYM,121,CF,32,L,0.00,0.56,0.86,1.13,1.37,1.59,1.80,2.00,2.20,2.39,2.58,2.76,2.94,3.12,3.30,3.48,3.67,3.86,4.07
Outman, James,681546,LAD,119,CF,26,L,0.00,0.53,0.82,1.07,1.29,1.50,1.70,1.89,2.08,2.26,2.44,2.61,2.79,2.96,3.12,3.29,3.46,3.63,3.82
Ozuna, Marcell,542303,ATL,144,DH,32,R,0.00,0.57,0.92,1.21,1.46,1.69,1.92,2.13,2.33,2.53,2.72,2.91,3.10,3.28,3.46,3.64,3.83,4.02,4.21
Palacios, Joshua,641943,PIT,134,RF,27,L,0.00,0.52,0.82,1.07,1.30,1.51,1.72,1.91,2.10,2.29,2.47,2.65,2.82,3.00,3.17,3.35,3.52,3.71,3.90
Paredes, Isaac,670623,TB,139,3B,24,R,0.00,0.57,0.90,1.18,1.43,1.66,1.88,2.09,2.30,2.50,2.69,2.89,3.08,3.26,3.45,3.64,3.83,4.02,4.23
Pasquantino, Vinnie,686469,KC,118,1B,25,L,0.00,0.56,0.88,1.16,1.41,1.64,1.86,2.08,2.28,2.48,2.68,2.87,3.06,3.25,3.44,3.63,3.82,4.01,4.21
Pederson, Joc,592626,SF,137,DH,31,L,0.00,0.55,0.87,1.14,1.39,1.62,1.84,2.05,2.25,2.45,2.64,2.83,3.02,3.20,3.39,3.57,3.76,3.96,4.16
Peguero, Liover,678894,PIT,134,2B,22,R,0.00,0.54,0.85,1.11,1.34,1.55,1.76,1.95,2.14,2.32,2.50,2.67,2.85,3.02,3.18,3.35,3.51,3.68,3.86
Peralta, David,444482,LAD,119,LF,35,L,0.00,0.54,0.85,1.11,1.36,1.58,1.80,2.00,2.20,2.40,2.58,2.77,2.95,3.13,3.31,3.49,3.67,3.86,4.06
Peraza, Oswald,672724,NYY,147,3B,23,R,0.00,0.54,0.87,1.13,1.37,1.59,1.80,2.00,2.19,2.38,2.56,2.74,2.92,3.09,3.26,3.42,3.60,3.77,3.96
Perdomo, Geraldo,672695,AZ,109,SS,23,R,0.00,0.55,0.88,1.14,1.38,1.61,1.82,2.02,2.22,2.41,2.60,2.78,2.96,3.14,3.32,3.50,3.67,3.85,4.04
Perdomo, Geraldo,672695,AZ,109,SS,23,L,0.00,0.54,0.85,1.11,1.35,1.58,1.79,2.00,2.19,2.39,2.57,2.76,2.94,3.13,3.31,3.49,3.68,3.88,4.10
Perez, Salvador,521692,KC,118,C,33,R,0.00,0.57,0.92,1.21,1.47,1.72,1.95,2.17,2.39,2.60,2.81,3.01,3.21,3.41,3.61,3.81,4.01,4.21,4.42
Perkins, Blake,663368,MIL,158,RF,26,L,0.00,0.53,0.81,1.06,1.28,1.49,1.69,1.88,2.06,2.24,2.41,2.58,2.75,2.91,3.07,3.23,3.40,3.57,3.75
Peterson, Jace,607054,AZ,109,3B,33,L,0.00,0.55,0.86,1.12,1.36,1.58,1.79,1.99,2.18,2.37,2.55,2.73,2.91,3.08,3.26,3.44,3.62,3.81,4.02
Peña, Jeremy,665161,HOU,117,SS,25,R,0.00,0.55,0.86,1.11,1.34,1.56,1.76,1.95,2.14,2.32,2.50,2.67,2.84,3.01,3.18,3.34,3.51,3.67,3.84
Pham, Tommy,502054,AZ,109,LF,35,R,0.00,0.55,0.88,1.15,1.39,1.62,1.83,2.03,2.22,2.41,2.60,2.78,2.96,3.13,3.31,3.48,3.66,3.83,4.02
Pillar, Kevin,607680,ATL,144,LF,34,R,0.00,0.57,0.90,1.18,1.42,1.64,1.85,2.06,2.25,2.44,2.62,2.81,2.98,3.16,3.33,3.50,3.67,3.84,4.02
Polanco, Jorge,593871,MIN,142,2B,29,L,0.00,0.56,0.87,1.13,1.36,1.58,1.78,1.98,2.17,2.35,2.53,2.71,2.89,3.06,3.23,3.41,3.58,3.77,4.08
Pollock, AJ,572041,SF,137,LF,35,R,0.00,0.56,0.87,1.14,1.37,1.59,1.80,2.00,2.19,2.37,2.56,2.74,2.91,3.09,3.26,3.43,3.60,3.77,3.95
Pratto, Nick,668472,KC,118,1B,24,L,0.00,0.55,0.86,1.12,1.37,1.59,1.80,2.01,2.21,2.40,2.60,2.78,2.97,3.16,3.34,3.53,3.71,3.90,4.12
Profar, Jurickson,595777,COL,115,LF,30,L,0.00,0.56,0.88,1.15,1.40,1.63,1.85,2.06,2.26,2.46,2.65,2.84,3.03,3.22,3.40,3.58,3.78,3.98,4.21
Profar, Jurickson,595777,COL,115,LF,30,R,0.00,0.55,0.88,1.16,1.41,1.64,1.86,2.07,2.28,2.47,2.67,2.86,3.05,3.24,3.42,3.61,3.80,3.99,4.20
Pérez, Carlos,542208,OAK,133,C,32,R,0.00,0.56,0.90,1.18,1.43,1.67,1.89,2.11,2.32,2.52,2.72,2.92,3.11,3.30,3.50,3.69,3.88,4.08,4.30
Raleigh, Cal,663728,SEA,136,C,26,L,0.00,0.53,0.85,1.12,1.36,1.59,1.81,2.01,2.21,2.41,2.61,2.79,2.98,3.17,3.35,3.53,3.71,3.89,4.09
Raleigh, Cal,663728,SEA,136,C,26,R,0.00,0.56,0.88,1.16,1.41,1.64,1.86,2.07,2.28,2.47,2.67,2.86,3.04,3.23,3.41,3.59,3.77,3.95,4.14
Raley, Luke,670042,TB,139,RF,28,L,0.00,0.53,0.83,1.08,1.31,1.53,1.73,1.93,2.11,2.30,2.47,2.65,2.82,2.99,3.16,3.33,3.50,3.68,3.86
Ramírez, Harold,623912,TB,139,DH,28,R,0.00,0.55,0.87,1.14,1.37,1.60,1.81,2.01,2.20,2.39,2.58,2.76,2.94,3.11,3.29,3.46,3.64,3.81,3.99
Ramírez, José,608070,CLE,114,3B,30,L,0.00,0.55,0.86,1.11,1.35,1.56,1.76,1.96,2.15,2.33,2.51,2.69,2.86,3.03,3.20,3.37,3.54,3.72,3.91
Ramírez, José,608070,CLE,114,3B,30,R,0.00,0.56,0.88,1.14,1.37,1.59,1.80,2.00,2.19,2.37,2.55,2.73,2.91,3.08,3.25,3.42,3.60,3.77,3.96
Realmuto, J.T.,592663,PHI,143,C,32,R,0.00,0.55,0.87,1.13,1.37,1.59,1.80,2.00,2.19,2.38,2.56,2.74,2.91,3.09,3.26,3.43,3.60,3.76,3.94
Refsnyder, Rob,608701,BOS,111,LF,32,R,0.00,0.56,0.88,1.15,1.40,1.62,1.83,2.04,2.24,2.43,2.62,2.81,2.99,3.18,3.36,3.54,3.72,3.90,4.09
Remillard, Zach,621545,CWS,145,2B,29,R,0.00,0.54,0.85,1.11,1.35,1.57,1.77,1.98,2.17,2.36,2.54,2.72,2.90,3.08,3.25,3.43,3.60,3.78,3.97
Rendon, Anthony,543685,LAA,108,3B,33,R,0.00,0.58,0.90,1.18,1.44,1.67,1.88,2.09,2.29,2.49,2.68,2.87,3.06,3.24,3.42,3.60,3.79,3.97,4.16
Renfroe, Hunter,592669,LAA,108,RF,31,R,0.00,0.57,0.90,1.17,1.42,1.65,1.86,2.07,2.27,2.47,2.66,2.84,3.03,3.21,3.40,3.58,3.76,3.95,4.15
Rengifo, Luis,650859,LAA,108,2B,26,L,0.00,0.54,0.84,1.10,1.34,1.55,1.77,1.96,2.16,2.34,2.53,2.71,2.89,3.06,3.24,3.41,3.58,3.77,3.97
Rengifo, Luis,650859,LAA,108,2B,26,R,0.00,0.56,0.88,1.14,1.38,1.61,1.82,2.02,2.21,2.40,2.59,2.77,2.95,3.13,3.30,3.48,3.66,3.84,4.03
Reyes, Franmil,614177,KC,118,DH,27,R,0.00,0.57,0.91,1.19,1.44,1.68,1.90,2.12,2.33,2.53,2.73,2.92,3.11,3.30,3.49,3.68,3.86,4.05,4.24
Reyes, Pablo,622569,BOS,111,SS,29,R,0.00,0.56,0.88,1.15,1.38,1.61,1.82,2.02,2.21,2.40,2.59,2.77,2.95,3.12,3.30,3.48,3.65,3.83,4.03
Reynolds, Bryan,668804,PIT,134,LF,28,L,0.00,0.54,0.84,1.10,1.33,1.55,1.76,1.96,2.15,2.34,2.52,2.70,2.88,3.06,3.24,3.41,3.59,3.77,3.97
Reynolds, Bryan,668804,PIT,134,LF,28,R,0.00,0.55,0.87,1.13,1.37,1.59,1.80,2.00,2.20,2.39,2.57,2.75,2.93,3.11,3.29,3.46,3.64,3.81,4.00
Riley, Austin,663586,ATL,144,3B,26,R,0.00,0.54,0.86,1.13,1.38,1.60,1.82,2.02,2.22,2.41,2.60,2.78,2.96,3.14,3.31,3.49,3.66,3.84,4.01
Rivera, Emmanuel,656896,AZ,109,3B,27,R,0.00,0.57,0.90,1.17,1.42,1.65,1.87,2.07,2.27,2.47,2.65,2.84,3.02,3.21,3.39,3.56,3.74,3.92,4.10
Rizzo, Anthony,519203,NYY,147,1B,33,L,0.00,0.55,0.88,1.16,1.41,1.66,1.88,2.10,2.31,2.51,2.71,2.91,3.11,3.30,3.50,3.69,3.89,4.10,4.31
Robert Jr., Luis,673357,CWS,145,CF,25,R,0.00,0.55,0.86,1.12,1.35,1.56,1.76,1.95,2.14,2.32,2.50,2.67,2.84,3.01,3.18,3.35,3.52,3.68,3.86
Robles, Victor,645302,WSH,120,CF,26,R,0.00,0.57,0.89,1.15,1.38,1.60,1.80,2.00,2.19,2.37,2.55,2.73,2.90,3.07,3.24,3.41,3.58,3.75,3.93
Rocchio, Brayan,677587,CLE,114,SS,22,L,0.00,0.52,0.82,1.08,1.32,1.54,1.75,1.95,2.15,2.34,2.53,2.71,2.89,3.07,3.25,3.43,3.61,3.79,3.98
Rodgers, Brendan,663898,COL,115,2B,26,R,0.00,0.54,0.86,1.14,1.38,1.61,1.83,2.04,2.24,2.44,2.63,2.82,3.01,3.20,3.39,3.58,3.77,3.97,4.18
Rodríguez, Julio,677594,SEA,136,CF,22,R,0.00,0.56,0.87,1.13,1.36,1.57,1.77,1.96,2.15,2.33,2.51,2.68,2.85,3.01,3.18,3.34,3.50,3.67,3.83
Rogers, Jake,668670,DET,116,C,28,R,0.00,0.57,0.90,1.17,1.42,1.65,1.87,2.08,2.28,2.48,2.67,2.86,3.05,3.23,3.41,3.59,3.77,3.95,4.13
Rojas, Johan,679032,PHI,143,CF,22,R,0.00,0.56,0.87,1.13,1.36,1.58,1.78,1.97,2.16,2.34,2.51,2.68,2.85,3.02,3.18,3.35,3.51,3.67,3.84
Rojas, Josh,668942,SEA,136,3B,29,L,0.00,0.54,0.85,1.11,1.35,1.58,1.79,1.99,2.19,2.38,2.57,2.76,2.94,3.12,3.30,3.49,3.67,3.86,4.05
Rojas, Miguel,500743,LAD,119,SS,34,R,0.00,0.56,0.89,1.17,1.41,1.64,1.86,2.07,2.27,2.47,2.67,2.86,3.05,3.23,3.42,3.60,3.79,3.98,4.19
Rooker, Brent,667670,OAK,133,DH,28,R,0.00,0.55,0.87,1.13,1.37,1.60,1.81,2.01,2.21,2.40,2.59,2.78,2.96,3.14,3.32,3.50,3.68,3.86,4.05
Rosario, Amed,642708,LAD,119,SS,27,R,0.00,0.56,0.89,1.15,1.39,1.61,1.81,2.01,2.20,2.38,2.56,2.74,2.91,3.08,3.25,3.42,3.58,3.75,3.93
Rosario, Eddie,592696,ATL,144,LF,31,L,0.00,0.55,0.86,1.12,1.35,1.57,1.77,1.97,2.16,2.35,2.53,2.71,2.89,3.06,3.24,3.41,3.59,3.77,3.96
Ruiz, Esteury,665923,OAK,133,CF,24,R,0.00,0.54,0.84,1.09,1.32,1.53,1.73,1.93,2.11,2.29,2.47,2.64,2.81,2.97,3.14,3.30,3.46,3.63,3.80
Ruiz, Keibert,660688,WSH,120,C,24,L,0.00,0.55,0.87,1.14,1.39,1.62,1.84,2.05,2.26,2.46,2.66,2.85,3.05,3.24,3.43,3.63,3.83,4.04,4.26
Ruiz, Keibert,660688,WSH,120,C,24,R,0.00,0.58,0.92,1.21,1.46,1.70,1.93,2.15,2.36,2.56,2.76,2.96,3.16,3.36,3.55,3.75,3.95,4.16,4.37
Rutschman, Adley,668939,BAL,110,C,25,L,0.00,0.56,0.87,1.14,1.38,1.61,1.82,2.03,2.23,2.42,2.61,2.80,2.99,3.17,3.35,3.53,3.72,3.91,4.12
Rutschman, Adley,668939,BAL,110,C,25,R,0.00,0.57,0.90,1.18,1.43,1.66,1.88,2.08,2.29,2.48,2.68,2.87,3.06,3.24,3.43,3.62,3.80,3.99,4.19
Sabol, Blake,666165,SF,137,C,25,L,0.00,0.54,0.84,1.09,1.33,1.55,1.76,1.96,2.15,2.35,2.53,2.72,2.90,3.08,3.26,3.43,3.61,3.80,3.99
Santana, Carlos,467793,MIL,158,1B,37,R,0.00,0.57,0.90,1.17,1.42,1.65,1.86,2.07,2.27,2.47,2.66,2.85,3.04,3.23,3.41,3.59,3.78,3.96,4.15
Santana, Carlos,467793,MIL,158,1B,37,L,0.00,0.54,0.84,1.11,1.35,1.58,1.79,2.00,2.20,2.40,2.59,2.78,2.97,3.16,3.35,3.54,3.74,3.94,4.16
Santander, Anthony,623993,BAL,110,RF,28,R,0.00,0.58,0.90,1.18,1.42,1.65,1.86,2.07,2.27,2.46,2.65,2.83,3.01,3.19,3.37,3.55,3.72,3.90,4.09
Santander, Anthony,623993,BAL,110,RF,28,L,0.00,0.56,0.88,1.15,1.39,1.62,1.83,2.04,2.24,2.43,2.63,2.81,3.00,3.19,3.37,3.56,3.76,3.96,4.18
Schmitt, Casey,669477,SF,137,SS,24,R,0.00,0.55,0.87,1.13,1.37,1.59,1.81,2.01,2.20,2.39,2.58,2.76,2.94,3.12,3.30,3.47,3.64,3.82,4.00
Schoop, Jonathan,570731,DET,116,3B,31,R,0.00,0.57,0.89,1.17,1.42,1.65,1.87,2.07,2.28,2.47,2.67,2.86,3.04,3.23,3.41,3.59,3.77,3.96,4.15
Schwarber, Kyle,656941,PHI,143,LF,30,L,0.00,0.55,0.86,1.14,1.38,1.61,1.84,2.05,2.25,2.45,2.65,2.84,3.03,3.22,3.42,3.61,3.81,4.02,4.24
Seager, Corey,608369,TEX,140,SS,29,L,0.00,0.53,0.84,1.11,1.35,1.58,1.79,2.00,2.20,2.40,2.59,2.78,2.97,3.15,3.34,3.53,3.71,3.91,4.12
Segura, Jean,516416,MIA,146,3B,33,R,0.00,0.57,0.89,1.16,1.40,1.62,1.83,2.04,2.23,2.42,2.60,2.78,2.96,3.14,3.32,3.49,3.66,3.84,4.02
Semien, Marcus,543760,TEX,140,2B,32,R,0.00,0.55,0.86,1.12,1.35,1.57,1.77,1.97,2.16,2.35,2.53,2.70,2.88,3.05,3.22,3.39,3.56,3.73,3.91
Senzel, Nick,669222,CIN,113,3B,28,R,0.00,0.56,0.87,1.14,1.38,1.60,1.81,2.02,2.21,2.40,2.58,2.77,2.94,3.12,3.30,3.47,3.64,3.82,4.00
Sheets, Gavin,657757,CWS,145,RF,27,L,0.00,0.55,0.87,1.14,1.39,1.62,1.84,2.05,2.25,2.45,2.65,2.84,3.03,3.21,3.40,3.58,3.76,3.95,4.15
Short, Zack,670097,DET,116,2B,28,R,0.00,0.56,0.89,1.16,1.40,1.62,1.83,2.04,2.23,2.42,2.61,2.79,2.97,3.15,3.33,3.50,3.67,3.85,4.03
Singleton, Jon,572138,HOU,117,1B,31,L,0.00,0.56,0.89,1.16,1.41,1.64,1.86,2.07,2.28,2.47,2.67,2.86,3.04,3.23,3.41,3.60,3.78,3.98,4.18
Siri, Jose,642350,TB,139,CF,27,R,0.00,0.56,0.87,1.13,1.36,1.58,1.78,1.97,2.16,2.34,2.51,2.68,2.85,3.01,3.17,3.34,3.49,3.65,3.82
Slater, Austin,596103,SF,137,LF,30,R,0.00,0.56,0.88,1.14,1.38,1.60,1.81,2.01,2.20,2.39,2.58,2.76,2.94,3.12,3.29,3.47,3.65,3.83,4.01
Smith, Dominic,642086,WSH,120,1B,28,L,0.00,0.55,0.88,1.15,1.41,1.64,1.87,2.08,2.29,2.49,2.69,2.88,3.08,3.26,3.46,3.65,3.84,4.03,4.24
Smith, Josh H.,669701,TEX,140,SS,25,L,0.00,0.54,0.83,1.09,1.32,1.53,1.73,1.93,2.11,2.30,2.47,2.65,2.82,2.99,3.16,3.33,3.50,3.67,3.85
Smith, Kevin,675656,OAK,133,SS,26,R,0.00,0.59,0.91,1.18,1.42,1.64,1.86,2.06,2.26,2.45,2.64,2.83,3.01,3.19,3.37,3.55,3.73,3.91,4.10
Smith, Pavin,656976,AZ,109,DH,27,L,0.00,0.54,0.85,1.12,1.36,1.59,1.81,2.01,2.21,2.41,2.60,2.79,2.98,3.16,3.35,3.54,3.73,3.94,4.16
Smith, Will,669257,LAD,119,C,28,R,0.00,0.57,0.89,1.16,1.40,1.62,1.84,2.04,2.23,2.42,2.61,2.79,2.98,3.16,3.34,3.52,3.69,3.87,4.06
Soderstrom, Tyler,691016,OAK,133,C,21,L,0.00,0.54,0.85,1.12,1.36,1.58,1.80,2.00,2.20,2.40,2.59,2.78,2.97,3.15,3.34,3.52,3.71,3.89,4.09
Solano, Donovan,456781,MIN,142,1B,35,R,0.00,0.57,0.91,1.19,1.44,1.67,1.90,2.11,2.32,2.52,2.72,2.91,3.11,3.30,3.49,3.68,3.88,4.09,4.30
Soler, Jorge,624585,MIA,146,DH,31,R,0.00,0.57,0.91,1.19,1.44,1.68,1.90,2.11,2.31,2.51,2.70,2.89,3.08,3.26,3.45,3.63,3.81,4.01,4.21
Sosa, Edmundo,624641,PHI,143,3B,27,R,0.00,0.55,0.86,1.12,1.35,1.56,1.77,1.96,2.14,2.33,2.50,2.68,2.84,3.01,3.18,3.34,3.51,3.68,3.85
Sosa, Lenyn,672820,CWS,145,2B,23,R,0.00,0.56,0.89,1.16,1.40,1.63,1.84,2.04,2.24,2.43,2.62,2.80,2.99,3.17,3.34,3.52,3.70,3.88,4.07
Soto, Juan,665742,SD,135,LF,24,L,0.00,0.55,0.86,1.12,1.36,1.58,1.79,2.00,2.20,2.39,2.57,2.76,2.94,3.12,3.30,3.48,3.66,3.84,4.04
Springer, George,543807,TOR,141,RF,33,R,0.00,0.55,0.87,1.13,1.37,1.59,1.79,1.99,2.19,2.37,2.56,2.73,2.91,3.08,3.26,3.43,3.60,3.77,3.95
Stallings, Jacob,607732,MIA,146,C,33,R,0.00,0.57,0.93,1.23,1.50,1.75,2.00,2.23,2.45,2.67,2.89,3.10,3.30,3.51,3.72,3.92,4.12,4.33,4.55
Stanton, Giancarlo,519317,NYY,147,DH,33,R,0.00,0.55,0.87,1.14,1.39,1.62,1.84,2.06,2.26,2.47,2.67,2.88,3.08,3.28,3.48,3.68,3.89,4.10,4.34
Steer, Spencer,668715,CIN,113,1B,25,R,0.00,0.55,0.87,1.14,1.39,1.61,1.82,2.03,2.22,2.41,2.60,2.78,2.96,3.14,3.32,3.49,3.66,3.83,4.01
Stephenson, Tyler,663886,CIN,113,C,26,R,0.00,0.57,0.90,1.18,1.43,1.66,1.88,2.08,2.29,2.48,2.68,2.87,3.05,3.24,3.42,3.61,3.79,3.98,4.17
Stewart, DJ,621466,NYM,121,RF,29,L,0.00,0.52,0.83,1.09,1.33,1.55,1.77,1.97,2.17,2.36,2.55,2.74,2.93,3.11,3.30,3.48,3.66,3.85,4.04
Story, Trevor,596115,BOS,111,SS,30,R,0.00,0.56,0.87,1.13,1.36,1.57,1.78,1.97,2.16,2.34,2.52,2.70,2.87,3.04,3.21,3.37,3.54,3.71,3.89
Stott, Bryson,681082,PHI,143,2B,25,L,0.00,0.54,0.85,1.11,1.34,1.56,1.76,1.96,2.15,2.33,2.51,2.69,2.86,3.03,3.20,3.37,3.54,3.71,3.90
Straw, Myles,664702,CLE,114,CF,28,R,0.00,0.55,0.86,1.12,1.35,1.56,1.76,1.96,2.15,2.33,2.51,2.68,2.85,3.02,3.19,3.35,3.52,3.68,3.85
Stubbs, Garrett,596117,PHI,143,C,30,L,0.00,0.51,0.81,1.06,1.29,1.50,1.70,1.90,2.09,2.27,2.45,2.64,2.81,2.99,3.16,3.34,3.51,3.68,3.87
Suwinski, Jack,669261,PIT,134,CF,24,L,0.00,0.52,0.81,1.07,1.30,1.51,1.71,1.91,2.10,2.28,2.46,2.64,2.81,2.98,3.15,3.32,3.49,3.67,3.84
Suzuki, Seiya,673548,CHC,112,RF,28,R,0.00,0.56,0.87,1.13,1.37,1.58,1.79,1.99,2.18,2.37,2.55,2.73,2.90,3.07,3.24,3.41,3.58,3.75,3.93
Suárez, Eugenio,553993,SEA,136,3B,31,R,0.00,0.56,0.89,1.16,1.41,1.64,1.85,2.06,2.27,2.46,2.65,2.84,3.03,3.22,3.40,3.58,3.77,3.96,4.15
Swanson, Dansby,621020,CHC,112,SS,29,R,0.00,0.55,0.87,1.13,1.37,1.59,1.79,1.99,2.18,2.37,2.55,2.73,2.90,3.07,3.24,3.42,3.58,3.76,3.93
Sánchez, Gary,596142,SD,135,C,30,R,0.00,0.58,0.93,1.22,1.48,1.73,1.96,2.18,2.39,2.60,2.80,3.00,3.20,3.40,3.60,3.79,3.99,4.19,4.39
Sánchez, Jesús,660821,MIA,146,RF,25,L,0.00,0.55,0.85,1.11,1.34,1.56,1.77,1.97,2.16,2.35,2.53,2.72,2.89,3.07,3.24,3.42,3.60,3.78,3.96
Tapia, Raimel,606132,MIL,158,RF,29,L,0.00,0.54,0.83,1.08,1.30,1.52,1.72,1.91,2.10,2.28,2.46,2.63,2.80,2.97,3.14,3.31,3.48,3.66,3.86
Tatis Jr., Fernando,665487,SD,135,RF,24,R,0.00,0.56,0.87,1.13,1.36,1.58,1.79,1.98,2.17,2.36,2.53,2.71,2.88,3.05,3.22,3.39,3.56,3.72,3.90
Tauchman, Mike,643565,CHC,112,CF,32,L,0.00,0.53,0.83,1.08,1.32,1.53,1.74,1.94,2.13,2.32,2.50,2.69,2.86,3.04,3.22,3.39,3.57,3.75,3.94
Taveras, Leody,665750,TEX,140,CF,24,R,0.00,0.57,0.89,1.14,1.38,1.59,1.79,1.98,2.17,2.35,2.52,2.70,2.87,3.03,3.20,3.36,3.52,3.69,3.86
Taveras, Leody,665750,TEX,140,CF,24,L,0.00,0.54,0.83,1.08,1.31,1.52,1.72,1.91,2.09,2.27,2.45,2.62,2.79,2.96,3.13,3.29,3.46,3.63,3.81
Taylor, Chris,621035,LAD,119,LF,32,R,0.00,0.57,0.90,1.16,1.40,1.63,1.84,2.04,2.23,2.42,2.61,2.79,2.97,3.15,3.32,3.49,3.67,3.84,4.02
Taylor, Michael A.,572191,MIN,142,CF,32,R,0.00,0.53,0.84,1.10,1.33,1.54,1.74,1.94,2.13,2.31,2.49,2.66,2.83,3.01,3.18,3.34,3.51,3.68,3.85
Taylor, Samad,669392,KC,118,LF,24,R,0.00,0.58,0.89,1.15,1.38,1.60,1.80,2.00,2.18,2.36,2.54,2.72,2.89,3.06,3.23,3.40,3.57,3.74,3.91
Taylor, Tyrone,621438,MIL,158,RF,29,R,0.00,0.57,0.88,1.15,1.38,1.60,1.81,2.00,2.19,2.38,2.56,2.74,2.92,3.09,3.26,3.43,3.60,3.77,3.95
Tellez, Rowdy,642133,MIL,158,1B,28,L,0.00,0.57,0.91,1.19,1.45,1.69,1.92,2.14,2.35,2.56,2.77,2.97,3.17,3.37,3.56,3.76,3.96,4.17,4.39
Thaiss, Matt,642136,LAA,108,C,28,L,0.00,0.55,0.88,1.15,1.41,1.64,1.87,2.09,2.30,2.50,2.71,2.91,3.11,3.30,3.50,3.70,3.92,4.15,4.40
Thomas, Alek,677950,AZ,109,CF,23,L,0.00,0.53,0.83,1.08,1.31,1.53,1.73,1.93,2.12,2.30,2.48,2.66,2.83,3.00,3.18,3.34,3.51,3.69,3.88
Thomas, Lane,657041,WSH,120,RF,27,R,0.00,0.56,0.87,1.13,1.37,1.58,1.79,1.98,2.18,2.36,2.54,2.71,2.88,3.06,3.22,3.39,3.56,3.72,3.89
Thompson, Bubba,669352,TEX,140,LF,25,R,0.00,0.55,0.86,1.11,1.34,1.54,1.74,1.93,2.11,2.29,2.46,2.63,2.79,2.95,3.12,3.27,3.43,3.60,3.78
Thompson, Trayce,572204,CWS,145,CF,32,R,0.00,0.55,0.88,1.15,1.40,1.62,1.84,2.04,2.25,2.44,2.62,2.81,3.00,3.18,3.36,3.54,3.72,3.90,4.10
Toglia, Michael,669911,COL,115,1B,24,L,0.00,0.54,0.84,1.09,1.33,1.55,1.76,1.96,2.15,2.34,2.52,2.70,2.88,3.06,3.23,3.40,3.57,3.75,3.94
Torkelson, Spencer,679529,DET,116,1B,23,R,0.00,0.56,0.88,1.15,1.39,1.62,1.83,2.03,2.23,2.42,2.61,2.80,2.98,3.16,3.34,3.51,3.69,3.87,4.05
Torres, Gleyber,650402,NYY,147,2B,26,R,0.00,0.57,0.90,1.17,1.42,1.65,1.87,2.07,2.28,2.47,2.66,2.85,3.03,3.22,3.40,3.59,3.77,3.96,4.15
Tovar, Ezequiel,678662,COL,115,SS,21,R,0.00,0.55,0.87,1.13,1.37,1.59,1.80,2.00,2.19,2.38,2.56,2.75,2.92,3.10,3.28,3.45,3.63,3.80,3.99
Trejo, Alan,676701,COL,115,2B,27,R,0.00,0.57,0.90,1.19,1.44,1.67,1.89,2.10,2.31,2.51,2.70,2.90,3.08,3.27,3.46,3.64,3.83,4.02,4.22
Trevino, Jose,624431,NYY,147,C,30,R,0.00,0.56,0.90,1.17,1.43,1.66,1.89,2.11,2.32,2.53,2.73,2.94,3.14,3.34,3.54,3.75,3.95,4.16,4.39
Triolo, Jared,669707,PIT,134,3B,25,R,0.00,0.56,0.87,1.13,1.37,1.59,1.80,2.00,2.19,2.38,2.56,2.74,2.92,3.09,3.26,3.43,3.60,3.77,3.95
Trout, Mike,545361,LAA,108,CF,31,R,0.00,0.54,0.84,1.09,1.32,1.53,1.73,1.92,2.10,2.28,2.46,2.63,2.80,2.96,3.13,3.29,3.46,3.63,3.80
Tucker, Kyle,663656,HOU,117,RF,26,L,0.00,0.54,0.84,1.10,1.34,1.56,1.77,1.97,2.16,2.35,2.54,2.72,2.90,3.08,3.26,3.44,3.63,3.82,4.03
Turang, Brice,668930,MIL,158,2B,23,L,0.00,0.53,0.82,1.07,1.29,1.50,1.70,1.89,2.07,2.25,2.43,2.60,2.77,2.94,3.10,3.27,3.43,3.61,3.78
Turner, Justin,457759,BOS,111,DH,38,R,0.00,0.57,0.91,1.20,1.45,1.69,1.92,2.13,2.35,2.55,2.75,2.95,3.15,3.34,3.54,3.73,3.92,4.12,4.33
Turner, Trea,607208,PHI,143,SS,30,R,0.00,0.56,0.88,1.13,1.36,1.58,1.78,1.96,2.15,2.32,2.49,2.66,2.83,2.99,3.15,3.31,3.47,3.63,3.79
Urshela, Gio,570482,LAA,108,3B,31,R,0.00,0.57,0.90,1.17,1.42,1.64,1.86,2.07,2.27,2.46,2.66,2.84,3.03,3.22,3.40,3.58,3.76,3.95,4.15
Urías, Luis,649966,BOS,111,2B,26,R,0.00,0.55,0.88,1.15,1.39,1.62,1.84,2.05,2.25,2.45,2.65,2.84,3.03,3.22,3.41,3.60,3.79,3.99,4.20
Urías, Ramón,602104,BAL,110,3B,29,R,0.00,0.56,0.89,1.17,1.41,1.64,1.86,2.07,2.27,2.47,2.67,2.86,3.05,3.23,3.41,3.60,3.78,3.97,4.16
Valdez, Enmanuel,665839,BOS,111,2B,24,L,0.00,0.54,0.86,1.13,1.37,1.60,1.82,2.03,2.22,2.42,2.61,2.80,2.99,3.17,3.36,3.55,3.75,3.97,4.20
Vargas, Ildemaro,545121,WSH,120,3B,31,R,0.00,0.56,0.88,1.15,1.40,1.62,1.84,2.04,2.24,2.43,2.62,2.81,2.99,3.17,3.35,3.53,3.71,3.88,4.07
Vargas, Ildemaro,545121,WSH,120,3B,31,L,0.00,0.53,0.84,1.10,1.34,1.56,1.77,1.98,2.17,2.36,2.55,2.74,2.92,3.11,3.29,3.47,3.65,3.85,4.06
Vargas, Miguel,678246,LAD,119,2B,23,R,0.00,0.56,0.89,1.16,1.40,1.62,1.83,2.03,2.23,2.42,2.60,2.78,2.96,3.14,3.31,3.48,3.65,3.82,4.01
Varsho, Daulton,662139,TOR,141,LF,26,L,0.00,0.54,0.84,1.09,1.32,1.54,1.74,1.94,2.13,2.31,2.49,2.67,2.85,3.02,3.19,3.36,3.54,3.72,3.91
Vaughn, Andrew,683734,CWS,145,1B,25,R,0.00,0.57,0.90,1.19,1.44,1.68,1.90,2.12,2.33,2.54,2.74,2.93,3.13,3.32,3.52,3.71,3.90,4.10,4.31
Vavra, Terrin,679631,BAL,110,RF,26,L,0.00,0.53,0.83,1.08,1.31,1.53,1.74,1.94,2.13,2.32,2.50,2.68,2.86,3.04,3.21,3.39,3.56,3.74,3.92
Velázquez, Nelson,676369,KC,118,RF,24,R,0.00,0.55,0.87,1.13,1.36,1.58,1.79,1.99,2.18,2.37,2.56,2.74,2.92,3.10,3.28,3.46,3.63,3.81,4.00
Verdugo, Alex,657077,BOS,111,RF,27,L,0.00,0.54,0.84,1.11,1.34,1.56,1.77,1.97,2.17,2.36,2.54,2.73,2.91,3.09,3.26,3.44,3.61,3.80,3.99
Vientos, Mark,668901,NYM,121,DH,23,R,0.00,0.58,0.92,1.20,1.45,1.68,1.91,2.12,2.33,2.52,2.72,2.92,3.10,3.29,3.48,3.67,3.85,4.04,4.24
Vierling, Matt,663837,DET,116,RF,26,R,0.00,0.57,0.89,1.16,1.39,1.61,1.82,2.01,2.20,2.39,2.57,2.74,2.92,3.09,3.26,3.42,3.59,3.76,3.94
Villar, David,681584,SF,137,2B,26,R,0.00,0.57,0.91,1.20,1.45,1.69,1.91,2.13,2.34,2.54,2.74,2.93,3.13,3.32,3.51,3.70,3.89,4.09,4.29
Vogelbach, Daniel,596129,NYM,121,DH,30,L,0.00,0.56,0.89,1.18,1.44,1.68,1.91,2.13,2.35,2.56,2.77,2.97,3.17,3.37,3.57,3.77,3.98,4.19,4.41
Volpe, Anthony,683011,NYY,147,SS,22,R,0.00,0.55,0.86,1.12,1.35,1.57,1.77,1.97,2.16,2.35,2.53,2.71,2.89,3.07,3.24,3.41,3.58,3.76,3.94
Votto, Joey,458015,CIN,113,1B,39,L,0.00,0.56,0.87,1.15,1.40,1.63,1.85,2.07,2.27,2.47,2.67,2.87,3.06,3.25,3.44,3.63,3.83,4.04,4.26
Vázquez, Christian,543877,MIN,142,C,32,R,0.00,0.57,0.91,1.19,1.45,1.69,1.92,2.13,2.34,2.55,2.75,2.95,3.14,3.34,3.53,3.73,3.92,4.13,4.34
Wade Jr., LaMonte,664774,SF,137,1B,29,L,0.00,0.54,0.85,1.12,1.36,1.58,1.80,2.00,2.20,2.40,2.59,2.77,2.96,3.14,3.32,3.50,3.69,3.88,4.08
Wade, Tyler,642180,OAK,133,SS,28,L,0.00,0.54,0.84,1.09,1.32,1.53,1.73,1.92,2.11,2.29,2.47,2.64,2.81,2.99,3.16,3.33,3.50,3.68,3.86
Walker, Christian,572233,AZ,109,1B,32,R,0.00,0.56,0.89,1.17,1.41,1.65,1.87,2.08,2.28,2.48,2.67,2.86,3.05,3.23,3.42,3.60,3.79,3.97,4.17
Walker, Jordan,691023,STL,138,RF,21,R,0.00,0.53,0.84,1.09,1.33,1.54,1.74,1.94,2.13,2.31,2.49,2.67,2.85,3.02,3.19,3.36,3.52,3.69,3.87
Wallach, Chad,595453,LAA,108,C,31,R,0.00,0.56,0.91,1.20,1.47,1.72,1.96,2.18,2.40,2.62,2.83,3.04,3.24,3.45,3.65,3.85,4.05,4.26,4.48
Wallner, Matt,670242,MIN,142,LF,25,L,0.00,0.52,0.82,1.08,1.31,1.53,1.73,1.93,2.13,2.31,2.49,2.67,2.84,3.02,3.19,3.37,3.54,3.72,3.91
Walls, Taylor,670764,TB,139,2B,26,L,0.00,0.53,0.83,1.08,1.31,1.52,1.73,1.92,2.11,2.30,2.48,2.66,2.83,3.01,3.18,3.35,3.52,3.69,3.87
Ward, Taylor,621493,LAA,108,LF,29,R,0.00,0.56,0.88,1.14,1.37,1.59,1.80,1.99,2.19,2.37,2.55,2.73,2.91,3.08,3.25,3.42,3.59,3.76,3.94
Waters, Drew,671221,KC,118,CF,24,L,0.00,0.52,0.82,1.07,1.29,1.51,1.71,1.91,2.10,2.28,2.46,2.63,2.81,2.98,3.15,3.32,3.49,3.67,3.87
Waters, Drew,671221,KC,118,CF,24,R,0.00,0.57,0.89,1.15,1.38,1.60,1.81,2.00,2.20,2.38,2.56,2.74,2.92,3.09,3.26,3.43,3.60,3.78,3.95
Wendle, Joey,621563,MIA,146,SS,33,L,0.00,0.54,0.84,1.10,1.33,1.55,1.76,1.96,2.15,2.34,2.52,2.70,2.88,3.06,3.24,3.41,3.59,3.77,3.96
Westburg, Jordan,676059,BAL,110,2B,24,R,0.00,0.55,0.85,1.11,1.34,1.55,1.75,1.95,2.13,2.32,2.50,2.67,2.85,3.02,3.19,3.36,3.52,3.70,3.87
Wiemer, Joey,686894,MIL,158,CF,24,R,0.00,0.55,0.87,1.13,1.37,1.58,1.79,1.99,2.18,2.37,2.54,2.72,2.90,3.07,3.24,3.41,3.58,3.75,3.93
Williams, Alika,675961,PIT,134,SS,24,R,0.00,0.56,0.88,1.14,1.38,1.60,1.81,2.01,2.21,2.40,2.59,2.77,2.95,3.13,3.31,3.48,3.66,3.83,4.01
Wisdom, Patrick,621550,CHC,112,3B,31,R,0.00,0.56,0.88,1.14,1.38,1.61,1.82,2.02,2.22,2.40,2.59,2.77,2.95,3.13,3.30,3.48,3.65,3.83,4.01
Wisely, Brett,689172,SF,137,2B,24,L,0.00,0.54,0.84,1.10,1.33,1.55,1.75,1.95,2.15,2.33,2.52,2.70,2.87,3.05,3.22,3.39,3.57,3.75,3.93
Witt Jr., Bobby,677951,KC,118,SS,23,R,0.00,0.55,0.86,1.11,1.34,1.55,1.75,1.94,2.12,2.30,2.47,2.64,2.81,2.97,3.14,3.30,3.46,3.62,3.79
Wong, Connor,657136,BOS,111,C,27,R,0.00,0.56,0.87,1.13,1.36,1.58,1.79,1.99,2.18,2.37,2.55,2.73,2.91,3.09,3.26,3.43,3.60,3.78,3.96
Wong, Kolten,543939,SEA,136,2B,32,L,0.00,0.53,0.83,1.09,1.32,1.54,1.75,1.95,2.14,2.34,2.52,2.70,2.89,3.06,3.24,3.42,3.61,3.80,4.00
Wynns, Austin,642851,COL,115,C,32,R,0.00,0.57,0.92,1.21,1.48,1.73,1.96,2.19,2.41,2.62,2.83,3.03,3.24,3.44,3.64,3.84,4.04,4.26,4.48
Yastrzemski, Mike,573262,SF,137,CF,32,L,0.00,0.55,0.85,1.10,1.34,1.55,1.76,1.96,2.16,2.35,2.53,2.72,2.90,3.08,3.26,3.43,3.60,3.78,4.03
Yelich, Christian,592885,MIL,158,LF,31,L,0.00,0.53,0.83,1.08,1.31,1.53,1.74,1.93,2.12,2.30,2.48,2.66,2.83,3.01,3.18,3.35,3.52,3.70,3.88
Yoshida, Masataka,807799,BOS,111,LF,29,L,0.00,0.55,0.87,1.14,1.38,1.61,1.82,2.03,2.23,2.43,2.62,2.81,3.00,3.18,3.37,3.55,3.74,3.93,4.13
Zavala, Seby,664874,CWS,145,C,29,R,0.00,0.56,0.90,1.18,1.43,1.66,1.88,2.10,2.30,2.50,2.70,2.89,3.08,3.27,3.46,3.64,3.83,4.01,4.21
Zunino, Mike,572287,CLE,114,C,32,R,0.00,0.57,0.91,1.19,1.44,1.67,1.89,2.11,2.32,2.52,2.72,2.91,3.10,3.29,3.48,3.67,3.86,4.04,4.24
d'Arnaud, Travis,518595,ATL,144,C,34,R,0.00,0.58,0.91,1.19,1.45,1.68,1.90,2.11,2.32,2.52,2.71,2.91,3.09,3.28,3.47,3.65,3.84,4.03,4.23